status,sku,artikelbezeichnung,category,month,label,forecasted,forecasted_date,recorded_fetch_date,source_file
Available,010102,ahead Low Sugar Chocolate Bar - Coconut Almond 35g,Chocolate Bars,b2b fc may26,b2b fc,33363,2026-05-01,2026-04-01,"Copy of Retail Forecast Model 12mr - 2026 - April 8, 12_29 PM - Productlevel FC.csv"
Available,010103,ahead Low Sugar Chocolate Bar - Salted Peanut Caramel 35g,Chocolate Bars,b2b fc may26,b2b fc,187651,2026-05-01,2026-04-01,"Copy of Retail Forecast Model 12mr - 2026 - April 8, 12_29 PM - Productlevel FC.csv"
Available,010104,ahead Low Sugar Chocolate Bar - Hazelnut Cacao 35g,Chocolate Bars,b2b fc may26,b2b fc,102375,2026-05-01,2026-04-01,"Copy of Retail Forecast Model 12mr - 2026 - April 8, 12_29 PM - Productlevel FC.csv"
Available,010105,ahead Low Sugar Chocolate Bar - Crunchy Nougat 35g,Chocolate Bars,b2b fc may26,b2b fc,22626,2026-05-01,2026-04-01,"Copy of Retail Forecast Model 12mr - 2026 - April 8, 12_29 PM - Productlevel FC.csv"
Available,010124,ahead Low Sugar Chocolate Bar - Mix Box 2.0  4x3,Chocolate Bars,b2b fc may26,b2b fc,0,2026-05-01,2026-04-01,"Copy of Retail Forecast Model 12mr - 2026 - April 8, 12_29 PM - Productlevel FC.csv"
Available,010125,ahead Low Sugar Chocolate Bar - Mix Box 3.0 4x3,Chocolate Bars,b2b fc may26,b2b fc,0,2026-05-01,2026-04-01,"Copy of Retail Forecast Model 12mr - 2026 - April 8, 12_29 PM - Productlevel FC.csv"
Available,010201,"Ahead Low Sugar Nut Bar - Coconut Almond, 35g",Nut Bars,b2b fc may26,b2b fc,22739,2026-05-01,2026-04-01,"Copy of Retail Forecast Model 12mr - 2026 - April 8, 12_29 PM - Productlevel FC.csv"
Available,010202,"Ahead Low Sugar Nut Bar - Cashew Pretzel, 35g",Nut Bars,b2b fc may26,b2b fc,75030,2026-05-01,2026-04-01,"Copy of Retail Forecast Model 12mr - 2026 - April 8, 12_29 PM - Productlevel FC.csv"
Available,010203,"Ahead Low Sugar Nut Bar - Dark & Salty, 35g",Nut Bars,b2b fc may26,b2b fc,33924,2026-05-01,2026-04-01,"Copy of Retail Forecast Model 12mr - 2026 - April 8, 12_29 PM - Productlevel FC.csv"
Available,010220,ahead Low Sugar Nut Bar - Mix Box 3x4,Nut Bars,b2b fc may26,b2b fc,0,2026-05-01,2026-04-01,"Copy of Retail Forecast Model 12mr - 2026 - April 8, 12_29 PM - Productlevel FC.csv"
Available,010301,"ahead Protein Bar - COOKIES & CREAM, 45g",Protein Bars,b2b fc may26,b2b fc,91852,2026-05-01,2026-04-01,"Copy of Retail Forecast Model 12mr - 2026 - April 8, 12_29 PM - Productlevel FC.csv"
Available,010302,"ahead Protein Bar - PEANUT CARAMEL, 45g",Protein Bars,b2b fc may26,b2b fc,65337,2026-05-01,2026-04-01,"Copy of Retail Forecast Model 12mr - 2026 - April 8, 12_29 PM - Productlevel FC.csv"
Available,010303,"ahead Protein Bar - HAZELNUT NOUGAT, 45g",Protein Bars,b2b fc may26,b2b fc,50994,2026-05-01,2026-04-01,"Copy of Retail Forecast Model 12mr - 2026 - April 8, 12_29 PM - Productlevel FC.csv"
Available,010304,"ahead Protein Bar - COCONUT ALMOND, 45g",Protein Bars,b2b fc may26,b2b fc,80062,2026-05-01,2026-04-01,"Copy of Retail Forecast Model 12mr - 2026 - April 8, 12_29 PM - Productlevel FC.csv"
Available,010305,"ahead Protein Bar - FUDGE CHOCOLATE BROWNIE, 45g",Protein Bars,b2b fc may26,b2b fc,94743,2026-05-01,2026-04-01,"Copy of Retail Forecast Model 12mr - 2026 - April 8, 12_29 PM - Productlevel FC.csv"
Ordered,010306,"ahead Protein Bar - DARK CHOCOLATE RASPBERRY, 45g",Protein Bars,b2b fc may26,b2b fc,16036,2026-05-01,2026-04-01,"Copy of Retail Forecast Model 12mr - 2026 - April 8, 12_29 PM - Productlevel FC.csv"
Available,010307,"ahead Protein Bar - LEMON CHEESECAKE , 45g",Protein Bars,b2b fc may26,b2b fc,93565,2026-05-01,2026-04-01,"Copy of Retail Forecast Model 12mr - 2026 - April 8, 12_29 PM - Productlevel FC.csv"
Ordered,010308,"ahead Protein Bar - Strawberry Yogurt, 45g",Protein Bars,b2b fc may26,b2b fc,16036,2026-05-01,2026-04-01,"Copy of Retail Forecast Model 12mr - 2026 - April 8, 12_29 PM - Productlevel FC.csv"
Available,010309,"ahead Protein Bar - Dominostein, 45g",Protein Bars,b2b fc may26,b2b fc,0,2026-05-01,2026-04-01,"Copy of Retail Forecast Model 12mr - 2026 - April 8, 12_29 PM - Productlevel FC.csv"
Available,010310,"ahead Protein Bar - Linzer Flavour, 45g",Protein Bars,b2b fc may26,b2b fc,0,2026-05-01,2026-04-01,"Copy of Retail Forecast Model 12mr - 2026 - April 8, 12_29 PM - Productlevel FC.csv"
NPD,010311,"ahead Protein Bar - Winter3, 45g",Protein Bars,b2b fc may26,b2b fc,0,2026-05-01,2026-04-01,"Copy of Retail Forecast Model 12mr - 2026 - April 8, 12_29 PM - Productlevel FC.csv"
Available,010320,Protein Mix Box - 12 Bars,Protein Bars,b2b fc may26,b2b fc,0,2026-05-01,2026-04-01,"Copy of Retail Forecast Model 12mr - 2026 - April 8, 12_29 PM - Productlevel FC.csv"
NPD,010321,Protein MixBox - Limited Edition (6x 45g),Protein Bars,b2b fc may26,b2b fc,0,2026-05-01,2026-04-01,"Copy of Retail Forecast Model 12mr - 2026 - April 8, 12_29 PM - Productlevel FC.csv"
Available,010401,PB Cups - Milk Chocolate 2x17g,NB Cups,b2b fc may26,b2b fc,6499,2026-05-01,2026-04-01,"Copy of Retail Forecast Model 12mr - 2026 - April 8, 12_29 PM - Productlevel FC.csv"
Available,010402,PB Cups - Dark Chocolate 2x17g,NB Cups,b2b fc may26,b2b fc,4524,2026-05-01,2026-04-01,"Copy of Retail Forecast Model 12mr - 2026 - April 8, 12_29 PM - Productlevel FC.csv"
Available,010403,PB Cups - White Chocolate 2x17g,NB Cups,b2b fc may26,b2b fc,3307,2026-05-01,2026-04-01,"Copy of Retail Forecast Model 12mr - 2026 - April 8, 12_29 PM - Productlevel FC.csv"
Available,010405,PisB Cups - White Chocolate 2x17g,NB Cups,b2b fc may26,b2b fc,4047,2026-05-01,2026-04-01,"Copy of Retail Forecast Model 12mr - 2026 - April 8, 12_29 PM - Productlevel FC.csv"
Available,010406,Butter Cups - Milk Chocolate Lebkuchen (Gingerbread) 2x17g,NB Cups,b2b fc may26,b2b fc,0,2026-05-01,2026-04-01,"Copy of Retail Forecast Model 12mr - 2026 - April 8, 12_29 PM - Productlevel FC.csv"
Available,010407,Butter Cups - White Chocolate Vanillekipferl 2x17g,NB Cups,b2b fc may26,b2b fc,0,2026-05-01,2026-04-01,"Copy of Retail Forecast Model 12mr - 2026 - April 8, 12_29 PM - Productlevel FC.csv"
Available,010408,Butter Cups - Dark Chocolate Marzipan 2x17g,NB Cups,b2b fc may26,b2b fc,0,2026-05-01,2026-04-01,"Copy of Retail Forecast Model 12mr - 2026 - April 8, 12_29 PM - Productlevel FC.csv"
Ordered,010409,Butter Cups - Pumpkin Spice 2x17g,NB Cups,b2b fc may26,b2b fc,0,2026-05-01,2026-04-01,"Copy of Retail Forecast Model 12mr - 2026 - April 8, 12_29 PM - Productlevel FC.csv"
NPD,010410,High Protein Peanut Butter Cups with Peanut Pieces (2x34g),NB Cups,b2b fc may26,b2b fc,28017,2026-05-01,2026-04-01,"Copy of Retail Forecast Model 12mr - 2026 - April 8, 12_29 PM - Productlevel FC.csv"
NPD,010411,High Protein Hazelnut Butter Cups with Hazelnut Pieces (2x34g),NB Cups,b2b fc may26,b2b fc,6817,2026-05-01,2026-04-01,"Copy of Retail Forecast Model 12mr - 2026 - April 8, 12_29 PM - Productlevel FC.csv"
NPD,010412,High Protein Pistachio Butter Cups with Pistachio Pieces (2x34g),NB Cups,b2b fc may26,b2b fc,27817,2026-05-01,2026-04-01,"Copy of Retail Forecast Model 12mr - 2026 - April 8, 12_29 PM - Productlevel FC.csv"
Available,010420,"NutButter Cups  MixBox, 10 stk",NB Cups,b2b fc may26,b2b fc,0,2026-05-01,2026-04-01,"Copy of Retail Forecast Model 12mr - 2026 - April 8, 12_29 PM - Productlevel FC.csv"
NPD,010421,NutButter Cups  MixBox - Limited Edition (6x 34g),NB Cups,b2b fc may26,b2b fc,0,2026-05-01,2026-04-01,"Copy of Retail Forecast Model 12mr - 2026 - April 8, 12_29 PM - Productlevel FC.csv"
Available,010501,ahead Soft Baked Cookies Box 4x40g,Cookies,b2b fc may26,b2b fc,27545,2026-05-01,2026-04-01,"Copy of Retail Forecast Model 12mr - 2026 - April 8, 12_29 PM - Productlevel FC.csv"
NPD,010502,Soft Cookie - Chocolate Chip & Hazelnut 4x40g,Cookies,b2b fc may26,b2b fc,12818,2026-05-01,2026-04-01,"Copy of Retail Forecast Model 12mr - 2026 - April 8, 12_29 PM - Productlevel FC.csv"
Ordered,010503,"Soft Cookie - Lebkuchen Style, 4x40g",Cookies,b2b fc may26,b2b fc,0,2026-05-01,2026-04-01,"Copy of Retail Forecast Model 12mr - 2026 - April 8, 12_29 PM - Productlevel FC.csv"
Available,010601,"ahead Gummies - Cola Bottles, 50g",Gummies,b2b fc may26,b2b fc,311790,2026-05-01,2026-04-01,"Copy of Retail Forecast Model 12mr - 2026 - April 8, 12_29 PM - Productlevel FC.csv"
Available,010602,"ahead Gummies - Fluffy Hearts, 50g",Gummies,b2b fc may26,b2b fc,212715,2026-05-01,2026-04-01,"Copy of Retail Forecast Model 12mr - 2026 - April 8, 12_29 PM - Productlevel FC.csv"
Available,010603,"ahead Gummies - Sweet Peaches, 50g",Gummies,b2b fc may26,b2b fc,150689,2026-05-01,2026-04-01,"Copy of Retail Forecast Model 12mr - 2026 - April 8, 12_29 PM - Productlevel FC.csv"
Available,010604,"ahead Gummies - Sour Cherries, 50g",Gummies,b2b fc may26,b2b fc,252289,2026-05-01,2026-04-01,"Copy of Retail Forecast Model 12mr - 2026 - April 8, 12_29 PM - Productlevel FC.csv"
Ordered,010605,"ahead Gummies - Vampires, 50g",Gummies,b2b fc may26,b2b fc,82568,2026-05-01,2026-04-01,"Copy of Retail Forecast Model 12mr - 2026 - April 8, 12_29 PM - Productlevel FC.csv"
Available,010606,"ahead Gummies - Green Apples, 50g",Gummies,b2b fc may26,b2b fc,313561,2026-05-01,2026-04-01,"Copy of Retail Forecast Model 12mr - 2026 - April 8, 12_29 PM - Productlevel FC.csv"
NPD,010607,"Gummies - Sour Worms, 50g",Gummies,b2b fc may26,b2b fc,127732,2026-05-01,2026-04-01,"Copy of Retail Forecast Model 12mr - 2026 - April 8, 12_29 PM - Productlevel FC.csv"
NPD,010608,"Gummies - Crazy Frogs, 50g",Gummies,b2b fc may26,b2b fc,114925,2026-05-01,2026-04-01,"Copy of Retail Forecast Model 12mr - 2026 - April 8, 12_29 PM - Productlevel FC.csv"
Ordered,010609,"Gummies - Goldbären, 50g",Gummies,b2b fc may26,b2b fc,146108,2026-05-01,2026-04-01,"Copy of Retail Forecast Model 12mr - 2026 - April 8, 12_29 PM - Productlevel FC.csv"
Available,010610,"Gummies - Winter Friends, 50g",Gummies,b2b fc may26,b2b fc,0,2026-05-01,2026-04-01,"Copy of Retail Forecast Model 12mr - 2026 - April 8, 12_29 PM - Productlevel FC.csv"
Available,010611,"Gummies - Winter Magic, 50g",Gummies,b2b fc may26,b2b fc,0,2026-05-01,2026-04-01,"Copy of Retail Forecast Model 12mr - 2026 - April 8, 12_29 PM - Productlevel FC.csv"
Available,010612,"Gummies - Sweet Hearts, 50g",Gummies,b2b fc may26,b2b fc,58202,2026-05-01,2026-04-01,"Copy of Retail Forecast Model 12mr - 2026 - April 8, 12_29 PM - Productlevel FC.csv"
Available,010620,"ahead Gummies - Mix Box, 12x50g",Gummies,b2b fc may26,b2b fc,0,2026-05-01,2026-04-01,"Copy of Retail Forecast Model 12mr - 2026 - April 8, 12_29 PM - Productlevel FC.csv"
Available,010701,"Hazelnut Crunch Caramel Bar, 38g",Caramel Bars,b2b fc may26,b2b fc,16618,2026-05-01,2026-04-01,"Copy of Retail Forecast Model 12mr - 2026 - April 8, 12_29 PM - Productlevel FC.csv"
Available,010702,"Popcorn Crunch Caramel Bar, 38g",Caramel Bars,b2b fc may26,b2b fc,12170,2026-05-01,2026-04-01,"Copy of Retail Forecast Model 12mr - 2026 - April 8, 12_29 PM - Productlevel FC.csv"
Ordered,010703,"Peanut Crunch Caramel Bar, 38g",Caramel Bars,b2b fc may26,b2b fc,0,2026-05-01,2026-04-01,"Copy of Retail Forecast Model 12mr - 2026 - April 8, 12_29 PM - Productlevel FC.csv"
Available,010801,"Chocolate Chunks - Dark Chocolate, 175g",Chocolate Chunks,b2b fc may26,b2b fc,0,2026-05-01,2026-04-01,"Copy of Retail Forecast Model 12mr - 2026 - April 8, 12_29 PM - Productlevel FC.csv"
Available,010801-B150,"Chocolate Chunks - Dark Chocolate, 150g",Chocolate Chunks,b2b fc may26,b2b fc,0,2026-05-01,2026-04-01,"Copy of Retail Forecast Model 12mr - 2026 - April 8, 12_29 PM - Productlevel FC.csv"
Available,010802,"Chocolate Chunks - White Chocolate, 175g",Chocolate Chunks,b2b fc may26,b2b fc,0,2026-05-01,2026-04-01,"Copy of Retail Forecast Model 12mr - 2026 - April 8, 12_29 PM - Productlevel FC.csv"
Available,010802-B150,"Chocolate Chunks - White Chocolate, 150g",Chocolate Chunks,b2b fc may26,b2b fc,0,2026-05-01,2026-04-01,"Copy of Retail Forecast Model 12mr - 2026 - April 8, 12_29 PM - Productlevel FC.csv"
Available,010803,"Chocolate Chunks - Marbled Chocolate, 175g",Chocolate Chunks,b2b fc may26,b2b fc,0,2026-05-01,2026-04-01,"Copy of Retail Forecast Model 12mr - 2026 - April 8, 12_29 PM - Productlevel FC.csv"
Available,010803-B150,"Chocolate Chunks - Marbled Chocolate, 150g",Chocolate Chunks,b2b fc may26,b2b fc,0,2026-05-01,2026-04-01,"Copy of Retail Forecast Model 12mr - 2026 - April 8, 12_29 PM - Productlevel FC.csv"
Available,010804,"Chocolate Chunks - Strawberry Yoghurt Flavour, 150g",Chocolate Chunks,b2b fc may26,b2b fc,0,2026-05-01,2026-04-01,"Copy of Retail Forecast Model 12mr - 2026 - April 8, 12_29 PM - Productlevel FC.csv"
Available,010805,"Chocolate Chunks - Milk Chocolate, 150g",Chocolate Chunks,b2b fc may26,b2b fc,0,2026-05-01,2026-04-01,"Copy of Retail Forecast Model 12mr - 2026 - April 8, 12_29 PM - Productlevel FC.csv"
Available,010806,"Coco Chunks - White Coconut, 150g",Chocolate Chunks,b2b fc may26,b2b fc,0,2026-05-01,2026-04-01,"Copy of Retail Forecast Model 12mr - 2026 - April 8, 12_29 PM - Productlevel FC.csv"
Available,010901,"Wafer Bar - Crazy Hazel, 30g",Wafer Bars,b2b fc may26,b2b fc,23017,2026-05-01,2026-04-01,"Copy of Retail Forecast Model 12mr - 2026 - April 8, 12_29 PM - Productlevel FC.csv"
Available,010902,"Wafer Bar - Crazy Hazel White, 30g",Wafer Bars,b2b fc may26,b2b fc,28008,2026-05-01,2026-04-01,"Copy of Retail Forecast Model 12mr - 2026 - April 8, 12_29 PM - Productlevel FC.csv"
Available,010903,"Wafer Bar - Crazy Pistachio, 30g",Wafer Bars,b2b fc may26,b2b fc,26916,2026-05-01,2026-04-01,"Copy of Retail Forecast Model 12mr - 2026 - April 8, 12_29 PM - Productlevel FC.csv"
Available,010920,Wafer Bar Mix Box (12x30g),Wafer Bars,b2b fc may26,b2b fc,0,2026-05-01,2026-04-01,"Copy of Retail Forecast Model 12mr - 2026 - April 8, 12_29 PM - Productlevel FC.csv"
Ordered,011901,"NAS Cookies - Dark Cocoa, 176g",NAS Oreos,b2b fc may26,b2b fc,0,2026-05-01,2026-04-01,"Copy of Retail Forecast Model 12mr - 2026 - April 8, 12_29 PM - Productlevel FC.csv"
Ordered,011902,"NAS Cookies - Light Vanilla, 176g",NAS Oreos,b2b fc may26,b2b fc,0,2026-05-01,2026-04-01,"Copy of Retail Forecast Model 12mr - 2026 - April 8, 12_29 PM - Productlevel FC.csv"
Available,020101,"ahead Crispies Paprika, 50g",Crispies,b2b fc may26,b2b fc,34558,2026-05-01,2026-04-01,"Copy of Retail Forecast Model 12mr - 2026 - April 8, 12_29 PM - Productlevel FC.csv"
Available,020102,"ahead Crispies Cheese, 50g",Crispies,b2b fc may26,b2b fc,30584,2026-05-01,2026-04-01,"Copy of Retail Forecast Model 12mr - 2026 - April 8, 12_29 PM - Productlevel FC.csv"
Available,020103,"ahead Crispies Sour Cream, 50g",Crispies,b2b fc may26,b2b fc,35857,2026-05-01,2026-04-01,"Copy of Retail Forecast Model 12mr - 2026 - April 8, 12_29 PM - Productlevel FC.csv"
NPD,020106,"Protein Flips - Truffle, 50g",Crispies,b2b fc may26,b2b fc,12438,2026-05-01,2026-04-01,"Copy of Retail Forecast Model 12mr - 2026 - April 8, 12_29 PM - Productlevel FC.csv"
NPD,020107,"Protein Flips - (Salt & Vinegar), 50g",Crispies,b2b fc may26,b2b fc,12438,2026-05-01,2026-04-01,"Copy of Retail Forecast Model 12mr - 2026 - April 8, 12_29 PM - Productlevel FC.csv"
Available,020120,"Crispies Mix Box, 6x50g",Crispies,b2b fc may26,b2b fc,0,2026-05-01,2026-04-01,"Copy of Retail Forecast Model 12mr - 2026 - April 8, 12_29 PM - Productlevel FC.csv"
NPD,020201,"Protein Chips - Sweet Chili, 50g",Crispies,b2b fc may26,b2b fc,0,2026-05-01,2026-04-01,"Copy of Retail Forecast Model 12mr - 2026 - April 8, 12_29 PM - Productlevel FC.csv"
NPD,020202,"Protein Chips - BBQ, 50g",Crispies,b2b fc may26,b2b fc,0,2026-05-01,2026-04-01,"Copy of Retail Forecast Model 12mr - 2026 - April 8, 12_29 PM - Productlevel FC.csv"
NPD,020301,"Popped Tortilla Chips - Sour Cream & Green Onion, 60g",Popped Chips,b2b fc may26,b2b fc,0,2026-05-01,2026-04-01,"Copy of Retail Forecast Model 12mr - 2026 - April 8, 12_29 PM - Productlevel FC.csv"
NPD,020302,"Popped Tortilla Chips - Sundried Tomato & Black Olive Flavour, 60g",Popped Chips,b2b fc may26,b2b fc,0,2026-05-01,2026-04-01,"Copy of Retail Forecast Model 12mr - 2026 - April 8, 12_29 PM - Productlevel FC.csv"
NPD,020303,"Popped Tortilla Chips - Barbecue Flavour, 60g",Popped Chips,b2b fc may26,b2b fc,0,2026-05-01,2026-04-01,"Copy of Retail Forecast Model 12mr - 2026 - April 8, 12_29 PM - Productlevel FC.csv"
NPD,020304,"Popped Tortilla Chips - Nacho Cheese & Jalapeno, 60g",Popped Chips,b2b fc may26,b2b fc,0,2026-05-01,2026-04-01,"Copy of Retail Forecast Model 12mr - 2026 - April 8, 12_29 PM - Productlevel FC.csv"
Available,030201,Peach Ice Tea Zero Sugar Sirup 48ml,ZeroSugar Sirup,b2b fc may26,b2b fc,22458,2026-05-01,2026-04-01,"Copy of Retail Forecast Model 12mr - 2026 - April 8, 12_29 PM - Productlevel FC.csv"
Available,030202,Lemon Zero Sugar Sirup 48ml,ZeroSugar Sirup,b2b fc may26,b2b fc,5159,2026-05-01,2026-04-01,"Copy of Retail Forecast Model 12mr - 2026 - April 8, 12_29 PM - Productlevel FC.csv"
Available,030203,Cherry Zero Sugar Sirup  48ml,ZeroSugar Sirup,b2b fc may26,b2b fc,8527,2026-05-01,2026-04-01,"Copy of Retail Forecast Model 12mr - 2026 - April 8, 12_29 PM - Productlevel FC.csv"
Available,030204,Mango Passionfruit Zero Sugar Sirup 48ml,ZeroSugar Sirup,b2b fc may26,b2b fc,10582,2026-05-01,2026-04-01,"Copy of Retail Forecast Model 12mr - 2026 - April 8, 12_29 PM - Productlevel FC.csv"
Available,030205,Apple Zero Sugar Sirup 48ml,ZeroSugar Sirup,b2b fc may26,b2b fc,6742,2026-05-01,2026-04-01,"Copy of Retail Forecast Model 12mr - 2026 - April 8, 12_29 PM - Productlevel FC.csv"
Available,030206,Holunderblüte Zero Sugar Sirup 48ml,ZeroSugar Sirup,b2b fc may26,b2b fc,4717,2026-05-01,2026-04-01,"Copy of Retail Forecast Model 12mr - 2026 - April 8, 12_29 PM - Productlevel FC.csv"
Available,030207,Orange Zero Sugar Sirup 48ml,ZeroSugar Sirup,b2b fc may26,b2b fc,4399,2026-05-01,2026-04-01,"Copy of Retail Forecast Model 12mr - 2026 - April 8, 12_29 PM - Productlevel FC.csv"
Available,030208,Bitter Lemon Zero Sugar Sirup 48ml,ZeroSugar Sirup,b2b fc may26,b2b fc,1236,2026-05-01,2026-04-01,"Copy of Retail Forecast Model 12mr - 2026 - April 8, 12_29 PM - Productlevel FC.csv"
Available,030209,Watermelon Zero Sugar Sirup 48ml,ZeroSugar Sirup,b2b fc may26,b2b fc,3308,2026-05-01,2026-04-01,"Copy of Retail Forecast Model 12mr - 2026 - April 8, 12_29 PM - Productlevel FC.csv"
Available,030210,Lime-Mint Zero Sugar Sirup 48ml,ZeroSugar Sirup,b2b fc may26,b2b fc,2011,2026-05-01,2026-04-01,"Copy of Retail Forecast Model 12mr - 2026 - April 8, 12_29 PM - Productlevel FC.csv"
Available,030211,Strawberry Lemonade Zero Sugar Sirup 48ml,ZeroSugar Sirup,b2b fc may26,b2b fc,1954,2026-05-01,2026-04-01,"Copy of Retail Forecast Model 12mr - 2026 - April 8, 12_29 PM - Productlevel FC.csv"
Available,030212,Green Apple Zero Sugar Sirup 48ml,ZeroSugar Sirup,b2b fc may26,b2b fc,2167,2026-05-01,2026-04-01,"Copy of Retail Forecast Model 12mr - 2026 - April 8, 12_29 PM - Productlevel FC.csv"
NPD,030213,Grapfruit Zero sugar Sirup 48ml,ZeroSugar Sirup,b2b fc may26,b2b fc,4312,2026-05-01,2026-04-01,"Copy of Retail Forecast Model 12mr - 2026 - April 8, 12_29 PM - Productlevel FC.csv"
Available,030214,Waldmeister Zero Sugar 48ml,ZeroSugar Sirup,b2b fc may26,b2b fc,4444,2026-05-01,2026-04-01,"Copy of Retail Forecast Model 12mr - 2026 - April 8, 12_29 PM - Productlevel FC.csv"
Available,030215,Caramel Zero Sugar 48ml,ZeroSugar Sirup,b2b fc may26,b2b fc,0,2026-05-01,2026-04-01,"Copy of Retail Forecast Model 12mr - 2026 - April 8, 12_29 PM - Productlevel FC.csv"
Available,030216,Pumpkin Spice Zero Sugar 48ml,ZeroSugar Sirup,b2b fc may26,b2b fc,0,2026-05-01,2026-04-01,"Copy of Retail Forecast Model 12mr - 2026 - April 8, 12_29 PM - Productlevel FC.csv"
Available,030217,Hazelnut Zero Sugar 48ml,ZeroSugar Sirup,b2b fc may26,b2b fc,0,2026-05-01,2026-04-01,"Copy of Retail Forecast Model 12mr - 2026 - April 8, 12_29 PM - Productlevel FC.csv"
Available,030218,Vanilla Zero Sugar 48ml,ZeroSugar Sirup,b2b fc may26,b2b fc,0,2026-05-01,2026-04-01,"Copy of Retail Forecast Model 12mr - 2026 - April 8, 12_29 PM - Productlevel FC.csv"
NPD,030219,Zero sugar syrup - Cassis Flavour 48ml,ZeroSugar Sirup,b2b fc may26,b2b fc,3149,2026-05-01,2026-04-01,"Copy of Retail Forecast Model 12mr - 2026 - April 8, 12_29 PM - Productlevel FC.csv"
Available,030301,NAS Sirup - Chocolate,ZeroSugar Sirup,b2b fc may26,b2b fc,0,2026-05-01,2026-04-01,"Copy of Retail Forecast Model 12mr - 2026 - April 8, 12_29 PM - Productlevel FC.csv"
NPD,030302,NAS Sauce - Strawberry,ZeroSugar Sirup,b2b fc may26,b2b fc,0,2026-05-01,2026-04-01,"Copy of Retail Forecast Model 12mr - 2026 - April 8, 12_29 PM - Productlevel FC.csv"
NPD,030303,NAS Sauce - Caramel,ZeroSugar Sirup,b2b fc may26,b2b fc,0,2026-05-01,2026-04-01,"Copy of Retail Forecast Model 12mr - 2026 - April 8, 12_29 PM - Productlevel FC.csv"
NPD,030420,"Wassereis - Mixbox 10 x 40 ml (Cherry, Peach, Waldmeister, Cola & Lemon)",Wassereis,b2b fc may26,b2b fc,0,2026-05-01,2026-04-01,"Copy of Retail Forecast Model 12mr - 2026 - April 8, 12_29 PM - Productlevel FC.csv"
Available,040301,"Flavour Powder - Vanilla, 250g",Flavor Powder,b2b fc may26,b2b fc,696,2026-05-01,2026-04-01,"Copy of Retail Forecast Model 12mr - 2026 - April 8, 12_29 PM - Productlevel FC.csv"
Available,040301-B,"Flavour Powder - Vanilla, Bulk",Bulk,b2b fc may26,b2b fc,0,2026-05-01,2026-04-01,"Copy of Retail Forecast Model 12mr - 2026 - April 8, 12_29 PM - Productlevel FC.csv"
Available,040301-S,"Flavour Powder - Vanilla, Sachet",Sachet,b2b fc may26,b2b fc,0,2026-05-01,2026-04-01,"Copy of Retail Forecast Model 12mr - 2026 - April 8, 12_29 PM - Productlevel FC.csv"
Available,040302,"Flavour Powder - Cherry, 250g",Flavor Powder,b2b fc may26,b2b fc,292,2026-05-01,2026-04-01,"Copy of Retail Forecast Model 12mr - 2026 - April 8, 12_29 PM - Productlevel FC.csv"
Available,040302-B,"Flavour Powder - Cherry, Bulk",Bulk,b2b fc may26,b2b fc,0,2026-05-01,2026-04-01,"Copy of Retail Forecast Model 12mr - 2026 - April 8, 12_29 PM - Productlevel FC.csv"
Available,040302-S,"Flavour Powder - Cherry, Sachet",Sachet,b2b fc may26,b2b fc,0,2026-05-01,2026-04-01,"Copy of Retail Forecast Model 12mr - 2026 - April 8, 12_29 PM - Productlevel FC.csv"
Available,040303,"Flavour Powder - Stracciatella, 250g",Flavor Powder,b2b fc may26,b2b fc,352,2026-05-01,2026-04-01,"Copy of Retail Forecast Model 12mr - 2026 - April 8, 12_29 PM - Productlevel FC.csv"
Available,040303-B,"Flavour Powder - Stracciatella, Bulk",Bulk,b2b fc may26,b2b fc,0,2026-05-01,2026-04-01,"Copy of Retail Forecast Model 12mr - 2026 - April 8, 12_29 PM - Productlevel FC.csv"
Available,040303-S,"Flavour Powder - Stracciatella, Sachet",Sachet,b2b fc may26,b2b fc,0,2026-05-01,2026-04-01,"Copy of Retail Forecast Model 12mr - 2026 - April 8, 12_29 PM - Productlevel FC.csv"
Available,040304,"Flavour Powder - Chocolate Cookie, 250g",Flavor Powder,b2b fc may26,b2b fc,418,2026-05-01,2026-04-01,"Copy of Retail Forecast Model 12mr - 2026 - April 8, 12_29 PM - Productlevel FC.csv"
Available,040304-B,"Flavor Powder - Chocolate Cookie, Bulk",Bulk,b2b fc may26,b2b fc,0,2026-05-01,2026-04-01,"Copy of Retail Forecast Model 12mr - 2026 - April 8, 12_29 PM - Productlevel FC.csv"
Available,040304-S,"Flavour Powder - Chocolate Cookie, Sachet",Sachet,b2b fc may26,b2b fc,0,2026-05-01,2026-04-01,"Copy of Retail Forecast Model 12mr - 2026 - April 8, 12_29 PM - Productlevel FC.csv"
Available,040305,"Flavour Powder - Strawberry Chocolate, 250g",Flavor Powder,b2b fc may26,b2b fc,672,2026-05-01,2026-04-01,"Copy of Retail Forecast Model 12mr - 2026 - April 8, 12_29 PM - Productlevel FC.csv"
Available,040305-B,"Flavour Powder - Strawberry Chocolate, Bulk",Bulk,b2b fc may26,b2b fc,0,2026-05-01,2026-04-01,"Copy of Retail Forecast Model 12mr - 2026 - April 8, 12_29 PM - Productlevel FC.csv"
Available,040305-S,"Flavour Powder - Strawberry chocolate, Sachet",Sachet,b2b fc may26,b2b fc,0,2026-05-01,2026-04-01,"Copy of Retail Forecast Model 12mr - 2026 - April 8, 12_29 PM - Productlevel FC.csv"
Available,040306,"Flavour Powder - Cinnamon Crunch, 250g",Flavor Powder,b2b fc may26,b2b fc,342,2026-05-01,2026-04-01,"Copy of Retail Forecast Model 12mr - 2026 - April 8, 12_29 PM - Productlevel FC.csv"
Available,040306-B,"Flavour Powder - Cinnamon Crunch, Bulk",Bulk,b2b fc may26,b2b fc,0,2026-05-01,2026-04-01,"Copy of Retail Forecast Model 12mr - 2026 - April 8, 12_29 PM - Productlevel FC.csv"
Available,040306-S,"Flavour Powder - Cinnamon Crunch, Sachet",Sachet,b2b fc may26,b2b fc,0,2026-05-01,2026-04-01,"Copy of Retail Forecast Model 12mr - 2026 - April 8, 12_29 PM - Productlevel FC.csv"
Available,040307,Flavour Powder - Apfel Strudel,Flavor Powder,b2b fc may26,b2b fc,0,2026-05-01,2026-04-01,"Copy of Retail Forecast Model 12mr - 2026 - April 8, 12_29 PM - Productlevel FC.csv"
Available,040307-1,"Flavour Powder - Apfel Strudel, 2x250g",Flavor Powder,b2b fc may26,b2b fc,0,2026-05-01,2026-04-01,"Copy of Retail Forecast Model 12mr - 2026 - April 8, 12_29 PM - Productlevel FC.csv"
Available,040307-B,"Flavour Powder - Apfel Strudel, Bulk",Bulk,b2b fc may26,b2b fc,0,2026-05-01,2026-04-01,"Copy of Retail Forecast Model 12mr - 2026 - April 8, 12_29 PM - Productlevel FC.csv"
Available,040307-S,"Flavour Powder - Apfelstrudel, Sachet",Sachet,b2b fc may26,b2b fc,0,2026-05-01,2026-04-01,"Copy of Retail Forecast Model 12mr - 2026 - April 8, 12_29 PM - Productlevel FC.csv"
Available,040308,Flavour Powder - Spekulatius,Flavor Powder,b2b fc may26,b2b fc,0,2026-05-01,2026-04-01,"Copy of Retail Forecast Model 12mr - 2026 - April 8, 12_29 PM - Productlevel FC.csv"
Available,040308-1,Flavour Powder - Spekulatius 2x250g,Flavor Powder,b2b fc may26,b2b fc,0,2026-05-01,2026-04-01,"Copy of Retail Forecast Model 12mr - 2026 - April 8, 12_29 PM - Productlevel FC.csv"
Available,040308-B,"Flavour Powder - Spekulatius, Bulk",Bulk,b2b fc may26,b2b fc,0,2026-05-01,2026-04-01,"Copy of Retail Forecast Model 12mr - 2026 - April 8, 12_29 PM - Productlevel FC.csv"
Available,040308-S,"Flavour Powder - Spekulatius Crunch, Sachet",Sachet,b2b fc may26,b2b fc,0,2026-05-01,2026-04-01,"Copy of Retail Forecast Model 12mr - 2026 - April 8, 12_29 PM - Productlevel FC.csv"
Available,040320,"Flavor Powder - Mix Box, Sachets",MixBox,b2b fc may26,b2b fc,0,2026-05-01,2026-04-01,"Copy of Retail Forecast Model 12mr - 2026 - April 8, 12_29 PM - Productlevel FC.csv"
Available,040321,B2B Sachet Mix Box,MixBox,b2b fc may26,b2b fc,0,2026-05-01,2026-04-01,"Copy of Retail Forecast Model 12mr - 2026 - April 8, 12_29 PM - Productlevel FC.csv"
Available,040401-B,"Clear Whey - Peach Ice Tea, Bulk",Bulk,b2b fc may26,b2b fc,0,2026-05-01,2026-04-01,"Copy of Retail Forecast Model 12mr - 2026 - April 8, 12_29 PM - Productlevel FC.csv"
Available,040401-J500,"Clear Whey - Peach Ice Tea, 500g",Clear Whey Protein Powder,b2b fc may26,b2b fc,456,2026-05-01,2026-04-01,"Copy of Retail Forecast Model 12mr - 2026 - April 8, 12_29 PM - Productlevel FC.csv"
Available,040401-S,"Clear Whey - Peach Ice Tea, Sachet",Sachet,b2b fc may26,b2b fc,0,2026-05-01,2026-04-01,"Copy of Retail Forecast Model 12mr - 2026 - April 8, 12_29 PM - Productlevel FC.csv"
Available,040402-B,"Clear Whey - Green Apple, Bulk",Bulk,b2b fc may26,b2b fc,0,2026-05-01,2026-04-01,"Copy of Retail Forecast Model 12mr - 2026 - April 8, 12_29 PM - Productlevel FC.csv"
Available,040402-J500,"Clear Whey - Green Apple, 500g",Clear Whey Protein Powder,b2b fc may26,b2b fc,244,2026-05-01,2026-04-01,"Copy of Retail Forecast Model 12mr - 2026 - April 8, 12_29 PM - Productlevel FC.csv"
Available,040402-S,"Clear Whey - Green Apple, Sachet",Sachet,b2b fc may26,b2b fc,0,2026-05-01,2026-04-01,"Copy of Retail Forecast Model 12mr - 2026 - April 8, 12_29 PM - Productlevel FC.csv"
Available,040403-B,"Clear Whey - Lemon Ice Tea, Bulk",Bulk,b2b fc may26,b2b fc,0,2026-05-01,2026-04-01,"Copy of Retail Forecast Model 12mr - 2026 - April 8, 12_29 PM - Productlevel FC.csv"
Available,040403-J500,"Clear Whey - Lemon Ice Tea, 500g",Clear Whey Protein Powder,b2b fc may26,b2b fc,240,2026-05-01,2026-04-01,"Copy of Retail Forecast Model 12mr - 2026 - April 8, 12_29 PM - Productlevel FC.csv"
Available,040403-S,"Clear Whey - Lemon Ice Tea, Sachet",Sachet,b2b fc may26,b2b fc,0,2026-05-01,2026-04-01,"Copy of Retail Forecast Model 12mr - 2026 - April 8, 12_29 PM - Productlevel FC.csv"
Available,040404-B,"Clear Whey - Orange, Bulk",Bulk,b2b fc may26,b2b fc,0,2026-05-01,2026-04-01,"Copy of Retail Forecast Model 12mr - 2026 - April 8, 12_29 PM - Productlevel FC.csv"
Available,040404-J500,"Clear Whey - Orange, 500g",Clear Whey Protein Powder,b2b fc may26,b2b fc,199,2026-05-01,2026-04-01,"Copy of Retail Forecast Model 12mr - 2026 - April 8, 12_29 PM - Productlevel FC.csv"
Available,040404-S,"Clear Whey - Orange, Sachet",Sachet,b2b fc may26,b2b fc,0,2026-05-01,2026-04-01,"Copy of Retail Forecast Model 12mr - 2026 - April 8, 12_29 PM - Productlevel FC.csv"
Available,040405-B,"Clear Whey - Cherry, Bulk",Bulk,b2b fc may26,b2b fc,0,2026-05-01,2026-04-01,"Copy of Retail Forecast Model 12mr - 2026 - April 8, 12_29 PM - Productlevel FC.csv"
Available,040405-J500,"Clear Whey - Cherry, 500g",Clear Whey Protein Powder,b2b fc may26,b2b fc,222,2026-05-01,2026-04-01,"Copy of Retail Forecast Model 12mr - 2026 - April 8, 12_29 PM - Productlevel FC.csv"
Available,040405-S,"Clear Whey - Cherry, Sachet",Sachet,b2b fc may26,b2b fc,0,2026-05-01,2026-04-01,"Copy of Retail Forecast Model 12mr - 2026 - April 8, 12_29 PM - Productlevel FC.csv"
Available,040406-B,"Clear Why - Apfelpunsch, Bulk",Bulk,b2b fc may26,b2b fc,0,2026-05-01,2026-04-01,"Copy of Retail Forecast Model 12mr - 2026 - April 8, 12_29 PM - Productlevel FC.csv"
Available,040406-J500,"Clear Whey - Apfelpunsch, 500g",Clear Whey Protein Powder,b2b fc may26,b2b fc,0,2026-05-01,2026-04-01,"Copy of Retail Forecast Model 12mr - 2026 - April 8, 12_29 PM - Productlevel FC.csv"
Available,040406-J500-1,"Clear Whey - Apfelpunsch, 2x500g",Clear Whey Protein Powder,b2b fc may26,b2b fc,0,2026-05-01,2026-04-01,"Copy of Retail Forecast Model 12mr - 2026 - April 8, 12_29 PM - Productlevel FC.csv"
Available,040406-S,"Clear Whey - Apfelpunsh, Sachet",Sachet,b2b fc may26,b2b fc,0,2026-05-01,2026-04-01,"Copy of Retail Forecast Model 12mr - 2026 - April 8, 12_29 PM - Productlevel FC.csv"
Available,040407-B,"Clear Whey - Winterpunsch, Bulk",Bulk,b2b fc may26,b2b fc,0,2026-05-01,2026-04-01,"Copy of Retail Forecast Model 12mr - 2026 - April 8, 12_29 PM - Productlevel FC.csv"
Available,040407-J500,"Clear Whey - Winterpunsch, 500g",Clear Whey Protein Powder,b2b fc may26,b2b fc,0,2026-05-01,2026-04-01,"Copy of Retail Forecast Model 12mr - 2026 - April 8, 12_29 PM - Productlevel FC.csv"
Available,040407-J500-1,"Clear Whey - Winterpunsch, 2x500g",Clear Whey Protein Powder,b2b fc may26,b2b fc,0,2026-05-01,2026-04-01,"Copy of Retail Forecast Model 12mr - 2026 - April 8, 12_29 PM - Productlevel FC.csv"
Available,040407-S,"Clear Whey - Winterpunsch, Sachet",Sachet,b2b fc may26,b2b fc,0,2026-05-01,2026-04-01,"Copy of Retail Forecast Model 12mr - 2026 - April 8, 12_29 PM - Productlevel FC.csv"
Available,040408-B,"Clear Protein - Mixed Berry, Bulk",Bulk,b2b fc may26,b2b fc,0,2026-05-01,2026-04-01,"Copy of Retail Forecast Model 12mr - 2026 - April 8, 12_29 PM - Productlevel FC.csv"
Available,040408-J500,"Clear Protein - Mixed Berry, 500g",Clear Whey Protein Powder,b2b fc may26,b2b fc,0,2026-05-01,2026-04-01,"Copy of Retail Forecast Model 12mr - 2026 - April 8, 12_29 PM - Productlevel FC.csv"
Available,040408-S,"Clear Protein - Mixed Berry, Sachet",Sachet,b2b fc may26,b2b fc,0,2026-05-01,2026-04-01,"Copy of Retail Forecast Model 12mr - 2026 - April 8, 12_29 PM - Productlevel FC.csv"
Available,040409-B,"Clear Protein - Lemon & Lime, Bulk",Bulk,b2b fc may26,b2b fc,0,2026-05-01,2026-04-01,"Copy of Retail Forecast Model 12mr - 2026 - April 8, 12_29 PM - Productlevel FC.csv"
Available,040409-J500,"Clear Protein - Lemon & Lime, 500g",Clear Whey Protein Powder,b2b fc may26,b2b fc,0,2026-05-01,2026-04-01,"Copy of Retail Forecast Model 12mr - 2026 - April 8, 12_29 PM - Productlevel FC.csv"
Available,040409-S,"Clear Protein - Lemon & Lime, Sachet",Sachet,b2b fc may26,b2b fc,0,2026-05-01,2026-04-01,"Copy of Retail Forecast Model 12mr - 2026 - April 8, 12_29 PM - Productlevel FC.csv"
NPD,040410-B,"Clear Protein - Mochito, Bulk",Bulk,b2b fc may26,b2b fc,0,2026-05-01,2026-04-01,"Copy of Retail Forecast Model 12mr - 2026 - April 8, 12_29 PM - Productlevel FC.csv"
NPD,040410-J500,"Clear Protein - Mojito, 500g",Clear Whey Protein Powder,b2b fc may26,b2b fc,0,2026-05-01,2026-04-01,"Copy of Retail Forecast Model 12mr - 2026 - April 8, 12_29 PM - Productlevel FC.csv"
NPD,040410-S,"Clear Protein - Mochito, Sachet",Sachet,b2b fc may26,b2b fc,0,2026-05-01,2026-04-01,"Copy of Retail Forecast Model 12mr - 2026 - April 8, 12_29 PM - Productlevel FC.csv"
Available,040411-B,"Clear Protein - Pornstar Martini, Bulk",Bulk,b2b fc may26,b2b fc,0,2026-05-01,2026-04-01,"Copy of Retail Forecast Model 12mr - 2026 - April 8, 12_29 PM - Productlevel FC.csv"
Available,040411-J500,"Clear Protein -  Pornstar Martini, 500g",Clear Whey Protein Powder,b2b fc may26,b2b fc,0,2026-05-01,2026-04-01,"Copy of Retail Forecast Model 12mr - 2026 - April 8, 12_29 PM - Productlevel FC.csv"
Available,040411-S,"Clear Protein -  Pornstar Martinio, Sachet",Sachet,b2b fc may26,b2b fc,0,2026-05-01,2026-04-01,"Copy of Retail Forecast Model 12mr - 2026 - April 8, 12_29 PM - Productlevel FC.csv"
Available,040420,"Clear Whey - Mix Box, 5x1 Sachets",MixBox,b2b fc may26,b2b fc,0,2026-05-01,2026-04-01,"Copy of Retail Forecast Model 12mr - 2026 - April 8, 12_29 PM - Productlevel FC.csv"
Available,040501-B,"Whey - Double Chocolate, Bulk",Bulk,b2b fc may26,b2b fc,0,2026-05-01,2026-04-01,"Copy of Retail Forecast Model 12mr - 2026 - April 8, 12_29 PM - Productlevel FC.csv"
Available,040501-J1000,"Whey - Double Chocolate, 1000g",Whey Protein Powder,b2b fc may26,b2b fc,0,2026-05-01,2026-04-01,"Copy of Retail Forecast Model 12mr - 2026 - April 8, 12_29 PM - Productlevel FC.csv"
Available,040501-J500,"Whey - Double Chocolate, 500g",Whey Protein Powder,b2b fc may26,b2b fc,400,2026-05-01,2026-04-01,"Copy of Retail Forecast Model 12mr - 2026 - April 8, 12_29 PM - Productlevel FC.csv"
Available,040501-S,"Whey - Double Chocolate, Sachet",Sachet,b2b fc may26,b2b fc,0,2026-05-01,2026-04-01,"Copy of Retail Forecast Model 12mr - 2026 - April 8, 12_29 PM - Productlevel FC.csv"
Available,040502-B,"Whey - Vanilla, Bulk",Bulk,b2b fc may26,b2b fc,0,2026-05-01,2026-04-01,"Copy of Retail Forecast Model 12mr - 2026 - April 8, 12_29 PM - Productlevel FC.csv"
Available,040502-J1000,"Whey - Vanilla, 1000g",Whey Protein Powder,b2b fc may26,b2b fc,0,2026-05-01,2026-04-01,"Copy of Retail Forecast Model 12mr - 2026 - April 8, 12_29 PM - Productlevel FC.csv"
Available,040502-J500,"Whey - Vanilla, 500g",Whey Protein Powder,b2b fc may26,b2b fc,440,2026-05-01,2026-04-01,"Copy of Retail Forecast Model 12mr - 2026 - April 8, 12_29 PM - Productlevel FC.csv"
Available,040502-S,"Whey - Vanilla, Sachet",Sachet,b2b fc may26,b2b fc,0,2026-05-01,2026-04-01,"Copy of Retail Forecast Model 12mr - 2026 - April 8, 12_29 PM - Productlevel FC.csv"
Available,040503-B,"Whey - Caramel Crunch, Bulk",Bulk,b2b fc may26,b2b fc,0,2026-05-01,2026-04-01,"Copy of Retail Forecast Model 12mr - 2026 - April 8, 12_29 PM - Productlevel FC.csv"
Available,040503-J1000,"Whey - Caramel Crunch, 1000g",Whey Protein Powder,b2b fc may26,b2b fc,0,2026-05-01,2026-04-01,"Copy of Retail Forecast Model 12mr - 2026 - April 8, 12_29 PM - Productlevel FC.csv"
Available,040503-J500,"Whey - Caramel Crunch, 500g",Whey Protein Powder,b2b fc may26,b2b fc,267,2026-05-01,2026-04-01,"Copy of Retail Forecast Model 12mr - 2026 - April 8, 12_29 PM - Productlevel FC.csv"
Available,040503-S,"Whey - Caramel Crunch, Sachet",Sachet,b2b fc may26,b2b fc,0,2026-05-01,2026-04-01,"Copy of Retail Forecast Model 12mr - 2026 - April 8, 12_29 PM - Productlevel FC.csv"
Available,040504-B,"Whey - Strawberry & Cream, Bulk",Bulk,b2b fc may26,b2b fc,0,2026-05-01,2026-04-01,"Copy of Retail Forecast Model 12mr - 2026 - April 8, 12_29 PM - Productlevel FC.csv"
Available,040504-J1000,"Whey - Strawberry & Cream, 1000g",Whey Protein Powder,b2b fc may26,b2b fc,0,2026-05-01,2026-04-01,"Copy of Retail Forecast Model 12mr - 2026 - April 8, 12_29 PM - Productlevel FC.csv"
Available,040504-J500,"Whey - Strawberry & Cream, 500g",Whey Protein Powder,b2b fc may26,b2b fc,313,2026-05-01,2026-04-01,"Copy of Retail Forecast Model 12mr - 2026 - April 8, 12_29 PM - Productlevel FC.csv"
Available,040504-S,"Whey - Strawberry & Cream, Sachet",Sachet,b2b fc may26,b2b fc,0,2026-05-01,2026-04-01,"Copy of Retail Forecast Model 12mr - 2026 - April 8, 12_29 PM - Productlevel FC.csv"
Available,040505-B,"Whey - Coffee, Bulk",Bulk,b2b fc may26,b2b fc,0,2026-05-01,2026-04-01,"Copy of Retail Forecast Model 12mr - 2026 - April 8, 12_29 PM - Productlevel FC.csv"
Available,040505-J1000,"Whey - Coffee, 1000g",Whey Protein Powder,b2b fc may26,b2b fc,0,2026-05-01,2026-04-01,"Copy of Retail Forecast Model 12mr - 2026 - April 8, 12_29 PM - Productlevel FC.csv"
Available,040505-J500,"Whey - Coffee, 500g",Whey Protein Powder,b2b fc may26,b2b fc,478,2026-05-01,2026-04-01,"Copy of Retail Forecast Model 12mr - 2026 - April 8, 12_29 PM - Productlevel FC.csv"
Available,040505-S,"Whey - Coffee, Sachet",Sachet,b2b fc may26,b2b fc,0,2026-05-01,2026-04-01,"Copy of Retail Forecast Model 12mr - 2026 - April 8, 12_29 PM - Productlevel FC.csv"
Available,040506-B,"Whey - Unflavoured, Bulk",Bulk,b2b fc may26,b2b fc,0,2026-05-01,2026-04-01,"Copy of Retail Forecast Model 12mr - 2026 - April 8, 12_29 PM - Productlevel FC.csv"
Available,040506-J1000,"Whey - unflavoured, 1000g",Whey Protein Powder,b2b fc may26,b2b fc,0,2026-05-01,2026-04-01,"Copy of Retail Forecast Model 12mr - 2026 - April 8, 12_29 PM - Productlevel FC.csv"
Available,040506-J500,"Whey - unflavoured, 500g",Whey Protein Powder,b2b fc may26,b2b fc,150,2026-05-01,2026-04-01,"Copy of Retail Forecast Model 12mr - 2026 - April 8, 12_29 PM - Productlevel FC.csv"
Available,040506-S,"Whey - unflavoured, Sachet",Sachet,b2b fc may26,b2b fc,0,2026-05-01,2026-04-01,"Copy of Retail Forecast Model 12mr - 2026 - April 8, 12_29 PM - Productlevel FC.csv"
Available,040507-B,"Whey - Chai Latte, Bulk",Bulk,b2b fc may26,b2b fc,0,2026-05-01,2026-04-01,"Copy of Retail Forecast Model 12mr - 2026 - April 8, 12_29 PM - Productlevel FC.csv"
Available,040507-J500,"Whey - Chai Latte, 500g",Whey Protein Powder,b2b fc may26,b2b fc,151,2026-05-01,2026-04-01,"Copy of Retail Forecast Model 12mr - 2026 - April 8, 12_29 PM - Productlevel FC.csv"
Available,040507-S,"Whey - Chai Latte, Sachet",Sachet,b2b fc may26,b2b fc,0,2026-05-01,2026-04-01,"Copy of Retail Forecast Model 12mr - 2026 - April 8, 12_29 PM - Productlevel FC.csv"
Available,040508-B,"Whey - Spekulatius, Bulk",Bulk,b2b fc may26,b2b fc,0,2026-05-01,2026-04-01,"Copy of Retail Forecast Model 12mr - 2026 - April 8, 12_29 PM - Productlevel FC.csv"
Available,040508-J500,"Whey - Spekulatius, 500g",Whey Protein Powder,b2b fc may26,b2b fc,0,2026-05-01,2026-04-01,"Copy of Retail Forecast Model 12mr - 2026 - April 8, 12_29 PM - Productlevel FC.csv"
Available,040508-J500-1,"Whey - Spekulatius, 2x500g",Whey Protein Powder,b2b fc may26,b2b fc,0,2026-05-01,2026-04-01,"Copy of Retail Forecast Model 12mr - 2026 - April 8, 12_29 PM - Productlevel FC.csv"
Available,040508-S,"Whey - Spekulatius, Sachet",Sachet,b2b fc may26,b2b fc,0,2026-05-01,2026-04-01,"Copy of Retail Forecast Model 12mr - 2026 - April 8, 12_29 PM - Productlevel FC.csv"
Available,040509-B,"Whey - Hazelnut Nougat, Bulk",Bulk,b2b fc may26,b2b fc,0,2026-05-01,2026-04-01,"Copy of Retail Forecast Model 12mr - 2026 - April 8, 12_29 PM - Productlevel FC.csv"
Available,040509-J1000,"Whey - Hazelnut Nougat, 1000g",Whey Protein Powder,b2b fc may26,b2b fc,0,2026-05-01,2026-04-01,"Copy of Retail Forecast Model 12mr - 2026 - April 8, 12_29 PM - Productlevel FC.csv"
Available,040509-J500,"Whey - Hazelnut Nougat, 500g",Whey Protein Powder,b2b fc may26,b2b fc,0,2026-05-01,2026-04-01,"Copy of Retail Forecast Model 12mr - 2026 - April 8, 12_29 PM - Productlevel FC.csv"
Available,040509-S,"Whey - Hazelnut Nougat, Sachet",Sachet,b2b fc may26,b2b fc,0,2026-05-01,2026-04-01,"Copy of Retail Forecast Model 12mr - 2026 - April 8, 12_29 PM - Productlevel FC.csv"
Available,040510-B,"Whey - Protein Sahne, Bulk",Bulk,b2b fc may26,b2b fc,0,2026-05-01,2026-04-01,"Copy of Retail Forecast Model 12mr - 2026 - April 8, 12_29 PM - Productlevel FC.csv"
Available,040510-J1000,"Whey - Protein Sahne, 1000g",Whey Protein Powder,b2b fc may26,b2b fc,0,2026-05-01,2026-04-01,"Copy of Retail Forecast Model 12mr - 2026 - April 8, 12_29 PM - Productlevel FC.csv"
Available,040510-J500,"Whey - Protein Sahne, 500g",Whey Protein Powder,b2b fc may26,b2b fc,100,2026-05-01,2026-04-01,"Copy of Retail Forecast Model 12mr - 2026 - April 8, 12_29 PM - Productlevel FC.csv"
Available,040510-J500-1,"Whey - Protein Sahne, 2x500g",Whey Protein Powder,b2b fc may26,b2b fc,0,2026-05-01,2026-04-01,"Copy of Retail Forecast Model 12mr - 2026 - April 8, 12_29 PM - Productlevel FC.csv"
Available,040510-S,"Whey - Protein Sahne, Sachet",Sachet,b2b fc may26,b2b fc,0,2026-05-01,2026-04-01,"Copy of Retail Forecast Model 12mr - 2026 - April 8, 12_29 PM - Productlevel FC.csv"
Available,040511-B,"Whey - White Chocolate Pistachio, Bulk",Bulk,b2b fc may26,b2b fc,0,2026-05-01,2026-04-01,"Copy of Retail Forecast Model 12mr - 2026 - April 8, 12_29 PM - Productlevel FC.csv"
Available,040511-J500,"Whey - White Chocolate Pistachio, 500g",Whey Protein Powder,b2b fc may26,b2b fc,195,2026-05-01,2026-04-01,"Copy of Retail Forecast Model 12mr - 2026 - April 8, 12_29 PM - Productlevel FC.csv"
Available,040511-J500-1,"Whey - White Chocolate Pistachio, 2x500g",Whey Protein Powder,b2b fc may26,b2b fc,0,2026-05-01,2026-04-01,"Copy of Retail Forecast Model 12mr - 2026 - April 8, 12_29 PM - Productlevel FC.csv"
Available,040511-S,"Whey - White Chocolate Pistachio, Sachet",Sachet,b2b fc may26,b2b fc,0,2026-05-01,2026-04-01,"Copy of Retail Forecast Model 12mr - 2026 - April 8, 12_29 PM - Productlevel FC.csv"
Available,040512-B,"Whey Protein - Decaf Iced Coffee, Bulk",Bulk,b2b fc may26,b2b fc,0,2026-05-01,2026-04-01,"Copy of Retail Forecast Model 12mr - 2026 - April 8, 12_29 PM - Productlevel FC.csv"
Available,040512-J500,"Whey Protein - Decaf Iced Coffee, 500g",Whey Protein Powder,b2b fc may26,b2b fc,0,2026-05-01,2026-04-01,"Copy of Retail Forecast Model 12mr - 2026 - April 8, 12_29 PM - Productlevel FC.csv"
Available,040512-S,"Whey Protein - Decaf Iced Coffee, Sachet",Sachet,b2b fc may26,b2b fc,0,2026-05-01,2026-04-01,"Copy of Retail Forecast Model 12mr - 2026 - April 8, 12_29 PM - Productlevel FC.csv"
Available,040513-B,"Whey Protein - Affogato, Bulk",Bulk,b2b fc may26,b2b fc,0,2026-05-01,2026-04-01,"Copy of Retail Forecast Model 12mr - 2026 - April 8, 12_29 PM - Productlevel FC.csv"
Available,040513-J500,"Whey Protein - Affogato, 500g",Whey Protein Powder,b2b fc may26,b2b fc,137,2026-05-01,2026-04-01,"Copy of Retail Forecast Model 12mr - 2026 - April 8, 12_29 PM - Productlevel FC.csv"
Available,040513-J500-1,"Whey Protein - Affogato, 2x500g",Whey Protein Powder,b2b fc may26,b2b fc,0,2026-05-01,2026-04-01,"Copy of Retail Forecast Model 12mr - 2026 - April 8, 12_29 PM - Productlevel FC.csv"
Available,040513-S,"Whey Protein - Affogato, Sachet",Sachet,b2b fc may26,b2b fc,0,2026-05-01,2026-04-01,"Copy of Retail Forecast Model 12mr - 2026 - April 8, 12_29 PM - Productlevel FC.csv"
Available,040515-B,"Whey Protein Coffee - Mocha, Bulk",Bulk,b2b fc may26,b2b fc,0,2026-05-01,2026-04-01,"Copy of Retail Forecast Model 12mr - 2026 - April 8, 12_29 PM - Productlevel FC.csv"
Available,040515-J500,"Whey Protein Coffee - Mocha, 500g",Whey Protein Powder,b2b fc may26,b2b fc,133,2026-05-01,2026-04-01,"Copy of Retail Forecast Model 12mr - 2026 - April 8, 12_29 PM - Productlevel FC.csv"
Available,040515-J500-1,"Whey Protein Coffee - Mocha, 2x500g",Whey Protein Powder,b2b fc may26,b2b fc,0,2026-05-01,2026-04-01,"Copy of Retail Forecast Model 12mr - 2026 - April 8, 12_29 PM - Productlevel FC.csv"
Available,040515-S,"Whey Protein Coffee - Mocha, Sachet",Sachet,b2b fc may26,b2b fc,0,2026-05-01,2026-04-01,"Copy of Retail Forecast Model 12mr - 2026 - April 8, 12_29 PM - Productlevel FC.csv"
Available,040517-B,"Whey Protein - Pumpkin Spice, Bulk",Whey Protein Powder,b2b fc may26,b2b fc,0,2026-05-01,2026-04-01,"Copy of Retail Forecast Model 12mr - 2026 - April 8, 12_29 PM - Productlevel FC.csv"
Available,040517-J500,"Whey Protein - Pumpkin Spice, 500g",Whey Protein Powder,b2b fc may26,b2b fc,0,2026-05-01,2026-04-01,"Copy of Retail Forecast Model 12mr - 2026 - April 8, 12_29 PM - Productlevel FC.csv"
Available,040517-S,"Whey Protein - Pumpkin Spice, Sachet",Sachet,b2b fc may26,b2b fc,0,2026-05-01,2026-04-01,"Copy of Retail Forecast Model 12mr - 2026 - April 8, 12_29 PM - Productlevel FC.csv"
Ordered,040518-B,"Whey Protein - Iced Matcha Latte, Bulk",Bulk,b2b fc may26,b2b fc,0,2026-05-01,2026-04-01,"Copy of Retail Forecast Model 12mr - 2026 - April 8, 12_29 PM - Productlevel FC.csv"
Ordered,040518-J500,"Whey Protein - Iced Matcha Latte, 500g",Whey Protein Powder,b2b fc may26,b2b fc,134,2026-05-01,2026-04-01,"Copy of Retail Forecast Model 12mr - 2026 - April 8, 12_29 PM - Productlevel FC.csv"
Ordered,040518-S,"Whey Protein - Iced Matcha Latte, Sachet",Sachet,b2b fc may26,b2b fc,0,2026-05-01,2026-04-01,"Copy of Retail Forecast Model 12mr - 2026 - April 8, 12_29 PM - Productlevel FC.csv"
Ordered,040519-B,"Whey Protein - Mango Matcha Latte, Bulk",Bulk,b2b fc may26,b2b fc,0,2026-05-01,2026-04-01,"Copy of Retail Forecast Model 12mr - 2026 - April 8, 12_29 PM - Productlevel FC.csv"
Ordered,040519-J500,"Whey Protein - Mango Matcha Latte, 500g",Whey Protein Powder,b2b fc may26,b2b fc,146,2026-05-01,2026-04-01,"Copy of Retail Forecast Model 12mr - 2026 - April 8, 12_29 PM - Productlevel FC.csv"
Ordered,040519-S,"Whey Protein - Mango Matcha Latte, Sachet",Sachet,b2b fc may26,b2b fc,0,2026-05-01,2026-04-01,"Copy of Retail Forecast Model 12mr - 2026 - April 8, 12_29 PM - Productlevel FC.csv"
Available,040520,"Whey - MixBox, 5x1 Sachets",MixBox,b2b fc may26,b2b fc,0,2026-05-01,2026-04-01,"Copy of Retail Forecast Model 12mr - 2026 - April 8, 12_29 PM - Productlevel FC.csv"
Ordered,040521-B,"Whey Protein - Pure/Natural Matcha Latte, Bulk",Bulk,b2b fc may26,b2b fc,0,2026-05-01,2026-04-01,"Copy of Retail Forecast Model 12mr - 2026 - April 8, 12_29 PM - Productlevel FC.csv"
Ordered,040521-J500,"Whey Protein - Pure/Natural Matcha Latte, 500g",Whey Protein Powder,b2b fc may26,b2b fc,0,2026-05-01,2026-04-01,"Copy of Retail Forecast Model 12mr - 2026 - April 8, 12_29 PM - Productlevel FC.csv"
Ordered,040521-S,"Whey Protein - Pure/Natural Matcha Latte, Sachet",Sachet,b2b fc may26,b2b fc,0,2026-05-01,2026-04-01,"Copy of Retail Forecast Model 12mr - 2026 - April 8, 12_29 PM - Productlevel FC.csv"
Ordered,040522-B,"Whey Protein - Vanillekipferl, Bulk",Bulk,b2b fc may26,b2b fc,0,2026-05-01,2026-04-01,"Copy of Retail Forecast Model 12mr - 2026 - April 8, 12_29 PM - Productlevel FC.csv"
Ordered,040522-J500,"Whey Protein - Vanillekipferl, 500g",Whey Protein Powder,b2b fc may26,b2b fc,0,2026-05-01,2026-04-01,"Copy of Retail Forecast Model 12mr - 2026 - April 8, 12_29 PM - Productlevel FC.csv"
Ordered,040522-S,"Whey Protein - Vanillekipferl, Sachet",Sachet,b2b fc may26,b2b fc,0,2026-05-01,2026-04-01,"Copy of Retail Forecast Model 12mr - 2026 - April 8, 12_29 PM - Productlevel FC.csv"
Available,040601-B,"Whey vegan - Stracciatella, Bulk",Bulk,b2b fc may26,b2b fc,0,2026-05-01,2026-04-01,"Copy of Retail Forecast Model 12mr - 2026 - April 8, 12_29 PM - Productlevel FC.csv"
Available,040601-J500,"Whey vegan - Stracciatella, 500g",Vegan Protein Powder,b2b fc may26,b2b fc,294,2026-05-01,2026-04-01,"Copy of Retail Forecast Model 12mr - 2026 - April 8, 12_29 PM - Productlevel FC.csv"
Available,040601-S,"Whey vegan - Stracciatella, Sachet",Sachet,b2b fc may26,b2b fc,0,2026-05-01,2026-04-01,"Copy of Retail Forecast Model 12mr - 2026 - April 8, 12_29 PM - Productlevel FC.csv"
Available,040602-B,"Whey vegan - Chocolate Hazelnut, Bulk",Bulk,b2b fc may26,b2b fc,0,2026-05-01,2026-04-01,"Copy of Retail Forecast Model 12mr - 2026 - April 8, 12_29 PM - Productlevel FC.csv"
Available,040602-J500,"Whey vegan - Chocolate Hazelnut, 500g",Vegan Protein Powder,b2b fc may26,b2b fc,239,2026-05-01,2026-04-01,"Copy of Retail Forecast Model 12mr - 2026 - April 8, 12_29 PM - Productlevel FC.csv"
Available,040602-S,"Whey vegan - Chocolate Hazelnut, Sachet",Sachet,b2b fc may26,b2b fc,0,2026-05-01,2026-04-01,"Copy of Retail Forecast Model 12mr - 2026 - April 8, 12_29 PM - Productlevel FC.csv"
Available,040603-B,"Whey vegan - Cinnamon Roll, Bulk",Bulk,b2b fc may26,b2b fc,0,2026-05-01,2026-04-01,"Copy of Retail Forecast Model 12mr - 2026 - April 8, 12_29 PM - Productlevel FC.csv"
Available,040603-J500,"Whey vegan - Cinnamon Roll, 500g",Vegan Protein Powder,b2b fc may26,b2b fc,139,2026-05-01,2026-04-01,"Copy of Retail Forecast Model 12mr - 2026 - April 8, 12_29 PM - Productlevel FC.csv"
Available,040603-J500-1,"Whey vegan - Cinnamon Roll, 2x500g",Vegan Protein Powder,b2b fc may26,b2b fc,0,2026-05-01,2026-04-01,"Copy of Retail Forecast Model 12mr - 2026 - April 8, 12_29 PM - Productlevel FC.csv"
Available,040603-S,"Whey vegan - Cinnamon Roll, Sachet",Sachet,b2b fc may26,b2b fc,0,2026-05-01,2026-04-01,"Copy of Retail Forecast Model 12mr - 2026 - April 8, 12_29 PM - Productlevel FC.csv"
Available,040604-B,"Whey vegan - Dark Cookie, Bulk",Bulk,b2b fc may26,b2b fc,0,2026-05-01,2026-04-01,"Copy of Retail Forecast Model 12mr - 2026 - April 8, 12_29 PM - Productlevel FC.csv"
Available,040604-J500,"Whey vegan - Dark Cookie, 500g",Vegan Protein Powder,b2b fc may26,b2b fc,170,2026-05-01,2026-04-01,"Copy of Retail Forecast Model 12mr - 2026 - April 8, 12_29 PM - Productlevel FC.csv"
Available,040604-J500-1,"Whey vegan - Dark Cookie, 2x500g",Vegan Protein Powder,b2b fc may26,b2b fc,0,2026-05-01,2026-04-01,"Copy of Retail Forecast Model 12mr - 2026 - April 8, 12_29 PM - Productlevel FC.csv"
Available,040604-S,"Whey vegan - Dark Cookie, Sachet",Sachet,b2b fc may26,b2b fc,0,2026-05-01,2026-04-01,"Copy of Retail Forecast Model 12mr - 2026 - April 8, 12_29 PM - Productlevel FC.csv"
Available,040605-B,"Vegan Protein Powder - ICED COFFEE, Bulk",Bulk,b2b fc may26,b2b fc,0,2026-05-01,2026-04-01,"Copy of Retail Forecast Model 12mr - 2026 - April 8, 12_29 PM - Productlevel FC.csv"
Available,040605-J500,"Vegan Protein Powder - ICED COFFEE, 500g",Vegan Protein Powder,b2b fc may26,b2b fc,0,2026-05-01,2026-04-01,"Copy of Retail Forecast Model 12mr - 2026 - April 8, 12_29 PM - Productlevel FC.csv"
Available,040605-S,"Vegan Protein Powder - ICED COFFEE, Sachet",Sachet,b2b fc may26,b2b fc,0,2026-05-01,2026-04-01,"Copy of Retail Forecast Model 12mr - 2026 - April 8, 12_29 PM - Productlevel FC.csv"
Available,040620,"Vegan Whey - Mix Box, Sachets",MixBox,b2b fc may26,b2b fc,0,2026-05-01,2026-04-01,"Copy of Retail Forecast Model 12mr - 2026 - April 8, 12_29 PM - Productlevel FC.csv"
Available,040801,"NAS Cacao Powder, 400g",Cacao Powder,b2b fc may26,b2b fc,0,2026-05-01,2026-04-01,"Copy of Retail Forecast Model 12mr - 2026 - April 8, 12_29 PM - Productlevel FC.csv"
Available,040901,"Sugar Replacer, 1000g",Sugar Replacer,b2b fc may26,b2b fc,0,2026-05-01,2026-04-01,"Copy of Retail Forecast Model 12mr - 2026 - April 8, 12_29 PM - Productlevel FC.csv"
Available,041001,NAS Götterspeise - Waldmeister,Jelly,b2b fc may26,b2b fc,0,2026-05-01,2026-04-01,"Copy of Retail Forecast Model 12mr - 2026 - April 8, 12_29 PM - Productlevel FC.csv"
Available,041001-B,"NAS Götterspeise - Waldmeister, Bulk",Bulk,b2b fc may26,b2b fc,0,2026-05-01,2026-04-01,"Copy of Retail Forecast Model 12mr - 2026 - April 8, 12_29 PM - Productlevel FC.csv"
Available,041001-S,"NAS Götterspeise - Waldmeister, Sachet 15g",Sachet,b2b fc may26,b2b fc,0,2026-05-01,2026-04-01,"Copy of Retail Forecast Model 12mr - 2026 - April 8, 12_29 PM - Productlevel FC.csv"
Available,041002,NAS Götterspeise - Cherry,Jelly,b2b fc may26,b2b fc,0,2026-05-01,2026-04-01,"Copy of Retail Forecast Model 12mr - 2026 - April 8, 12_29 PM - Productlevel FC.csv"
Available,041002-B,"NAS Götterspeise - Cherry, Bulk",Bulk,b2b fc may26,b2b fc,0,2026-05-01,2026-04-01,"Copy of Retail Forecast Model 12mr - 2026 - April 8, 12_29 PM - Productlevel FC.csv"
Available,041002-S,"NAS Götterspeise - Cherry, Sachet 15g",Sachet,b2b fc may26,b2b fc,0,2026-05-01,2026-04-01,"Copy of Retail Forecast Model 12mr - 2026 - April 8, 12_29 PM - Productlevel FC.csv"
Available,041003,NAS Götterspeise - Lemon,Jelly,b2b fc may26,b2b fc,0,2026-05-01,2026-04-01,"Copy of Retail Forecast Model 12mr - 2026 - April 8, 12_29 PM - Productlevel FC.csv"
Available,041003-B,"NAS Götterspeise - Lemon, Bulk",Bulk,b2b fc may26,b2b fc,0,2026-05-01,2026-04-01,"Copy of Retail Forecast Model 12mr - 2026 - April 8, 12_29 PM - Productlevel FC.csv"
Available,041003-S,"NAS Götterspeise - Lemon, Sachet 15g",Sachet,b2b fc may26,b2b fc,0,2026-05-01,2026-04-01,"Copy of Retail Forecast Model 12mr - 2026 - April 8, 12_29 PM - Productlevel FC.csv"
Available,041020,NAS Götterspeise Mix Box - 6 Sachets + 6 Vanilla Sauce,Jelly,b2b fc may26,b2b fc,0,2026-05-01,2026-04-01,"Copy of Retail Forecast Model 12mr - 2026 - April 8, 12_29 PM - Productlevel FC.csv"
Available,041101-250,"NAS Sauce - Vanilla,  250g",Vanilla Sauce,b2b fc may26,b2b fc,0,2026-05-01,2026-04-01,"Copy of Retail Forecast Model 12mr - 2026 - April 8, 12_29 PM - Productlevel FC.csv"
Available,041101-B,"NAS Sauce - Vanilla, Bulk",Bulk,b2b fc may26,b2b fc,0,2026-05-01,2026-04-01,"Copy of Retail Forecast Model 12mr - 2026 - April 8, 12_29 PM - Productlevel FC.csv"
Available,041101-S,"NAS Sauce - Vanilla, Sachet 25g",Sachet,b2b fc may26,b2b fc,0,2026-05-01,2026-04-01,"Copy of Retail Forecast Model 12mr - 2026 - April 8, 12_29 PM - Productlevel FC.csv"
Available,041120,"Vanilla Sauce MixBox, 5x25g",Vanilla Sauce,b2b fc may26,b2b fc,0,2026-05-01,2026-04-01,"Copy of Retail Forecast Model 12mr - 2026 - April 8, 12_29 PM - Productlevel FC.csv"
Available,050101,"Crazy Hazel Nougat Cream Low Sugar, 200g",Spreads,b2b fc may26,b2b fc,38859,2026-05-01,2026-04-01,"Copy of Retail Forecast Model 12mr - 2026 - April 8, 12_29 PM - Productlevel FC.csv"
Available,050101-B,"Crazy Hazel Nougat Cream Low Sugar, Bucket 20kg",Bulk,b2b fc may26,b2b fc,0,2026-05-01,2026-04-01,"Copy of Retail Forecast Model 12mr - 2026 - April 8, 12_29 PM - Productlevel FC.csv"
Available,050101-J350,"Crazy Hazel Nougat Cream Low Sugar, 350g",Spreads,b2b fc may26,b2b fc,0,2026-05-01,2026-04-01,"Copy of Retail Forecast Model 12mr - 2026 - April 8, 12_29 PM - Productlevel FC.csv"
Available,050102,"Crazy Hazel vegan Nougat Cream Low Sugar, 200g",Spreads,b2b fc may26,b2b fc,7803,2026-05-01,2026-04-01,"Copy of Retail Forecast Model 12mr - 2026 - April 8, 12_29 PM - Productlevel FC.csv"
Available,050102-B,"Crazy Hazel vegan Nougat Cream Low Sugar, Bucket 20kg",Bulk,b2b fc may26,b2b fc,0,2026-05-01,2026-04-01,"Copy of Retail Forecast Model 12mr - 2026 - April 8, 12_29 PM - Productlevel FC.csv"
Available,050103,"Crazy Hazel White Choco Cream, 200g",Spreads,b2b fc may26,b2b fc,50229,2026-05-01,2026-04-01,"Copy of Retail Forecast Model 12mr - 2026 - April 8, 12_29 PM - Productlevel FC.csv"
Available,050103-B,"Crazy Hazel White Choco Cream, Bucket 20kg",Bulk,b2b fc may26,b2b fc,0,2026-05-01,2026-04-01,"Copy of Retail Forecast Model 12mr - 2026 - April 8, 12_29 PM - Productlevel FC.csv"
Available,050103-J350,"Crazy Hazel White Choco Cream, 350g",Spreads,b2b fc may26,b2b fc,0,2026-05-01,2026-04-01,"Copy of Retail Forecast Model 12mr - 2026 - April 8, 12_29 PM - Productlevel FC.csv"
Available,050104,"Crazy Hazel White Crunchy, 200g",Spreads,b2b fc may26,b2b fc,197,2026-05-01,2026-04-01,"Copy of Retail Forecast Model 12mr - 2026 - April 8, 12_29 PM - Productlevel FC.csv"
Available,050105,"Crazy Pistacchio, 200g",Spreads,b2b fc may26,b2b fc,24535,2026-05-01,2026-04-01,"Copy of Retail Forecast Model 12mr - 2026 - April 8, 12_29 PM - Productlevel FC.csv"
Available,050105-B,"Crazy Pistacchio, Bucket 20kg",Bulk,b2b fc may26,b2b fc,0,2026-05-01,2026-04-01,"Copy of Retail Forecast Model 12mr - 2026 - April 8, 12_29 PM - Productlevel FC.csv"
Available,050105-J350,"Crazy Pistacchio, 350g",Spreads,b2b fc may26,b2b fc,0,2026-05-01,2026-04-01,"Copy of Retail Forecast Model 12mr - 2026 - April 8, 12_29 PM - Productlevel FC.csv"
Available,050106-1,"Spread Tray Bundle (Normal, White, Pistachio), 6x200g",Spreads,b2b fc may26,b2b fc,0,2026-05-01,2026-04-01,"Copy of Retail Forecast Model 12mr - 2026 - April 8, 12_29 PM - Productlevel FC.csv"
Available,050107,"Crazy Spekulatius, 200g",Spreads,b2b fc may26,b2b fc,0,2026-05-01,2026-04-01,"Copy of Retail Forecast Model 12mr - 2026 - April 8, 12_29 PM - Productlevel FC.csv"
Available,050108,"Crunchy Crazy Pistachio, 200g",Spreads,b2b fc may26,b2b fc,0,2026-05-01,2026-04-01,"Copy of Retail Forecast Model 12mr - 2026 - April 8, 12_29 PM - Productlevel FC.csv"
Available,050109,"Crunchy Crazy Hazel, 200g",Spreads,b2b fc may26,b2b fc,0,2026-05-01,2026-04-01,"Copy of Retail Forecast Model 12mr - 2026 - April 8, 12_29 PM - Productlevel FC.csv"
Available,050202,ahead Crunchies Crazy Hazel 1x 240g,Cereals,b2b fc may26,b2b fc,5721,2026-05-01,2026-04-01,"Copy of Retail Forecast Model 12mr - 2026 - April 8, 12_29 PM - Productlevel FC.csv"
Available,050203,ahead Crunchies White Crazy Hazel 1x 240g,Cereals,b2b fc may26,b2b fc,6164,2026-05-01,2026-04-01,"Copy of Retail Forecast Model 12mr - 2026 - April 8, 12_29 PM - Productlevel FC.csv"
NPD,050204,NAS Cereal - Cinnamon Rings/Hoops ('Cinni Minis'),Cereals,b2b fc may26,b2b fc,2892,2026-05-01,2026-04-01,"Copy of Retail Forecast Model 12mr - 2026 - April 8, 12_29 PM - Productlevel FC.csv"
NPD,050205,NAS Cereal - Chocolate Rings/Hoops,Cereals,b2b fc may26,b2b fc,0,2026-05-01,2026-04-01,"Copy of Retail Forecast Model 12mr - 2026 - April 8, 12_29 PM - Productlevel FC.csv"
NPD,050208,NAS/Protein Bites (Cereal) - Tutti Frutti Flavour 210g,Cereals,b2b fc may26,b2b fc,5903,2026-05-01,2026-04-01,"Copy of Retail Forecast Model 12mr - 2026 - April 8, 12_29 PM - Productlevel FC.csv"
Available,050301,"Jam - Strawberry, 200g",Jams,b2b fc may26,b2b fc,6259,2026-05-01,2026-04-01,"Copy of Retail Forecast Model 12mr - 2026 - April 8, 12_29 PM - Productlevel FC.csv"
Available,050302,"Jam - Raspberry, 200g",Jams,b2b fc may26,b2b fc,5416,2026-05-01,2026-04-01,"Copy of Retail Forecast Model 12mr - 2026 - April 8, 12_29 PM - Productlevel FC.csv"
Available,050303,"Jam - Black Currant, 200g",Jams,b2b fc may26,b2b fc,6076,2026-05-01,2026-04-01,"Copy of Retail Forecast Model 12mr - 2026 - April 8, 12_29 PM - Productlevel FC.csv"
Available,050304,"Jam - Cinnamon Plum, 200g",Jams,b2b fc may26,b2b fc,0,2026-05-01,2026-04-01,"Copy of Retail Forecast Model 12mr - 2026 - April 8, 12_29 PM - Productlevel FC.csv"
Available,050306,"Winter Jam - Sour Cherry, 200g",Jams,b2b fc may26,b2b fc,0,2026-05-01,2026-04-01,"Copy of Retail Forecast Model 12mr - 2026 - April 8, 12_29 PM - Productlevel FC.csv"
Available,304080,"ahead - Partnerships, MixBox",MixBox,b2b fc may26,b2b fc,0,2026-05-01,2026-04-01,"Copy of Retail Forecast Model 12mr - 2026 - April 8, 12_29 PM - Productlevel FC.csv"
Available,305040,"ahead - Partnerships, Gummies MixBox",MixBox,b2b fc may26,b2b fc,0,2026-05-01,2026-04-01,"Copy of Retail Forecast Model 12mr - 2026 - April 8, 12_29 PM - Productlevel FC.csv"
Available,010102,ahead Low Sugar Chocolate Bar - Coconut Almond 35g,Chocolate Bars,b2b fc jun26,b2b fc,33085,2026-06-01,2026-04-01,"Copy of Retail Forecast Model 12mr - 2026 - April 8, 12_29 PM - Productlevel FC.csv"
Available,010103,ahead Low Sugar Chocolate Bar - Salted Peanut Caramel 35g,Chocolate Bars,b2b fc jun26,b2b fc,230190,2026-06-01,2026-04-01,"Copy of Retail Forecast Model 12mr - 2026 - April 8, 12_29 PM - Productlevel FC.csv"
Available,010104,ahead Low Sugar Chocolate Bar - Hazelnut Cacao 35g,Chocolate Bars,b2b fc jun26,b2b fc,90742,2026-06-01,2026-04-01,"Copy of Retail Forecast Model 12mr - 2026 - April 8, 12_29 PM - Productlevel FC.csv"
Available,010105,ahead Low Sugar Chocolate Bar - Crunchy Nougat 35g,Chocolate Bars,b2b fc jun26,b2b fc,24318,2026-06-01,2026-04-01,"Copy of Retail Forecast Model 12mr - 2026 - April 8, 12_29 PM - Productlevel FC.csv"
Available,010124,ahead Low Sugar Chocolate Bar - Mix Box 2.0  4x3,Chocolate Bars,b2b fc jun26,b2b fc,0,2026-06-01,2026-04-01,"Copy of Retail Forecast Model 12mr - 2026 - April 8, 12_29 PM - Productlevel FC.csv"
Available,010125,ahead Low Sugar Chocolate Bar - Mix Box 3.0 4x3,Chocolate Bars,b2b fc jun26,b2b fc,0,2026-06-01,2026-04-01,"Copy of Retail Forecast Model 12mr - 2026 - April 8, 12_29 PM - Productlevel FC.csv"
Available,010201,"Ahead Low Sugar Nut Bar - Coconut Almond, 35g",Nut Bars,b2b fc jun26,b2b fc,23716,2026-06-01,2026-04-01,"Copy of Retail Forecast Model 12mr - 2026 - April 8, 12_29 PM - Productlevel FC.csv"
Available,010202,"Ahead Low Sugar Nut Bar - Cashew Pretzel, 35g",Nut Bars,b2b fc jun26,b2b fc,88779,2026-06-01,2026-04-01,"Copy of Retail Forecast Model 12mr - 2026 - April 8, 12_29 PM - Productlevel FC.csv"
Available,010203,"Ahead Low Sugar Nut Bar - Dark & Salty, 35g",Nut Bars,b2b fc jun26,b2b fc,33546,2026-06-01,2026-04-01,"Copy of Retail Forecast Model 12mr - 2026 - April 8, 12_29 PM - Productlevel FC.csv"
Available,010220,ahead Low Sugar Nut Bar - Mix Box 3x4,Nut Bars,b2b fc jun26,b2b fc,0,2026-06-01,2026-04-01,"Copy of Retail Forecast Model 12mr - 2026 - April 8, 12_29 PM - Productlevel FC.csv"
Available,010301,"ahead Protein Bar - COOKIES & CREAM, 45g",Protein Bars,b2b fc jun26,b2b fc,56990,2026-06-01,2026-04-01,"Copy of Retail Forecast Model 12mr - 2026 - April 8, 12_29 PM - Productlevel FC.csv"
Available,010302,"ahead Protein Bar - PEANUT CARAMEL, 45g",Protein Bars,b2b fc jun26,b2b fc,39613,2026-06-01,2026-04-01,"Copy of Retail Forecast Model 12mr - 2026 - April 8, 12_29 PM - Productlevel FC.csv"
Available,010303,"ahead Protein Bar - HAZELNUT NOUGAT, 45g",Protein Bars,b2b fc jun26,b2b fc,24644,2026-06-01,2026-04-01,"Copy of Retail Forecast Model 12mr - 2026 - April 8, 12_29 PM - Productlevel FC.csv"
Available,010304,"ahead Protein Bar - COCONUT ALMOND, 45g",Protein Bars,b2b fc jun26,b2b fc,47772,2026-06-01,2026-04-01,"Copy of Retail Forecast Model 12mr - 2026 - April 8, 12_29 PM - Productlevel FC.csv"
Available,010305,"ahead Protein Bar - FUDGE CHOCOLATE BROWNIE, 45g",Protein Bars,b2b fc jun26,b2b fc,70224,2026-06-01,2026-04-01,"Copy of Retail Forecast Model 12mr - 2026 - April 8, 12_29 PM - Productlevel FC.csv"
Ordered,010306,"ahead Protein Bar - DARK CHOCOLATE RASPBERRY, 45g",Protein Bars,b2b fc jun26,b2b fc,21381,2026-06-01,2026-04-01,"Copy of Retail Forecast Model 12mr - 2026 - April 8, 12_29 PM - Productlevel FC.csv"
Available,010307,"ahead Protein Bar - LEMON CHEESECAKE , 45g",Protein Bars,b2b fc jun26,b2b fc,71518,2026-06-01,2026-04-01,"Copy of Retail Forecast Model 12mr - 2026 - April 8, 12_29 PM - Productlevel FC.csv"
Ordered,010308,"ahead Protein Bar - Strawberry Yogurt, 45g",Protein Bars,b2b fc jun26,b2b fc,21381,2026-06-01,2026-04-01,"Copy of Retail Forecast Model 12mr - 2026 - April 8, 12_29 PM - Productlevel FC.csv"
Available,010309,"ahead Protein Bar - Dominostein, 45g",Protein Bars,b2b fc jun26,b2b fc,0,2026-06-01,2026-04-01,"Copy of Retail Forecast Model 12mr - 2026 - April 8, 12_29 PM - Productlevel FC.csv"
Available,010310,"ahead Protein Bar - Linzer Flavour, 45g",Protein Bars,b2b fc jun26,b2b fc,0,2026-06-01,2026-04-01,"Copy of Retail Forecast Model 12mr - 2026 - April 8, 12_29 PM - Productlevel FC.csv"
NPD,010311,"ahead Protein Bar - Winter3, 45g",Protein Bars,b2b fc jun26,b2b fc,0,2026-06-01,2026-04-01,"Copy of Retail Forecast Model 12mr - 2026 - April 8, 12_29 PM - Productlevel FC.csv"
Available,010320,Protein Mix Box - 12 Bars,Protein Bars,b2b fc jun26,b2b fc,0,2026-06-01,2026-04-01,"Copy of Retail Forecast Model 12mr - 2026 - April 8, 12_29 PM - Productlevel FC.csv"
NPD,010321,Protein MixBox - Limited Edition (6x 45g),Protein Bars,b2b fc jun26,b2b fc,0,2026-06-01,2026-04-01,"Copy of Retail Forecast Model 12mr - 2026 - April 8, 12_29 PM - Productlevel FC.csv"
Available,010401,PB Cups - Milk Chocolate 2x17g,NB Cups,b2b fc jun26,b2b fc,871,2026-06-01,2026-04-01,"Copy of Retail Forecast Model 12mr - 2026 - April 8, 12_29 PM - Productlevel FC.csv"
Available,010402,PB Cups - Dark Chocolate 2x17g,NB Cups,b2b fc jun26,b2b fc,741,2026-06-01,2026-04-01,"Copy of Retail Forecast Model 12mr - 2026 - April 8, 12_29 PM - Productlevel FC.csv"
Available,010403,PB Cups - White Chocolate 2x17g,NB Cups,b2b fc jun26,b2b fc,0,2026-06-01,2026-04-01,"Copy of Retail Forecast Model 12mr - 2026 - April 8, 12_29 PM - Productlevel FC.csv"
Available,010405,PisB Cups - White Chocolate 2x17g,NB Cups,b2b fc jun26,b2b fc,1110,2026-06-01,2026-04-01,"Copy of Retail Forecast Model 12mr - 2026 - April 8, 12_29 PM - Productlevel FC.csv"
Available,010406,Butter Cups - Milk Chocolate Lebkuchen (Gingerbread) 2x17g,NB Cups,b2b fc jun26,b2b fc,0,2026-06-01,2026-04-01,"Copy of Retail Forecast Model 12mr - 2026 - April 8, 12_29 PM - Productlevel FC.csv"
Available,010407,Butter Cups - White Chocolate Vanillekipferl 2x17g,NB Cups,b2b fc jun26,b2b fc,0,2026-06-01,2026-04-01,"Copy of Retail Forecast Model 12mr - 2026 - April 8, 12_29 PM - Productlevel FC.csv"
Available,010408,Butter Cups - Dark Chocolate Marzipan 2x17g,NB Cups,b2b fc jun26,b2b fc,0,2026-06-01,2026-04-01,"Copy of Retail Forecast Model 12mr - 2026 - April 8, 12_29 PM - Productlevel FC.csv"
Ordered,010409,Butter Cups - Pumpkin Spice 2x17g,NB Cups,b2b fc jun26,b2b fc,0,2026-06-01,2026-04-01,"Copy of Retail Forecast Model 12mr - 2026 - April 8, 12_29 PM - Productlevel FC.csv"
NPD,010410,High Protein Peanut Butter Cups with Peanut Pieces (2x34g),NB Cups,b2b fc jun26,b2b fc,31071,2026-06-01,2026-04-01,"Copy of Retail Forecast Model 12mr - 2026 - April 8, 12_29 PM - Productlevel FC.csv"
NPD,010411,High Protein Hazelnut Butter Cups with Hazelnut Pieces (2x34g),NB Cups,b2b fc jun26,b2b fc,9701,2026-06-01,2026-04-01,"Copy of Retail Forecast Model 12mr - 2026 - April 8, 12_29 PM - Productlevel FC.csv"
NPD,010412,High Protein Pistachio Butter Cups with Pistachio Pieces (2x34g),NB Cups,b2b fc jun26,b2b fc,30785,2026-06-01,2026-04-01,"Copy of Retail Forecast Model 12mr - 2026 - April 8, 12_29 PM - Productlevel FC.csv"
Available,010420,"NutButter Cups  MixBox, 10 stk",NB Cups,b2b fc jun26,b2b fc,0,2026-06-01,2026-04-01,"Copy of Retail Forecast Model 12mr - 2026 - April 8, 12_29 PM - Productlevel FC.csv"
NPD,010421,NutButter Cups  MixBox - Limited Edition (6x 34g),NB Cups,b2b fc jun26,b2b fc,0,2026-06-01,2026-04-01,"Copy of Retail Forecast Model 12mr - 2026 - April 8, 12_29 PM - Productlevel FC.csv"
Available,010501,ahead Soft Baked Cookies Box 4x40g,Cookies,b2b fc jun26,b2b fc,28727,2026-06-01,2026-04-01,"Copy of Retail Forecast Model 12mr - 2026 - April 8, 12_29 PM - Productlevel FC.csv"
NPD,010502,Soft Cookie - Chocolate Chip & Hazelnut 4x40g,Cookies,b2b fc jun26,b2b fc,16510,2026-06-01,2026-04-01,"Copy of Retail Forecast Model 12mr - 2026 - April 8, 12_29 PM - Productlevel FC.csv"
Ordered,010503,"Soft Cookie - Lebkuchen Style, 4x40g",Cookies,b2b fc jun26,b2b fc,0,2026-06-01,2026-04-01,"Copy of Retail Forecast Model 12mr - 2026 - April 8, 12_29 PM - Productlevel FC.csv"
Available,010601,"ahead Gummies - Cola Bottles, 50g",Gummies,b2b fc jun26,b2b fc,365109,2026-06-01,2026-04-01,"Copy of Retail Forecast Model 12mr - 2026 - April 8, 12_29 PM - Productlevel FC.csv"
Available,010602,"ahead Gummies - Fluffy Hearts, 50g",Gummies,b2b fc jun26,b2b fc,170598,2026-06-01,2026-04-01,"Copy of Retail Forecast Model 12mr - 2026 - April 8, 12_29 PM - Productlevel FC.csv"
Available,010603,"ahead Gummies - Sweet Peaches, 50g",Gummies,b2b fc jun26,b2b fc,114802,2026-06-01,2026-04-01,"Copy of Retail Forecast Model 12mr - 2026 - April 8, 12_29 PM - Productlevel FC.csv"
Available,010604,"ahead Gummies - Sour Cherries, 50g",Gummies,b2b fc jun26,b2b fc,232583,2026-06-01,2026-04-01,"Copy of Retail Forecast Model 12mr - 2026 - April 8, 12_29 PM - Productlevel FC.csv"
Ordered,010605,"ahead Gummies - Vampires, 50g",Gummies,b2b fc jun26,b2b fc,85844,2026-06-01,2026-04-01,"Copy of Retail Forecast Model 12mr - 2026 - April 8, 12_29 PM - Productlevel FC.csv"
Available,010606,"ahead Gummies - Green Apples, 50g",Gummies,b2b fc jun26,b2b fc,402166,2026-06-01,2026-04-01,"Copy of Retail Forecast Model 12mr - 2026 - April 8, 12_29 PM - Productlevel FC.csv"
NPD,010607,"Gummies - Sour Worms, 50g",Gummies,b2b fc jun26,b2b fc,87893,2026-06-01,2026-04-01,"Copy of Retail Forecast Model 12mr - 2026 - April 8, 12_29 PM - Productlevel FC.csv"
NPD,010608,"Gummies - Crazy Frogs, 50g",Gummies,b2b fc jun26,b2b fc,87797,2026-06-01,2026-04-01,"Copy of Retail Forecast Model 12mr - 2026 - April 8, 12_29 PM - Productlevel FC.csv"
Ordered,010609,"Gummies - Goldbären, 50g",Gummies,b2b fc jun26,b2b fc,113098,2026-06-01,2026-04-01,"Copy of Retail Forecast Model 12mr - 2026 - April 8, 12_29 PM - Productlevel FC.csv"
Available,010610,"Gummies - Winter Friends, 50g",Gummies,b2b fc jun26,b2b fc,0,2026-06-01,2026-04-01,"Copy of Retail Forecast Model 12mr - 2026 - April 8, 12_29 PM - Productlevel FC.csv"
Available,010611,"Gummies - Winter Magic, 50g",Gummies,b2b fc jun26,b2b fc,0,2026-06-01,2026-04-01,"Copy of Retail Forecast Model 12mr - 2026 - April 8, 12_29 PM - Productlevel FC.csv"
Available,010612,"Gummies - Sweet Hearts, 50g",Gummies,b2b fc jun26,b2b fc,64670,2026-06-01,2026-04-01,"Copy of Retail Forecast Model 12mr - 2026 - April 8, 12_29 PM - Productlevel FC.csv"
Available,010620,"ahead Gummies - Mix Box, 12x50g",Gummies,b2b fc jun26,b2b fc,0,2026-06-01,2026-04-01,"Copy of Retail Forecast Model 12mr - 2026 - April 8, 12_29 PM - Productlevel FC.csv"
Available,010701,"Hazelnut Crunch Caramel Bar, 38g",Caramel Bars,b2b fc jun26,b2b fc,17963,2026-06-01,2026-04-01,"Copy of Retail Forecast Model 12mr - 2026 - April 8, 12_29 PM - Productlevel FC.csv"
Available,010702,"Popcorn Crunch Caramel Bar, 38g",Caramel Bars,b2b fc jun26,b2b fc,13305,2026-06-01,2026-04-01,"Copy of Retail Forecast Model 12mr - 2026 - April 8, 12_29 PM - Productlevel FC.csv"
Ordered,010703,"Peanut Crunch Caramel Bar, 38g",Caramel Bars,b2b fc jun26,b2b fc,0,2026-06-01,2026-04-01,"Copy of Retail Forecast Model 12mr - 2026 - April 8, 12_29 PM - Productlevel FC.csv"
Available,010801,"Chocolate Chunks - Dark Chocolate, 175g",Chocolate Chunks,b2b fc jun26,b2b fc,0,2026-06-01,2026-04-01,"Copy of Retail Forecast Model 12mr - 2026 - April 8, 12_29 PM - Productlevel FC.csv"
Available,010801-B150,"Chocolate Chunks - Dark Chocolate, 150g",Chocolate Chunks,b2b fc jun26,b2b fc,0,2026-06-01,2026-04-01,"Copy of Retail Forecast Model 12mr - 2026 - April 8, 12_29 PM - Productlevel FC.csv"
Available,010802,"Chocolate Chunks - White Chocolate, 175g",Chocolate Chunks,b2b fc jun26,b2b fc,0,2026-06-01,2026-04-01,"Copy of Retail Forecast Model 12mr - 2026 - April 8, 12_29 PM - Productlevel FC.csv"
Available,010802-B150,"Chocolate Chunks - White Chocolate, 150g",Chocolate Chunks,b2b fc jun26,b2b fc,0,2026-06-01,2026-04-01,"Copy of Retail Forecast Model 12mr - 2026 - April 8, 12_29 PM - Productlevel FC.csv"
Available,010803,"Chocolate Chunks - Marbled Chocolate, 175g",Chocolate Chunks,b2b fc jun26,b2b fc,0,2026-06-01,2026-04-01,"Copy of Retail Forecast Model 12mr - 2026 - April 8, 12_29 PM - Productlevel FC.csv"
Available,010803-B150,"Chocolate Chunks - Marbled Chocolate, 150g",Chocolate Chunks,b2b fc jun26,b2b fc,0,2026-06-01,2026-04-01,"Copy of Retail Forecast Model 12mr - 2026 - April 8, 12_29 PM - Productlevel FC.csv"
Available,010804,"Chocolate Chunks - Strawberry Yoghurt Flavour, 150g",Chocolate Chunks,b2b fc jun26,b2b fc,0,2026-06-01,2026-04-01,"Copy of Retail Forecast Model 12mr - 2026 - April 8, 12_29 PM - Productlevel FC.csv"
Available,010805,"Chocolate Chunks - Milk Chocolate, 150g",Chocolate Chunks,b2b fc jun26,b2b fc,0,2026-06-01,2026-04-01,"Copy of Retail Forecast Model 12mr - 2026 - April 8, 12_29 PM - Productlevel FC.csv"
Available,010806,"Coco Chunks - White Coconut, 150g",Chocolate Chunks,b2b fc jun26,b2b fc,0,2026-06-01,2026-04-01,"Copy of Retail Forecast Model 12mr - 2026 - April 8, 12_29 PM - Productlevel FC.csv"
Available,010901,"Wafer Bar - Crazy Hazel, 30g",Wafer Bars,b2b fc jun26,b2b fc,23981,2026-06-01,2026-04-01,"Copy of Retail Forecast Model 12mr - 2026 - April 8, 12_29 PM - Productlevel FC.csv"
Available,010902,"Wafer Bar - Crazy Hazel White, 30g",Wafer Bars,b2b fc jun26,b2b fc,29181,2026-06-01,2026-04-01,"Copy of Retail Forecast Model 12mr - 2026 - April 8, 12_29 PM - Productlevel FC.csv"
Available,010903,"Wafer Bar - Crazy Pistachio, 30g",Wafer Bars,b2b fc jun26,b2b fc,28024,2026-06-01,2026-04-01,"Copy of Retail Forecast Model 12mr - 2026 - April 8, 12_29 PM - Productlevel FC.csv"
Available,010920,Wafer Bar Mix Box (12x30g),Wafer Bars,b2b fc jun26,b2b fc,0,2026-06-01,2026-04-01,"Copy of Retail Forecast Model 12mr - 2026 - April 8, 12_29 PM - Productlevel FC.csv"
Ordered,011901,"NAS Cookies - Dark Cocoa, 176g",NAS Oreos,b2b fc jun26,b2b fc,0,2026-06-01,2026-04-01,"Copy of Retail Forecast Model 12mr - 2026 - April 8, 12_29 PM - Productlevel FC.csv"
Ordered,011902,"NAS Cookies - Light Vanilla, 176g",NAS Oreos,b2b fc jun26,b2b fc,0,2026-06-01,2026-04-01,"Copy of Retail Forecast Model 12mr - 2026 - April 8, 12_29 PM - Productlevel FC.csv"
Available,020101,"ahead Crispies Paprika, 50g",Crispies,b2b fc jun26,b2b fc,27713,2026-06-01,2026-04-01,"Copy of Retail Forecast Model 12mr - 2026 - April 8, 12_29 PM - Productlevel FC.csv"
Available,020102,"ahead Crispies Cheese, 50g",Crispies,b2b fc jun26,b2b fc,23570,2026-06-01,2026-04-01,"Copy of Retail Forecast Model 12mr - 2026 - April 8, 12_29 PM - Productlevel FC.csv"
Available,020103,"ahead Crispies Sour Cream, 50g",Crispies,b2b fc jun26,b2b fc,27045,2026-06-01,2026-04-01,"Copy of Retail Forecast Model 12mr - 2026 - April 8, 12_29 PM - Productlevel FC.csv"
NPD,020106,"Protein Flips - Truffle, 50g",Crispies,b2b fc jun26,b2b fc,17839,2026-06-01,2026-04-01,"Copy of Retail Forecast Model 12mr - 2026 - April 8, 12_29 PM - Productlevel FC.csv"
NPD,020107,"Protein Flips - (Salt & Vinegar), 50g",Crispies,b2b fc jun26,b2b fc,17839,2026-06-01,2026-04-01,"Copy of Retail Forecast Model 12mr - 2026 - April 8, 12_29 PM - Productlevel FC.csv"
Available,020120,"Crispies Mix Box, 6x50g",Crispies,b2b fc jun26,b2b fc,0,2026-06-01,2026-04-01,"Copy of Retail Forecast Model 12mr - 2026 - April 8, 12_29 PM - Productlevel FC.csv"
NPD,020201,"Protein Chips - Sweet Chili, 50g",Crispies,b2b fc jun26,b2b fc,0,2026-06-01,2026-04-01,"Copy of Retail Forecast Model 12mr - 2026 - April 8, 12_29 PM - Productlevel FC.csv"
NPD,020202,"Protein Chips - BBQ, 50g",Crispies,b2b fc jun26,b2b fc,0,2026-06-01,2026-04-01,"Copy of Retail Forecast Model 12mr - 2026 - April 8, 12_29 PM - Productlevel FC.csv"
NPD,020301,"Popped Tortilla Chips - Sour Cream & Green Onion, 60g",Popped Chips,b2b fc jun26,b2b fc,0,2026-06-01,2026-04-01,"Copy of Retail Forecast Model 12mr - 2026 - April 8, 12_29 PM - Productlevel FC.csv"
NPD,020302,"Popped Tortilla Chips - Sundried Tomato & Black Olive Flavour, 60g",Popped Chips,b2b fc jun26,b2b fc,0,2026-06-01,2026-04-01,"Copy of Retail Forecast Model 12mr - 2026 - April 8, 12_29 PM - Productlevel FC.csv"
NPD,020303,"Popped Tortilla Chips - Barbecue Flavour, 60g",Popped Chips,b2b fc jun26,b2b fc,0,2026-06-01,2026-04-01,"Copy of Retail Forecast Model 12mr - 2026 - April 8, 12_29 PM - Productlevel FC.csv"
NPD,020304,"Popped Tortilla Chips - Nacho Cheese & Jalapeno, 60g",Popped Chips,b2b fc jun26,b2b fc,0,2026-06-01,2026-04-01,"Copy of Retail Forecast Model 12mr - 2026 - April 8, 12_29 PM - Productlevel FC.csv"
Available,030201,Peach Ice Tea Zero Sugar Sirup 48ml,ZeroSugar Sirup,b2b fc jun26,b2b fc,29402,2026-06-01,2026-04-01,"Copy of Retail Forecast Model 12mr - 2026 - April 8, 12_29 PM - Productlevel FC.csv"
Available,030202,Lemon Zero Sugar Sirup 48ml,ZeroSugar Sirup,b2b fc jun26,b2b fc,8449,2026-06-01,2026-04-01,"Copy of Retail Forecast Model 12mr - 2026 - April 8, 12_29 PM - Productlevel FC.csv"
Available,030203,Cherry Zero Sugar Sirup  48ml,ZeroSugar Sirup,b2b fc jun26,b2b fc,11846,2026-06-01,2026-04-01,"Copy of Retail Forecast Model 12mr - 2026 - April 8, 12_29 PM - Productlevel FC.csv"
Available,030204,Mango Passionfruit Zero Sugar Sirup 48ml,ZeroSugar Sirup,b2b fc jun26,b2b fc,13971,2026-06-01,2026-04-01,"Copy of Retail Forecast Model 12mr - 2026 - April 8, 12_29 PM - Productlevel FC.csv"
Available,030205,Apple Zero Sugar Sirup 48ml,ZeroSugar Sirup,b2b fc jun26,b2b fc,10026,2026-06-01,2026-04-01,"Copy of Retail Forecast Model 12mr - 2026 - April 8, 12_29 PM - Productlevel FC.csv"
Available,030206,Holunderblüte Zero Sugar Sirup 48ml,ZeroSugar Sirup,b2b fc jun26,b2b fc,7950,2026-06-01,2026-04-01,"Copy of Retail Forecast Model 12mr - 2026 - April 8, 12_29 PM - Productlevel FC.csv"
Available,030207,Orange Zero Sugar Sirup 48ml,ZeroSugar Sirup,b2b fc jun26,b2b fc,7636,2026-06-01,2026-04-01,"Copy of Retail Forecast Model 12mr - 2026 - April 8, 12_29 PM - Productlevel FC.csv"
Available,030208,Bitter Lemon Zero Sugar Sirup 48ml,ZeroSugar Sirup,b2b fc jun26,b2b fc,4365,2026-06-01,2026-04-01,"Copy of Retail Forecast Model 12mr - 2026 - April 8, 12_29 PM - Productlevel FC.csv"
Available,030209,Watermelon Zero Sugar Sirup 48ml,ZeroSugar Sirup,b2b fc jun26,b2b fc,6501,2026-06-01,2026-04-01,"Copy of Retail Forecast Model 12mr - 2026 - April 8, 12_29 PM - Productlevel FC.csv"
Available,030210,Lime-Mint Zero Sugar Sirup 48ml,ZeroSugar Sirup,b2b fc jun26,b2b fc,5171,2026-06-01,2026-04-01,"Copy of Retail Forecast Model 12mr - 2026 - April 8, 12_29 PM - Productlevel FC.csv"
Available,030211,Strawberry Lemonade Zero Sugar Sirup 48ml,ZeroSugar Sirup,b2b fc jun26,b2b fc,5111,2026-06-01,2026-04-01,"Copy of Retail Forecast Model 12mr - 2026 - April 8, 12_29 PM - Productlevel FC.csv"
Available,030212,Green Apple Zero Sugar Sirup 48ml,ZeroSugar Sirup,b2b fc jun26,b2b fc,5333,2026-06-01,2026-04-01,"Copy of Retail Forecast Model 12mr - 2026 - April 8, 12_29 PM - Productlevel FC.csv"
NPD,030213,Grapfruit Zero sugar Sirup 48ml,ZeroSugar Sirup,b2b fc jun26,b2b fc,8117,2026-06-01,2026-04-01,"Copy of Retail Forecast Model 12mr - 2026 - April 8, 12_29 PM - Productlevel FC.csv"
Available,030214,Waldmeister Zero Sugar 48ml,ZeroSugar Sirup,b2b fc jun26,b2b fc,7957,2026-06-01,2026-04-01,"Copy of Retail Forecast Model 12mr - 2026 - April 8, 12_29 PM - Productlevel FC.csv"
Available,030215,Caramel Zero Sugar 48ml,ZeroSugar Sirup,b2b fc jun26,b2b fc,0,2026-06-01,2026-04-01,"Copy of Retail Forecast Model 12mr - 2026 - April 8, 12_29 PM - Productlevel FC.csv"
Available,030216,Pumpkin Spice Zero Sugar 48ml,ZeroSugar Sirup,b2b fc jun26,b2b fc,0,2026-06-01,2026-04-01,"Copy of Retail Forecast Model 12mr - 2026 - April 8, 12_29 PM - Productlevel FC.csv"
Available,030217,Hazelnut Zero Sugar 48ml,ZeroSugar Sirup,b2b fc jun26,b2b fc,0,2026-06-01,2026-04-01,"Copy of Retail Forecast Model 12mr - 2026 - April 8, 12_29 PM - Productlevel FC.csv"
Available,030218,Vanilla Zero Sugar 48ml,ZeroSugar Sirup,b2b fc jun26,b2b fc,0,2026-06-01,2026-04-01,"Copy of Retail Forecast Model 12mr - 2026 - April 8, 12_29 PM - Productlevel FC.csv"
NPD,030219,Zero sugar syrup - Cassis Flavour 48ml,ZeroSugar Sirup,b2b fc jun26,b2b fc,3240,2026-06-01,2026-04-01,"Copy of Retail Forecast Model 12mr - 2026 - April 8, 12_29 PM - Productlevel FC.csv"
Available,030301,NAS Sirup - Chocolate,ZeroSugar Sirup,b2b fc jun26,b2b fc,0,2026-06-01,2026-04-01,"Copy of Retail Forecast Model 12mr - 2026 - April 8, 12_29 PM - Productlevel FC.csv"
NPD,030302,NAS Sauce - Strawberry,ZeroSugar Sirup,b2b fc jun26,b2b fc,0,2026-06-01,2026-04-01,"Copy of Retail Forecast Model 12mr - 2026 - April 8, 12_29 PM - Productlevel FC.csv"
NPD,030303,NAS Sauce - Caramel,ZeroSugar Sirup,b2b fc jun26,b2b fc,0,2026-06-01,2026-04-01,"Copy of Retail Forecast Model 12mr - 2026 - April 8, 12_29 PM - Productlevel FC.csv"
NPD,030420,"Wassereis - Mixbox 10 x 40 ml (Cherry, Peach, Waldmeister, Cola & Lemon)",Wassereis,b2b fc jun26,b2b fc,114000,2026-06-01,2026-04-01,"Copy of Retail Forecast Model 12mr - 2026 - April 8, 12_29 PM - Productlevel FC.csv"
Available,040301,"Flavour Powder - Vanilla, 250g",Flavor Powder,b2b fc jun26,b2b fc,722,2026-06-01,2026-04-01,"Copy of Retail Forecast Model 12mr - 2026 - April 8, 12_29 PM - Productlevel FC.csv"
Available,040301-B,"Flavour Powder - Vanilla, Bulk",Bulk,b2b fc jun26,b2b fc,0,2026-06-01,2026-04-01,"Copy of Retail Forecast Model 12mr - 2026 - April 8, 12_29 PM - Productlevel FC.csv"
Available,040301-S,"Flavour Powder - Vanilla, Sachet",Sachet,b2b fc jun26,b2b fc,0,2026-06-01,2026-04-01,"Copy of Retail Forecast Model 12mr - 2026 - April 8, 12_29 PM - Productlevel FC.csv"
Available,040302,"Flavour Powder - Cherry, 250g",Flavor Powder,b2b fc jun26,b2b fc,305,2026-06-01,2026-04-01,"Copy of Retail Forecast Model 12mr - 2026 - April 8, 12_29 PM - Productlevel FC.csv"
Available,040302-B,"Flavour Powder - Cherry, Bulk",Bulk,b2b fc jun26,b2b fc,0,2026-06-01,2026-04-01,"Copy of Retail Forecast Model 12mr - 2026 - April 8, 12_29 PM - Productlevel FC.csv"
Available,040302-S,"Flavour Powder - Cherry, Sachet",Sachet,b2b fc jun26,b2b fc,0,2026-06-01,2026-04-01,"Copy of Retail Forecast Model 12mr - 2026 - April 8, 12_29 PM - Productlevel FC.csv"
Available,040303,"Flavour Powder - Stracciatella, 250g",Flavor Powder,b2b fc jun26,b2b fc,367,2026-06-01,2026-04-01,"Copy of Retail Forecast Model 12mr - 2026 - April 8, 12_29 PM - Productlevel FC.csv"
Available,040303-B,"Flavour Powder - Stracciatella, Bulk",Bulk,b2b fc jun26,b2b fc,0,2026-06-01,2026-04-01,"Copy of Retail Forecast Model 12mr - 2026 - April 8, 12_29 PM - Productlevel FC.csv"
Available,040303-S,"Flavour Powder - Stracciatella, Sachet",Sachet,b2b fc jun26,b2b fc,0,2026-06-01,2026-04-01,"Copy of Retail Forecast Model 12mr - 2026 - April 8, 12_29 PM - Productlevel FC.csv"
Available,040304,"Flavour Powder - Chocolate Cookie, 250g",Flavor Powder,b2b fc jun26,b2b fc,435,2026-06-01,2026-04-01,"Copy of Retail Forecast Model 12mr - 2026 - April 8, 12_29 PM - Productlevel FC.csv"
Available,040304-B,"Flavor Powder - Chocolate Cookie, Bulk",Bulk,b2b fc jun26,b2b fc,0,2026-06-01,2026-04-01,"Copy of Retail Forecast Model 12mr - 2026 - April 8, 12_29 PM - Productlevel FC.csv"
Available,040304-S,"Flavour Powder - Chocolate Cookie, Sachet",Sachet,b2b fc jun26,b2b fc,0,2026-06-01,2026-04-01,"Copy of Retail Forecast Model 12mr - 2026 - April 8, 12_29 PM - Productlevel FC.csv"
Available,040305,"Flavour Powder - Strawberry Chocolate, 250g",Flavor Powder,b2b fc jun26,b2b fc,697,2026-06-01,2026-04-01,"Copy of Retail Forecast Model 12mr - 2026 - April 8, 12_29 PM - Productlevel FC.csv"
Available,040305-B,"Flavour Powder - Strawberry Chocolate, Bulk",Bulk,b2b fc jun26,b2b fc,0,2026-06-01,2026-04-01,"Copy of Retail Forecast Model 12mr - 2026 - April 8, 12_29 PM - Productlevel FC.csv"
Available,040305-S,"Flavour Powder - Strawberry chocolate, Sachet",Sachet,b2b fc jun26,b2b fc,0,2026-06-01,2026-04-01,"Copy of Retail Forecast Model 12mr - 2026 - April 8, 12_29 PM - Productlevel FC.csv"
Available,040306,"Flavour Powder - Cinnamon Crunch, 250g",Flavor Powder,b2b fc jun26,b2b fc,355,2026-06-01,2026-04-01,"Copy of Retail Forecast Model 12mr - 2026 - April 8, 12_29 PM - Productlevel FC.csv"
Available,040306-B,"Flavour Powder - Cinnamon Crunch, Bulk",Bulk,b2b fc jun26,b2b fc,0,2026-06-01,2026-04-01,"Copy of Retail Forecast Model 12mr - 2026 - April 8, 12_29 PM - Productlevel FC.csv"
Available,040306-S,"Flavour Powder - Cinnamon Crunch, Sachet",Sachet,b2b fc jun26,b2b fc,0,2026-06-01,2026-04-01,"Copy of Retail Forecast Model 12mr - 2026 - April 8, 12_29 PM - Productlevel FC.csv"
Available,040307,Flavour Powder - Apfel Strudel,Flavor Powder,b2b fc jun26,b2b fc,0,2026-06-01,2026-04-01,"Copy of Retail Forecast Model 12mr - 2026 - April 8, 12_29 PM - Productlevel FC.csv"
Available,040307-1,"Flavour Powder - Apfel Strudel, 2x250g",Flavor Powder,b2b fc jun26,b2b fc,0,2026-06-01,2026-04-01,"Copy of Retail Forecast Model 12mr - 2026 - April 8, 12_29 PM - Productlevel FC.csv"
Available,040307-B,"Flavour Powder - Apfel Strudel, Bulk",Bulk,b2b fc jun26,b2b fc,0,2026-06-01,2026-04-01,"Copy of Retail Forecast Model 12mr - 2026 - April 8, 12_29 PM - Productlevel FC.csv"
Available,040307-S,"Flavour Powder - Apfelstrudel, Sachet",Sachet,b2b fc jun26,b2b fc,0,2026-06-01,2026-04-01,"Copy of Retail Forecast Model 12mr - 2026 - April 8, 12_29 PM - Productlevel FC.csv"
Available,040308,Flavour Powder - Spekulatius,Flavor Powder,b2b fc jun26,b2b fc,0,2026-06-01,2026-04-01,"Copy of Retail Forecast Model 12mr - 2026 - April 8, 12_29 PM - Productlevel FC.csv"
Available,040308-1,Flavour Powder - Spekulatius 2x250g,Flavor Powder,b2b fc jun26,b2b fc,0,2026-06-01,2026-04-01,"Copy of Retail Forecast Model 12mr - 2026 - April 8, 12_29 PM - Productlevel FC.csv"
Available,040308-B,"Flavour Powder - Spekulatius, Bulk",Bulk,b2b fc jun26,b2b fc,0,2026-06-01,2026-04-01,"Copy of Retail Forecast Model 12mr - 2026 - April 8, 12_29 PM - Productlevel FC.csv"
Available,040308-S,"Flavour Powder - Spekulatius Crunch, Sachet",Sachet,b2b fc jun26,b2b fc,0,2026-06-01,2026-04-01,"Copy of Retail Forecast Model 12mr - 2026 - April 8, 12_29 PM - Productlevel FC.csv"
Available,040320,"Flavor Powder - Mix Box, Sachets",MixBox,b2b fc jun26,b2b fc,0,2026-06-01,2026-04-01,"Copy of Retail Forecast Model 12mr - 2026 - April 8, 12_29 PM - Productlevel FC.csv"
Available,040321,B2B Sachet Mix Box,MixBox,b2b fc jun26,b2b fc,0,2026-06-01,2026-04-01,"Copy of Retail Forecast Model 12mr - 2026 - April 8, 12_29 PM - Productlevel FC.csv"
Available,040401-B,"Clear Whey - Peach Ice Tea, Bulk",Bulk,b2b fc jun26,b2b fc,0,2026-06-01,2026-04-01,"Copy of Retail Forecast Model 12mr - 2026 - April 8, 12_29 PM - Productlevel FC.csv"
Available,040401-J500,"Clear Whey - Peach Ice Tea, 500g",Clear Whey Protein Powder,b2b fc jun26,b2b fc,471,2026-06-01,2026-04-01,"Copy of Retail Forecast Model 12mr - 2026 - April 8, 12_29 PM - Productlevel FC.csv"
Available,040401-S,"Clear Whey - Peach Ice Tea, Sachet",Sachet,b2b fc jun26,b2b fc,0,2026-06-01,2026-04-01,"Copy of Retail Forecast Model 12mr - 2026 - April 8, 12_29 PM - Productlevel FC.csv"
Available,040402-B,"Clear Whey - Green Apple, Bulk",Bulk,b2b fc jun26,b2b fc,0,2026-06-01,2026-04-01,"Copy of Retail Forecast Model 12mr - 2026 - April 8, 12_29 PM - Productlevel FC.csv"
Available,040402-J500,"Clear Whey - Green Apple, 500g",Clear Whey Protein Powder,b2b fc jun26,b2b fc,255,2026-06-01,2026-04-01,"Copy of Retail Forecast Model 12mr - 2026 - April 8, 12_29 PM - Productlevel FC.csv"
Available,040402-S,"Clear Whey - Green Apple, Sachet",Sachet,b2b fc jun26,b2b fc,0,2026-06-01,2026-04-01,"Copy of Retail Forecast Model 12mr - 2026 - April 8, 12_29 PM - Productlevel FC.csv"
Available,040403-B,"Clear Whey - Lemon Ice Tea, Bulk",Bulk,b2b fc jun26,b2b fc,0,2026-06-01,2026-04-01,"Copy of Retail Forecast Model 12mr - 2026 - April 8, 12_29 PM - Productlevel FC.csv"
Available,040403-J500,"Clear Whey - Lemon Ice Tea, 500g",Clear Whey Protein Powder,b2b fc jun26,b2b fc,251,2026-06-01,2026-04-01,"Copy of Retail Forecast Model 12mr - 2026 - April 8, 12_29 PM - Productlevel FC.csv"
Available,040403-S,"Clear Whey - Lemon Ice Tea, Sachet",Sachet,b2b fc jun26,b2b fc,0,2026-06-01,2026-04-01,"Copy of Retail Forecast Model 12mr - 2026 - April 8, 12_29 PM - Productlevel FC.csv"
Available,040404-B,"Clear Whey - Orange, Bulk",Bulk,b2b fc jun26,b2b fc,0,2026-06-01,2026-04-01,"Copy of Retail Forecast Model 12mr - 2026 - April 8, 12_29 PM - Productlevel FC.csv"
Available,040404-J500,"Clear Whey - Orange, 500g",Clear Whey Protein Powder,b2b fc jun26,b2b fc,207,2026-06-01,2026-04-01,"Copy of Retail Forecast Model 12mr - 2026 - April 8, 12_29 PM - Productlevel FC.csv"
Available,040404-S,"Clear Whey - Orange, Sachet",Sachet,b2b fc jun26,b2b fc,0,2026-06-01,2026-04-01,"Copy of Retail Forecast Model 12mr - 2026 - April 8, 12_29 PM - Productlevel FC.csv"
Available,040405-B,"Clear Whey - Cherry, Bulk",Bulk,b2b fc jun26,b2b fc,0,2026-06-01,2026-04-01,"Copy of Retail Forecast Model 12mr - 2026 - April 8, 12_29 PM - Productlevel FC.csv"
Available,040405-J500,"Clear Whey - Cherry, 500g",Clear Whey Protein Powder,b2b fc jun26,b2b fc,232,2026-06-01,2026-04-01,"Copy of Retail Forecast Model 12mr - 2026 - April 8, 12_29 PM - Productlevel FC.csv"
Available,040405-S,"Clear Whey - Cherry, Sachet",Sachet,b2b fc jun26,b2b fc,0,2026-06-01,2026-04-01,"Copy of Retail Forecast Model 12mr - 2026 - April 8, 12_29 PM - Productlevel FC.csv"
Available,040406-B,"Clear Why - Apfelpunsch, Bulk",Bulk,b2b fc jun26,b2b fc,0,2026-06-01,2026-04-01,"Copy of Retail Forecast Model 12mr - 2026 - April 8, 12_29 PM - Productlevel FC.csv"
Available,040406-J500,"Clear Whey - Apfelpunsch, 500g",Clear Whey Protein Powder,b2b fc jun26,b2b fc,0,2026-06-01,2026-04-01,"Copy of Retail Forecast Model 12mr - 2026 - April 8, 12_29 PM - Productlevel FC.csv"
Available,040406-J500-1,"Clear Whey - Apfelpunsch, 2x500g",Clear Whey Protein Powder,b2b fc jun26,b2b fc,0,2026-06-01,2026-04-01,"Copy of Retail Forecast Model 12mr - 2026 - April 8, 12_29 PM - Productlevel FC.csv"
Available,040406-S,"Clear Whey - Apfelpunsh, Sachet",Sachet,b2b fc jun26,b2b fc,0,2026-06-01,2026-04-01,"Copy of Retail Forecast Model 12mr - 2026 - April 8, 12_29 PM - Productlevel FC.csv"
Available,040407-B,"Clear Whey - Winterpunsch, Bulk",Bulk,b2b fc jun26,b2b fc,0,2026-06-01,2026-04-01,"Copy of Retail Forecast Model 12mr - 2026 - April 8, 12_29 PM - Productlevel FC.csv"
Available,040407-J500,"Clear Whey - Winterpunsch, 500g",Clear Whey Protein Powder,b2b fc jun26,b2b fc,0,2026-06-01,2026-04-01,"Copy of Retail Forecast Model 12mr - 2026 - April 8, 12_29 PM - Productlevel FC.csv"
Available,040407-J500-1,"Clear Whey - Winterpunsch, 2x500g",Clear Whey Protein Powder,b2b fc jun26,b2b fc,0,2026-06-01,2026-04-01,"Copy of Retail Forecast Model 12mr - 2026 - April 8, 12_29 PM - Productlevel FC.csv"
Available,040407-S,"Clear Whey - Winterpunsch, Sachet",Sachet,b2b fc jun26,b2b fc,0,2026-06-01,2026-04-01,"Copy of Retail Forecast Model 12mr - 2026 - April 8, 12_29 PM - Productlevel FC.csv"
Available,040408-B,"Clear Protein - Mixed Berry, Bulk",Bulk,b2b fc jun26,b2b fc,0,2026-06-01,2026-04-01,"Copy of Retail Forecast Model 12mr - 2026 - April 8, 12_29 PM - Productlevel FC.csv"
Available,040408-J500,"Clear Protein - Mixed Berry, 500g",Clear Whey Protein Powder,b2b fc jun26,b2b fc,0,2026-06-01,2026-04-01,"Copy of Retail Forecast Model 12mr - 2026 - April 8, 12_29 PM - Productlevel FC.csv"
Available,040408-S,"Clear Protein - Mixed Berry, Sachet",Sachet,b2b fc jun26,b2b fc,0,2026-06-01,2026-04-01,"Copy of Retail Forecast Model 12mr - 2026 - April 8, 12_29 PM - Productlevel FC.csv"
Available,040409-B,"Clear Protein - Lemon & Lime, Bulk",Bulk,b2b fc jun26,b2b fc,0,2026-06-01,2026-04-01,"Copy of Retail Forecast Model 12mr - 2026 - April 8, 12_29 PM - Productlevel FC.csv"
Available,040409-J500,"Clear Protein - Lemon & Lime, 500g",Clear Whey Protein Powder,b2b fc jun26,b2b fc,0,2026-06-01,2026-04-01,"Copy of Retail Forecast Model 12mr - 2026 - April 8, 12_29 PM - Productlevel FC.csv"
Available,040409-S,"Clear Protein - Lemon & Lime, Sachet",Sachet,b2b fc jun26,b2b fc,0,2026-06-01,2026-04-01,"Copy of Retail Forecast Model 12mr - 2026 - April 8, 12_29 PM - Productlevel FC.csv"
NPD,040410-B,"Clear Protein - Mochito, Bulk",Bulk,b2b fc jun26,b2b fc,0,2026-06-01,2026-04-01,"Copy of Retail Forecast Model 12mr - 2026 - April 8, 12_29 PM - Productlevel FC.csv"
NPD,040410-J500,"Clear Protein - Mojito, 500g",Clear Whey Protein Powder,b2b fc jun26,b2b fc,0,2026-06-01,2026-04-01,"Copy of Retail Forecast Model 12mr - 2026 - April 8, 12_29 PM - Productlevel FC.csv"
NPD,040410-S,"Clear Protein - Mochito, Sachet",Sachet,b2b fc jun26,b2b fc,0,2026-06-01,2026-04-01,"Copy of Retail Forecast Model 12mr - 2026 - April 8, 12_29 PM - Productlevel FC.csv"
Available,040411-B,"Clear Protein - Pornstar Martini, Bulk",Bulk,b2b fc jun26,b2b fc,0,2026-06-01,2026-04-01,"Copy of Retail Forecast Model 12mr - 2026 - April 8, 12_29 PM - Productlevel FC.csv"
Available,040411-J500,"Clear Protein -  Pornstar Martini, 500g",Clear Whey Protein Powder,b2b fc jun26,b2b fc,0,2026-06-01,2026-04-01,"Copy of Retail Forecast Model 12mr - 2026 - April 8, 12_29 PM - Productlevel FC.csv"
Available,040411-S,"Clear Protein -  Pornstar Martinio, Sachet",Sachet,b2b fc jun26,b2b fc,0,2026-06-01,2026-04-01,"Copy of Retail Forecast Model 12mr - 2026 - April 8, 12_29 PM - Productlevel FC.csv"
Available,040420,"Clear Whey - Mix Box, 5x1 Sachets",MixBox,b2b fc jun26,b2b fc,0,2026-06-01,2026-04-01,"Copy of Retail Forecast Model 12mr - 2026 - April 8, 12_29 PM - Productlevel FC.csv"
Available,040501-B,"Whey - Double Chocolate, Bulk",Bulk,b2b fc jun26,b2b fc,0,2026-06-01,2026-04-01,"Copy of Retail Forecast Model 12mr - 2026 - April 8, 12_29 PM - Productlevel FC.csv"
Available,040501-J1000,"Whey - Double Chocolate, 1000g",Whey Protein Powder,b2b fc jun26,b2b fc,0,2026-06-01,2026-04-01,"Copy of Retail Forecast Model 12mr - 2026 - April 8, 12_29 PM - Productlevel FC.csv"
Available,040501-J500,"Whey - Double Chocolate, 500g",Whey Protein Powder,b2b fc jun26,b2b fc,412,2026-06-01,2026-04-01,"Copy of Retail Forecast Model 12mr - 2026 - April 8, 12_29 PM - Productlevel FC.csv"
Available,040501-S,"Whey - Double Chocolate, Sachet",Sachet,b2b fc jun26,b2b fc,0,2026-06-01,2026-04-01,"Copy of Retail Forecast Model 12mr - 2026 - April 8, 12_29 PM - Productlevel FC.csv"
Available,040502-B,"Whey - Vanilla, Bulk",Bulk,b2b fc jun26,b2b fc,0,2026-06-01,2026-04-01,"Copy of Retail Forecast Model 12mr - 2026 - April 8, 12_29 PM - Productlevel FC.csv"
Available,040502-J1000,"Whey - Vanilla, 1000g",Whey Protein Powder,b2b fc jun26,b2b fc,0,2026-06-01,2026-04-01,"Copy of Retail Forecast Model 12mr - 2026 - April 8, 12_29 PM - Productlevel FC.csv"
Available,040502-J500,"Whey - Vanilla, 500g",Whey Protein Powder,b2b fc jun26,b2b fc,454,2026-06-01,2026-04-01,"Copy of Retail Forecast Model 12mr - 2026 - April 8, 12_29 PM - Productlevel FC.csv"
Available,040502-S,"Whey - Vanilla, Sachet",Sachet,b2b fc jun26,b2b fc,0,2026-06-01,2026-04-01,"Copy of Retail Forecast Model 12mr - 2026 - April 8, 12_29 PM - Productlevel FC.csv"
Available,040503-B,"Whey - Caramel Crunch, Bulk",Bulk,b2b fc jun26,b2b fc,0,2026-06-01,2026-04-01,"Copy of Retail Forecast Model 12mr - 2026 - April 8, 12_29 PM - Productlevel FC.csv"
Available,040503-J1000,"Whey - Caramel Crunch, 1000g",Whey Protein Powder,b2b fc jun26,b2b fc,0,2026-06-01,2026-04-01,"Copy of Retail Forecast Model 12mr - 2026 - April 8, 12_29 PM - Productlevel FC.csv"
Available,040503-J500,"Whey - Caramel Crunch, 500g",Whey Protein Powder,b2b fc jun26,b2b fc,278,2026-06-01,2026-04-01,"Copy of Retail Forecast Model 12mr - 2026 - April 8, 12_29 PM - Productlevel FC.csv"
Available,040503-S,"Whey - Caramel Crunch, Sachet",Sachet,b2b fc jun26,b2b fc,0,2026-06-01,2026-04-01,"Copy of Retail Forecast Model 12mr - 2026 - April 8, 12_29 PM - Productlevel FC.csv"
Available,040504-B,"Whey - Strawberry & Cream, Bulk",Bulk,b2b fc jun26,b2b fc,0,2026-06-01,2026-04-01,"Copy of Retail Forecast Model 12mr - 2026 - April 8, 12_29 PM - Productlevel FC.csv"
Available,040504-J1000,"Whey - Strawberry & Cream, 1000g",Whey Protein Powder,b2b fc jun26,b2b fc,0,2026-06-01,2026-04-01,"Copy of Retail Forecast Model 12mr - 2026 - April 8, 12_29 PM - Productlevel FC.csv"
Available,040504-J500,"Whey - Strawberry & Cream, 500g",Whey Protein Powder,b2b fc jun26,b2b fc,325,2026-06-01,2026-04-01,"Copy of Retail Forecast Model 12mr - 2026 - April 8, 12_29 PM - Productlevel FC.csv"
Available,040504-S,"Whey - Strawberry & Cream, Sachet",Sachet,b2b fc jun26,b2b fc,0,2026-06-01,2026-04-01,"Copy of Retail Forecast Model 12mr - 2026 - April 8, 12_29 PM - Productlevel FC.csv"
Available,040505-B,"Whey - Coffee, Bulk",Bulk,b2b fc jun26,b2b fc,0,2026-06-01,2026-04-01,"Copy of Retail Forecast Model 12mr - 2026 - April 8, 12_29 PM - Productlevel FC.csv"
Available,040505-J1000,"Whey - Coffee, 1000g",Whey Protein Powder,b2b fc jun26,b2b fc,0,2026-06-01,2026-04-01,"Copy of Retail Forecast Model 12mr - 2026 - April 8, 12_29 PM - Productlevel FC.csv"
Available,040505-J500,"Whey - Coffee, 500g",Whey Protein Powder,b2b fc jun26,b2b fc,493,2026-06-01,2026-04-01,"Copy of Retail Forecast Model 12mr - 2026 - April 8, 12_29 PM - Productlevel FC.csv"
Available,040505-S,"Whey - Coffee, Sachet",Sachet,b2b fc jun26,b2b fc,0,2026-06-01,2026-04-01,"Copy of Retail Forecast Model 12mr - 2026 - April 8, 12_29 PM - Productlevel FC.csv"
Available,040506-B,"Whey - Unflavoured, Bulk",Bulk,b2b fc jun26,b2b fc,0,2026-06-01,2026-04-01,"Copy of Retail Forecast Model 12mr - 2026 - April 8, 12_29 PM - Productlevel FC.csv"
Available,040506-J1000,"Whey - unflavoured, 1000g",Whey Protein Powder,b2b fc jun26,b2b fc,0,2026-06-01,2026-04-01,"Copy of Retail Forecast Model 12mr - 2026 - April 8, 12_29 PM - Productlevel FC.csv"
Available,040506-J500,"Whey - unflavoured, 500g",Whey Protein Powder,b2b fc jun26,b2b fc,156,2026-06-01,2026-04-01,"Copy of Retail Forecast Model 12mr - 2026 - April 8, 12_29 PM - Productlevel FC.csv"
Available,040506-S,"Whey - unflavoured, Sachet",Sachet,b2b fc jun26,b2b fc,0,2026-06-01,2026-04-01,"Copy of Retail Forecast Model 12mr - 2026 - April 8, 12_29 PM - Productlevel FC.csv"
Available,040507-B,"Whey - Chai Latte, Bulk",Bulk,b2b fc jun26,b2b fc,0,2026-06-01,2026-04-01,"Copy of Retail Forecast Model 12mr - 2026 - April 8, 12_29 PM - Productlevel FC.csv"
Available,040507-J500,"Whey - Chai Latte, 500g",Whey Protein Powder,b2b fc jun26,b2b fc,157,2026-06-01,2026-04-01,"Copy of Retail Forecast Model 12mr - 2026 - April 8, 12_29 PM - Productlevel FC.csv"
Available,040507-S,"Whey - Chai Latte, Sachet",Sachet,b2b fc jun26,b2b fc,0,2026-06-01,2026-04-01,"Copy of Retail Forecast Model 12mr - 2026 - April 8, 12_29 PM - Productlevel FC.csv"
Available,040508-B,"Whey - Spekulatius, Bulk",Bulk,b2b fc jun26,b2b fc,0,2026-06-01,2026-04-01,"Copy of Retail Forecast Model 12mr - 2026 - April 8, 12_29 PM - Productlevel FC.csv"
Available,040508-J500,"Whey - Spekulatius, 500g",Whey Protein Powder,b2b fc jun26,b2b fc,0,2026-06-01,2026-04-01,"Copy of Retail Forecast Model 12mr - 2026 - April 8, 12_29 PM - Productlevel FC.csv"
Available,040508-J500-1,"Whey - Spekulatius, 2x500g",Whey Protein Powder,b2b fc jun26,b2b fc,0,2026-06-01,2026-04-01,"Copy of Retail Forecast Model 12mr - 2026 - April 8, 12_29 PM - Productlevel FC.csv"
Available,040508-S,"Whey - Spekulatius, Sachet",Sachet,b2b fc jun26,b2b fc,0,2026-06-01,2026-04-01,"Copy of Retail Forecast Model 12mr - 2026 - April 8, 12_29 PM - Productlevel FC.csv"
Available,040509-B,"Whey - Hazelnut Nougat, Bulk",Bulk,b2b fc jun26,b2b fc,0,2026-06-01,2026-04-01,"Copy of Retail Forecast Model 12mr - 2026 - April 8, 12_29 PM - Productlevel FC.csv"
Available,040509-J1000,"Whey - Hazelnut Nougat, 1000g",Whey Protein Powder,b2b fc jun26,b2b fc,0,2026-06-01,2026-04-01,"Copy of Retail Forecast Model 12mr - 2026 - April 8, 12_29 PM - Productlevel FC.csv"
Available,040509-J500,"Whey - Hazelnut Nougat, 500g",Whey Protein Powder,b2b fc jun26,b2b fc,0,2026-06-01,2026-04-01,"Copy of Retail Forecast Model 12mr - 2026 - April 8, 12_29 PM - Productlevel FC.csv"
Available,040509-S,"Whey - Hazelnut Nougat, Sachet",Sachet,b2b fc jun26,b2b fc,0,2026-06-01,2026-04-01,"Copy of Retail Forecast Model 12mr - 2026 - April 8, 12_29 PM - Productlevel FC.csv"
Available,040510-B,"Whey - Protein Sahne, Bulk",Bulk,b2b fc jun26,b2b fc,0,2026-06-01,2026-04-01,"Copy of Retail Forecast Model 12mr - 2026 - April 8, 12_29 PM - Productlevel FC.csv"
Available,040510-J1000,"Whey - Protein Sahne, 1000g",Whey Protein Powder,b2b fc jun26,b2b fc,0,2026-06-01,2026-04-01,"Copy of Retail Forecast Model 12mr - 2026 - April 8, 12_29 PM - Productlevel FC.csv"
Available,040510-J500,"Whey - Protein Sahne, 500g",Whey Protein Powder,b2b fc jun26,b2b fc,104,2026-06-01,2026-04-01,"Copy of Retail Forecast Model 12mr - 2026 - April 8, 12_29 PM - Productlevel FC.csv"
Available,040510-J500-1,"Whey - Protein Sahne, 2x500g",Whey Protein Powder,b2b fc jun26,b2b fc,0,2026-06-01,2026-04-01,"Copy of Retail Forecast Model 12mr - 2026 - April 8, 12_29 PM - Productlevel FC.csv"
Available,040510-S,"Whey - Protein Sahne, Sachet",Sachet,b2b fc jun26,b2b fc,0,2026-06-01,2026-04-01,"Copy of Retail Forecast Model 12mr - 2026 - April 8, 12_29 PM - Productlevel FC.csv"
Available,040511-B,"Whey - White Chocolate Pistachio, Bulk",Bulk,b2b fc jun26,b2b fc,0,2026-06-01,2026-04-01,"Copy of Retail Forecast Model 12mr - 2026 - April 8, 12_29 PM - Productlevel FC.csv"
Available,040511-J500,"Whey - White Chocolate Pistachio, 500g",Whey Protein Powder,b2b fc jun26,b2b fc,203,2026-06-01,2026-04-01,"Copy of Retail Forecast Model 12mr - 2026 - April 8, 12_29 PM - Productlevel FC.csv"
Available,040511-J500-1,"Whey - White Chocolate Pistachio, 2x500g",Whey Protein Powder,b2b fc jun26,b2b fc,0,2026-06-01,2026-04-01,"Copy of Retail Forecast Model 12mr - 2026 - April 8, 12_29 PM - Productlevel FC.csv"
Available,040511-S,"Whey - White Chocolate Pistachio, Sachet",Sachet,b2b fc jun26,b2b fc,0,2026-06-01,2026-04-01,"Copy of Retail Forecast Model 12mr - 2026 - April 8, 12_29 PM - Productlevel FC.csv"
Available,040512-B,"Whey Protein - Decaf Iced Coffee, Bulk",Bulk,b2b fc jun26,b2b fc,0,2026-06-01,2026-04-01,"Copy of Retail Forecast Model 12mr - 2026 - April 8, 12_29 PM - Productlevel FC.csv"
Available,040512-J500,"Whey Protein - Decaf Iced Coffee, 500g",Whey Protein Powder,b2b fc jun26,b2b fc,0,2026-06-01,2026-04-01,"Copy of Retail Forecast Model 12mr - 2026 - April 8, 12_29 PM - Productlevel FC.csv"
Available,040512-S,"Whey Protein - Decaf Iced Coffee, Sachet",Sachet,b2b fc jun26,b2b fc,0,2026-06-01,2026-04-01,"Copy of Retail Forecast Model 12mr - 2026 - April 8, 12_29 PM - Productlevel FC.csv"
Available,040513-B,"Whey Protein - Affogato, Bulk",Bulk,b2b fc jun26,b2b fc,0,2026-06-01,2026-04-01,"Copy of Retail Forecast Model 12mr - 2026 - April 8, 12_29 PM - Productlevel FC.csv"
Available,040513-J500,"Whey Protein - Affogato, 500g",Whey Protein Powder,b2b fc jun26,b2b fc,141,2026-06-01,2026-04-01,"Copy of Retail Forecast Model 12mr - 2026 - April 8, 12_29 PM - Productlevel FC.csv"
Available,040513-J500-1,"Whey Protein - Affogato, 2x500g",Whey Protein Powder,b2b fc jun26,b2b fc,0,2026-06-01,2026-04-01,"Copy of Retail Forecast Model 12mr - 2026 - April 8, 12_29 PM - Productlevel FC.csv"
Available,040513-S,"Whey Protein - Affogato, Sachet",Sachet,b2b fc jun26,b2b fc,0,2026-06-01,2026-04-01,"Copy of Retail Forecast Model 12mr - 2026 - April 8, 12_29 PM - Productlevel FC.csv"
Available,040515-B,"Whey Protein Coffee - Mocha, Bulk",Bulk,b2b fc jun26,b2b fc,0,2026-06-01,2026-04-01,"Copy of Retail Forecast Model 12mr - 2026 - April 8, 12_29 PM - Productlevel FC.csv"
Available,040515-J500,"Whey Protein Coffee - Mocha, 500g",Whey Protein Powder,b2b fc jun26,b2b fc,137,2026-06-01,2026-04-01,"Copy of Retail Forecast Model 12mr - 2026 - April 8, 12_29 PM - Productlevel FC.csv"
Available,040515-J500-1,"Whey Protein Coffee - Mocha, 2x500g",Whey Protein Powder,b2b fc jun26,b2b fc,0,2026-06-01,2026-04-01,"Copy of Retail Forecast Model 12mr - 2026 - April 8, 12_29 PM - Productlevel FC.csv"
Available,040515-S,"Whey Protein Coffee - Mocha, Sachet",Sachet,b2b fc jun26,b2b fc,0,2026-06-01,2026-04-01,"Copy of Retail Forecast Model 12mr - 2026 - April 8, 12_29 PM - Productlevel FC.csv"
Available,040517-B,"Whey Protein - Pumpkin Spice, Bulk",Whey Protein Powder,b2b fc jun26,b2b fc,0,2026-06-01,2026-04-01,"Copy of Retail Forecast Model 12mr - 2026 - April 8, 12_29 PM - Productlevel FC.csv"
Available,040517-J500,"Whey Protein - Pumpkin Spice, 500g",Whey Protein Powder,b2b fc jun26,b2b fc,0,2026-06-01,2026-04-01,"Copy of Retail Forecast Model 12mr - 2026 - April 8, 12_29 PM - Productlevel FC.csv"
Available,040517-S,"Whey Protein - Pumpkin Spice, Sachet",Sachet,b2b fc jun26,b2b fc,0,2026-06-01,2026-04-01,"Copy of Retail Forecast Model 12mr - 2026 - April 8, 12_29 PM - Productlevel FC.csv"
Ordered,040518-B,"Whey Protein - Iced Matcha Latte, Bulk",Bulk,b2b fc jun26,b2b fc,0,2026-06-01,2026-04-01,"Copy of Retail Forecast Model 12mr - 2026 - April 8, 12_29 PM - Productlevel FC.csv"
Ordered,040518-J500,"Whey Protein - Iced Matcha Latte, 500g",Whey Protein Powder,b2b fc jun26,b2b fc,140,2026-06-01,2026-04-01,"Copy of Retail Forecast Model 12mr - 2026 - April 8, 12_29 PM - Productlevel FC.csv"
Ordered,040518-S,"Whey Protein - Iced Matcha Latte, Sachet",Sachet,b2b fc jun26,b2b fc,0,2026-06-01,2026-04-01,"Copy of Retail Forecast Model 12mr - 2026 - April 8, 12_29 PM - Productlevel FC.csv"
Ordered,040519-B,"Whey Protein - Mango Matcha Latte, Bulk",Bulk,b2b fc jun26,b2b fc,0,2026-06-01,2026-04-01,"Copy of Retail Forecast Model 12mr - 2026 - April 8, 12_29 PM - Productlevel FC.csv"
Ordered,040519-J500,"Whey Protein - Mango Matcha Latte, 500g",Whey Protein Powder,b2b fc jun26,b2b fc,152,2026-06-01,2026-04-01,"Copy of Retail Forecast Model 12mr - 2026 - April 8, 12_29 PM - Productlevel FC.csv"
Ordered,040519-S,"Whey Protein - Mango Matcha Latte, Sachet",Sachet,b2b fc jun26,b2b fc,0,2026-06-01,2026-04-01,"Copy of Retail Forecast Model 12mr - 2026 - April 8, 12_29 PM - Productlevel FC.csv"
Available,040520,"Whey - MixBox, 5x1 Sachets",MixBox,b2b fc jun26,b2b fc,0,2026-06-01,2026-04-01,"Copy of Retail Forecast Model 12mr - 2026 - April 8, 12_29 PM - Productlevel FC.csv"
Ordered,040521-B,"Whey Protein - Pure/Natural Matcha Latte, Bulk",Bulk,b2b fc jun26,b2b fc,0,2026-06-01,2026-04-01,"Copy of Retail Forecast Model 12mr - 2026 - April 8, 12_29 PM - Productlevel FC.csv"
Ordered,040521-J500,"Whey Protein - Pure/Natural Matcha Latte, 500g",Whey Protein Powder,b2b fc jun26,b2b fc,0,2026-06-01,2026-04-01,"Copy of Retail Forecast Model 12mr - 2026 - April 8, 12_29 PM - Productlevel FC.csv"
Ordered,040521-S,"Whey Protein - Pure/Natural Matcha Latte, Sachet",Sachet,b2b fc jun26,b2b fc,0,2026-06-01,2026-04-01,"Copy of Retail Forecast Model 12mr - 2026 - April 8, 12_29 PM - Productlevel FC.csv"
Ordered,040522-B,"Whey Protein - Vanillekipferl, Bulk",Bulk,b2b fc jun26,b2b fc,0,2026-06-01,2026-04-01,"Copy of Retail Forecast Model 12mr - 2026 - April 8, 12_29 PM - Productlevel FC.csv"
Ordered,040522-J500,"Whey Protein - Vanillekipferl, 500g",Whey Protein Powder,b2b fc jun26,b2b fc,0,2026-06-01,2026-04-01,"Copy of Retail Forecast Model 12mr - 2026 - April 8, 12_29 PM - Productlevel FC.csv"
Ordered,040522-S,"Whey Protein - Vanillekipferl, Sachet",Sachet,b2b fc jun26,b2b fc,0,2026-06-01,2026-04-01,"Copy of Retail Forecast Model 12mr - 2026 - April 8, 12_29 PM - Productlevel FC.csv"
Available,040601-B,"Whey vegan - Stracciatella, Bulk",Bulk,b2b fc jun26,b2b fc,0,2026-06-01,2026-04-01,"Copy of Retail Forecast Model 12mr - 2026 - April 8, 12_29 PM - Productlevel FC.csv"
Available,040601-J500,"Whey vegan - Stracciatella, 500g",Vegan Protein Powder,b2b fc jun26,b2b fc,307,2026-06-01,2026-04-01,"Copy of Retail Forecast Model 12mr - 2026 - April 8, 12_29 PM - Productlevel FC.csv"
Available,040601-S,"Whey vegan - Stracciatella, Sachet",Sachet,b2b fc jun26,b2b fc,0,2026-06-01,2026-04-01,"Copy of Retail Forecast Model 12mr - 2026 - April 8, 12_29 PM - Productlevel FC.csv"
Available,040602-B,"Whey vegan - Chocolate Hazelnut, Bulk",Bulk,b2b fc jun26,b2b fc,0,2026-06-01,2026-04-01,"Copy of Retail Forecast Model 12mr - 2026 - April 8, 12_29 PM - Productlevel FC.csv"
Available,040602-J500,"Whey vegan - Chocolate Hazelnut, 500g",Vegan Protein Powder,b2b fc jun26,b2b fc,250,2026-06-01,2026-04-01,"Copy of Retail Forecast Model 12mr - 2026 - April 8, 12_29 PM - Productlevel FC.csv"
Available,040602-S,"Whey vegan - Chocolate Hazelnut, Sachet",Sachet,b2b fc jun26,b2b fc,0,2026-06-01,2026-04-01,"Copy of Retail Forecast Model 12mr - 2026 - April 8, 12_29 PM - Productlevel FC.csv"
Available,040603-B,"Whey vegan - Cinnamon Roll, Bulk",Bulk,b2b fc jun26,b2b fc,0,2026-06-01,2026-04-01,"Copy of Retail Forecast Model 12mr - 2026 - April 8, 12_29 PM - Productlevel FC.csv"
Available,040603-J500,"Whey vegan - Cinnamon Roll, 500g",Vegan Protein Powder,b2b fc jun26,b2b fc,145,2026-06-01,2026-04-01,"Copy of Retail Forecast Model 12mr - 2026 - April 8, 12_29 PM - Productlevel FC.csv"
Available,040603-J500-1,"Whey vegan - Cinnamon Roll, 2x500g",Vegan Protein Powder,b2b fc jun26,b2b fc,0,2026-06-01,2026-04-01,"Copy of Retail Forecast Model 12mr - 2026 - April 8, 12_29 PM - Productlevel FC.csv"
Available,040603-S,"Whey vegan - Cinnamon Roll, Sachet",Sachet,b2b fc jun26,b2b fc,0,2026-06-01,2026-04-01,"Copy of Retail Forecast Model 12mr - 2026 - April 8, 12_29 PM - Productlevel FC.csv"
Available,040604-B,"Whey vegan - Dark Cookie, Bulk",Bulk,b2b fc jun26,b2b fc,0,2026-06-01,2026-04-01,"Copy of Retail Forecast Model 12mr - 2026 - April 8, 12_29 PM - Productlevel FC.csv"
Available,040604-J500,"Whey vegan - Dark Cookie, 500g",Vegan Protein Powder,b2b fc jun26,b2b fc,177,2026-06-01,2026-04-01,"Copy of Retail Forecast Model 12mr - 2026 - April 8, 12_29 PM - Productlevel FC.csv"
Available,040604-J500-1,"Whey vegan - Dark Cookie, 2x500g",Vegan Protein Powder,b2b fc jun26,b2b fc,0,2026-06-01,2026-04-01,"Copy of Retail Forecast Model 12mr - 2026 - April 8, 12_29 PM - Productlevel FC.csv"
Available,040604-S,"Whey vegan - Dark Cookie, Sachet",Sachet,b2b fc jun26,b2b fc,0,2026-06-01,2026-04-01,"Copy of Retail Forecast Model 12mr - 2026 - April 8, 12_29 PM - Productlevel FC.csv"
Available,040605-B,"Vegan Protein Powder - ICED COFFEE, Bulk",Bulk,b2b fc jun26,b2b fc,0,2026-06-01,2026-04-01,"Copy of Retail Forecast Model 12mr - 2026 - April 8, 12_29 PM - Productlevel FC.csv"
Available,040605-J500,"Vegan Protein Powder - ICED COFFEE, 500g",Vegan Protein Powder,b2b fc jun26,b2b fc,0,2026-06-01,2026-04-01,"Copy of Retail Forecast Model 12mr - 2026 - April 8, 12_29 PM - Productlevel FC.csv"
Available,040605-S,"Vegan Protein Powder - ICED COFFEE, Sachet",Sachet,b2b fc jun26,b2b fc,0,2026-06-01,2026-04-01,"Copy of Retail Forecast Model 12mr - 2026 - April 8, 12_29 PM - Productlevel FC.csv"
Available,040620,"Vegan Whey - Mix Box, Sachets",MixBox,b2b fc jun26,b2b fc,0,2026-06-01,2026-04-01,"Copy of Retail Forecast Model 12mr - 2026 - April 8, 12_29 PM - Productlevel FC.csv"
Available,040801,"NAS Cacao Powder, 400g",Cacao Powder,b2b fc jun26,b2b fc,0,2026-06-01,2026-04-01,"Copy of Retail Forecast Model 12mr - 2026 - April 8, 12_29 PM - Productlevel FC.csv"
Available,040901,"Sugar Replacer, 1000g",Sugar Replacer,b2b fc jun26,b2b fc,0,2026-06-01,2026-04-01,"Copy of Retail Forecast Model 12mr - 2026 - April 8, 12_29 PM - Productlevel FC.csv"
Available,041001,NAS Götterspeise - Waldmeister,Jelly,b2b fc jun26,b2b fc,0,2026-06-01,2026-04-01,"Copy of Retail Forecast Model 12mr - 2026 - April 8, 12_29 PM - Productlevel FC.csv"
Available,041001-B,"NAS Götterspeise - Waldmeister, Bulk",Bulk,b2b fc jun26,b2b fc,0,2026-06-01,2026-04-01,"Copy of Retail Forecast Model 12mr - 2026 - April 8, 12_29 PM - Productlevel FC.csv"
Available,041001-S,"NAS Götterspeise - Waldmeister, Sachet 15g",Sachet,b2b fc jun26,b2b fc,0,2026-06-01,2026-04-01,"Copy of Retail Forecast Model 12mr - 2026 - April 8, 12_29 PM - Productlevel FC.csv"
Available,041002,NAS Götterspeise - Cherry,Jelly,b2b fc jun26,b2b fc,0,2026-06-01,2026-04-01,"Copy of Retail Forecast Model 12mr - 2026 - April 8, 12_29 PM - Productlevel FC.csv"
Available,041002-B,"NAS Götterspeise - Cherry, Bulk",Bulk,b2b fc jun26,b2b fc,0,2026-06-01,2026-04-01,"Copy of Retail Forecast Model 12mr - 2026 - April 8, 12_29 PM - Productlevel FC.csv"
Available,041002-S,"NAS Götterspeise - Cherry, Sachet 15g",Sachet,b2b fc jun26,b2b fc,0,2026-06-01,2026-04-01,"Copy of Retail Forecast Model 12mr - 2026 - April 8, 12_29 PM - Productlevel FC.csv"
Available,041003,NAS Götterspeise - Lemon,Jelly,b2b fc jun26,b2b fc,0,2026-06-01,2026-04-01,"Copy of Retail Forecast Model 12mr - 2026 - April 8, 12_29 PM - Productlevel FC.csv"
Available,041003-B,"NAS Götterspeise - Lemon, Bulk",Bulk,b2b fc jun26,b2b fc,0,2026-06-01,2026-04-01,"Copy of Retail Forecast Model 12mr - 2026 - April 8, 12_29 PM - Productlevel FC.csv"
Available,041003-S,"NAS Götterspeise - Lemon, Sachet 15g",Sachet,b2b fc jun26,b2b fc,0,2026-06-01,2026-04-01,"Copy of Retail Forecast Model 12mr - 2026 - April 8, 12_29 PM - Productlevel FC.csv"
Available,041020,NAS Götterspeise Mix Box - 6 Sachets + 6 Vanilla Sauce,Jelly,b2b fc jun26,b2b fc,0,2026-06-01,2026-04-01,"Copy of Retail Forecast Model 12mr - 2026 - April 8, 12_29 PM - Productlevel FC.csv"
Available,041101-250,"NAS Sauce - Vanilla,  250g",Vanilla Sauce,b2b fc jun26,b2b fc,0,2026-06-01,2026-04-01,"Copy of Retail Forecast Model 12mr - 2026 - April 8, 12_29 PM - Productlevel FC.csv"
Available,041101-B,"NAS Sauce - Vanilla, Bulk",Bulk,b2b fc jun26,b2b fc,0,2026-06-01,2026-04-01,"Copy of Retail Forecast Model 12mr - 2026 - April 8, 12_29 PM - Productlevel FC.csv"
Available,041101-S,"NAS Sauce - Vanilla, Sachet 25g",Sachet,b2b fc jun26,b2b fc,0,2026-06-01,2026-04-01,"Copy of Retail Forecast Model 12mr - 2026 - April 8, 12_29 PM - Productlevel FC.csv"
Available,041120,"Vanilla Sauce MixBox, 5x25g",Vanilla Sauce,b2b fc jun26,b2b fc,0,2026-06-01,2026-04-01,"Copy of Retail Forecast Model 12mr - 2026 - April 8, 12_29 PM - Productlevel FC.csv"
Available,050101,"Crazy Hazel Nougat Cream Low Sugar, 200g",Spreads,b2b fc jun26,b2b fc,36711,2026-06-01,2026-04-01,"Copy of Retail Forecast Model 12mr - 2026 - April 8, 12_29 PM - Productlevel FC.csv"
Available,050101-B,"Crazy Hazel Nougat Cream Low Sugar, Bucket 20kg",Bulk,b2b fc jun26,b2b fc,0,2026-06-01,2026-04-01,"Copy of Retail Forecast Model 12mr - 2026 - April 8, 12_29 PM - Productlevel FC.csv"
Available,050101-J350,"Crazy Hazel Nougat Cream Low Sugar, 350g",Spreads,b2b fc jun26,b2b fc,0,2026-06-01,2026-04-01,"Copy of Retail Forecast Model 12mr - 2026 - April 8, 12_29 PM - Productlevel FC.csv"
Available,050102,"Crazy Hazel vegan Nougat Cream Low Sugar, 200g",Spreads,b2b fc jun26,b2b fc,8139,2026-06-01,2026-04-01,"Copy of Retail Forecast Model 12mr - 2026 - April 8, 12_29 PM - Productlevel FC.csv"
Available,050102-B,"Crazy Hazel vegan Nougat Cream Low Sugar, Bucket 20kg",Bulk,b2b fc jun26,b2b fc,0,2026-06-01,2026-04-01,"Copy of Retail Forecast Model 12mr - 2026 - April 8, 12_29 PM - Productlevel FC.csv"
Available,050103,"Crazy Hazel White Choco Cream, 200g",Spreads,b2b fc jun26,b2b fc,46230,2026-06-01,2026-04-01,"Copy of Retail Forecast Model 12mr - 2026 - April 8, 12_29 PM - Productlevel FC.csv"
Available,050103-B,"Crazy Hazel White Choco Cream, Bucket 20kg",Bulk,b2b fc jun26,b2b fc,0,2026-06-01,2026-04-01,"Copy of Retail Forecast Model 12mr - 2026 - April 8, 12_29 PM - Productlevel FC.csv"
Available,050103-J350,"Crazy Hazel White Choco Cream, 350g",Spreads,b2b fc jun26,b2b fc,0,2026-06-01,2026-04-01,"Copy of Retail Forecast Model 12mr - 2026 - April 8, 12_29 PM - Productlevel FC.csv"
Available,050104,"Crazy Hazel White Crunchy, 200g",Spreads,b2b fc jun26,b2b fc,197,2026-06-01,2026-04-01,"Copy of Retail Forecast Model 12mr - 2026 - April 8, 12_29 PM - Productlevel FC.csv"
Available,050105,"Crazy Pistacchio, 200g",Spreads,b2b fc jun26,b2b fc,21590,2026-06-01,2026-04-01,"Copy of Retail Forecast Model 12mr - 2026 - April 8, 12_29 PM - Productlevel FC.csv"
Available,050105-B,"Crazy Pistacchio, Bucket 20kg",Bulk,b2b fc jun26,b2b fc,0,2026-06-01,2026-04-01,"Copy of Retail Forecast Model 12mr - 2026 - April 8, 12_29 PM - Productlevel FC.csv"
Available,050105-J350,"Crazy Pistacchio, 350g",Spreads,b2b fc jun26,b2b fc,0,2026-06-01,2026-04-01,"Copy of Retail Forecast Model 12mr - 2026 - April 8, 12_29 PM - Productlevel FC.csv"
Available,050106-1,"Spread Tray Bundle (Normal, White, Pistachio), 6x200g",Spreads,b2b fc jun26,b2b fc,0,2026-06-01,2026-04-01,"Copy of Retail Forecast Model 12mr - 2026 - April 8, 12_29 PM - Productlevel FC.csv"
Available,050107,"Crazy Spekulatius, 200g",Spreads,b2b fc jun26,b2b fc,0,2026-06-01,2026-04-01,"Copy of Retail Forecast Model 12mr - 2026 - April 8, 12_29 PM - Productlevel FC.csv"
Available,050108,"Crunchy Crazy Pistachio, 200g",Spreads,b2b fc jun26,b2b fc,0,2026-06-01,2026-04-01,"Copy of Retail Forecast Model 12mr - 2026 - April 8, 12_29 PM - Productlevel FC.csv"
Available,050109,"Crunchy Crazy Hazel, 200g",Spreads,b2b fc jun26,b2b fc,0,2026-06-01,2026-04-01,"Copy of Retail Forecast Model 12mr - 2026 - April 8, 12_29 PM - Productlevel FC.csv"
Available,050202,ahead Crunchies Crazy Hazel 1x 240g,Cereals,b2b fc jun26,b2b fc,5151,2026-06-01,2026-04-01,"Copy of Retail Forecast Model 12mr - 2026 - April 8, 12_29 PM - Productlevel FC.csv"
Available,050203,ahead Crunchies White Crazy Hazel 1x 240g,Cereals,b2b fc jun26,b2b fc,5604,2026-06-01,2026-04-01,"Copy of Retail Forecast Model 12mr - 2026 - April 8, 12_29 PM - Productlevel FC.csv"
NPD,050204,NAS Cereal - Cinnamon Rings/Hoops ('Cinni Minis'),Cereals,b2b fc jun26,b2b fc,4173,2026-06-01,2026-04-01,"Copy of Retail Forecast Model 12mr - 2026 - April 8, 12_29 PM - Productlevel FC.csv"
NPD,050205,NAS Cereal - Chocolate Rings/Hoops,Cereals,b2b fc jun26,b2b fc,0,2026-06-01,2026-04-01,"Copy of Retail Forecast Model 12mr - 2026 - April 8, 12_29 PM - Productlevel FC.csv"
NPD,050208,NAS/Protein Bites (Cereal) - Tutti Frutti Flavour 210g,Cereals,b2b fc jun26,b2b fc,8383,2026-06-01,2026-04-01,"Copy of Retail Forecast Model 12mr - 2026 - April 8, 12_29 PM - Productlevel FC.csv"
Available,050301,"Jam - Strawberry, 200g",Jams,b2b fc jun26,b2b fc,4910,2026-06-01,2026-04-01,"Copy of Retail Forecast Model 12mr - 2026 - April 8, 12_29 PM - Productlevel FC.csv"
Available,050302,"Jam - Raspberry, 200g",Jams,b2b fc jun26,b2b fc,4029,2026-06-01,2026-04-01,"Copy of Retail Forecast Model 12mr - 2026 - April 8, 12_29 PM - Productlevel FC.csv"
Available,050303,"Jam - Black Currant, 200g",Jams,b2b fc jun26,b2b fc,4699,2026-06-01,2026-04-01,"Copy of Retail Forecast Model 12mr - 2026 - April 8, 12_29 PM - Productlevel FC.csv"
Available,050304,"Jam - Cinnamon Plum, 200g",Jams,b2b fc jun26,b2b fc,0,2026-06-01,2026-04-01,"Copy of Retail Forecast Model 12mr - 2026 - April 8, 12_29 PM - Productlevel FC.csv"
Available,050306,"Winter Jam - Sour Cherry, 200g",Jams,b2b fc jun26,b2b fc,0,2026-06-01,2026-04-01,"Copy of Retail Forecast Model 12mr - 2026 - April 8, 12_29 PM - Productlevel FC.csv"
Available,304080,"ahead - Partnerships, MixBox",MixBox,b2b fc jun26,b2b fc,0,2026-06-01,2026-04-01,"Copy of Retail Forecast Model 12mr - 2026 - April 8, 12_29 PM - Productlevel FC.csv"
Available,305040,"ahead - Partnerships, Gummies MixBox",MixBox,b2b fc jun26,b2b fc,0,2026-06-01,2026-04-01,"Copy of Retail Forecast Model 12mr - 2026 - April 8, 12_29 PM - Productlevel FC.csv"
Available,010102,ahead Low Sugar Chocolate Bar - Coconut Almond 35g,Chocolate Bars,b2b fc jul26,b2b fc,58276,2026-07-01,2026-05-01,"Copy of Retail Forecast Model 12mr - 2026 - May 8, 11_27 AM - Productlevel FC.csv"
Available,010103,ahead Low Sugar Chocolate Bar - Salted Peanut Caramel 35g,Chocolate Bars,b2b fc jul26,b2b fc,313288,2026-07-01,2026-05-01,"Copy of Retail Forecast Model 12mr - 2026 - May 8, 11_27 AM - Productlevel FC.csv"
Available,010104,ahead Low Sugar Chocolate Bar - Hazelnut Cacao 35g,Chocolate Bars,b2b fc jul26,b2b fc,159537,2026-07-01,2026-05-01,"Copy of Retail Forecast Model 12mr - 2026 - May 8, 11_27 AM - Productlevel FC.csv"
Available,010105,ahead Low Sugar Chocolate Bar - Crunchy Nougat 35g,Chocolate Bars,b2b fc jul26,b2b fc,47882,2026-07-01,2026-05-01,"Copy of Retail Forecast Model 12mr - 2026 - May 8, 11_27 AM - Productlevel FC.csv"
Available,010124,ahead Low Sugar Chocolate Bar - Mix Box 2.0  4x3,Chocolate Bars,b2b fc jul26,b2b fc,0,2026-07-01,2026-05-01,"Copy of Retail Forecast Model 12mr - 2026 - May 8, 11_27 AM - Productlevel FC.csv"
Available,010125,ahead Low Sugar Chocolate Bar - Mix Box 3.0 4x3,Chocolate Bars,b2b fc jul26,b2b fc,0,2026-07-01,2026-05-01,"Copy of Retail Forecast Model 12mr - 2026 - May 8, 11_27 AM - Productlevel FC.csv"
Available,010201,"Ahead Low Sugar Nut Bar - Coconut Almond, 35g",Nut Bars,b2b fc jul26,b2b fc,30081,2026-07-01,2026-05-01,"Copy of Retail Forecast Model 12mr - 2026 - May 8, 11_27 AM - Productlevel FC.csv"
Available,010202,"Ahead Low Sugar Nut Bar - Cashew Pretzel, 35g",Nut Bars,b2b fc jul26,b2b fc,102442,2026-07-01,2026-05-01,"Copy of Retail Forecast Model 12mr - 2026 - May 8, 11_27 AM - Productlevel FC.csv"
Available,010203,"Ahead Low Sugar Nut Bar - Dark & Salty, 35g",Nut Bars,b2b fc jul26,b2b fc,36570,2026-07-01,2026-05-01,"Copy of Retail Forecast Model 12mr - 2026 - May 8, 11_27 AM - Productlevel FC.csv"
Available,010220,ahead Low Sugar Nut Bar - Mix Box 3x4,Nut Bars,b2b fc jul26,b2b fc,0,2026-07-01,2026-05-01,"Copy of Retail Forecast Model 12mr - 2026 - May 8, 11_27 AM - Productlevel FC.csv"
Available,010301,"ahead Protein Bar - COOKIES & CREAM, 45g",Protein Bars,b2b fc jul26,b2b fc,94230,2026-07-01,2026-05-01,"Copy of Retail Forecast Model 12mr - 2026 - May 8, 11_27 AM - Productlevel FC.csv"
Available,010302,"ahead Protein Bar - PEANUT CARAMEL, 45g",Protein Bars,b2b fc jul26,b2b fc,50810,2026-07-01,2026-05-01,"Copy of Retail Forecast Model 12mr - 2026 - May 8, 11_27 AM - Productlevel FC.csv"
Available,010303,"ahead Protein Bar - HAZELNUT NOUGAT, 45g",Protein Bars,b2b fc jul26,b2b fc,36014,2026-07-01,2026-05-01,"Copy of Retail Forecast Model 12mr - 2026 - May 8, 11_27 AM - Productlevel FC.csv"
Available,010304,"ahead Protein Bar - COCONUT ALMOND, 45g",Protein Bars,b2b fc jul26,b2b fc,85480,2026-07-01,2026-05-01,"Copy of Retail Forecast Model 12mr - 2026 - May 8, 11_27 AM - Productlevel FC.csv"
Available,010305,"ahead Protein Bar - FUDGE CHOCOLATE BROWNIE, 45g",Protein Bars,b2b fc jul26,b2b fc,79177,2026-07-01,2026-05-01,"Copy of Retail Forecast Model 12mr - 2026 - May 8, 11_27 AM - Productlevel FC.csv"
Ordered,010306,"ahead Protein Bar - DARK CHOCOLATE RASPBERRY, 45g",Protein Bars,b2b fc jul26,b2b fc,26049,2026-07-01,2026-05-01,"Copy of Retail Forecast Model 12mr - 2026 - May 8, 11_27 AM - Productlevel FC.csv"
Available,010307,"ahead Protein Bar - LEMON CHEESECAKE , 45g",Protein Bars,b2b fc jul26,b2b fc,75096,2026-07-01,2026-05-01,"Copy of Retail Forecast Model 12mr - 2026 - May 8, 11_27 AM - Productlevel FC.csv"
Ordered,010308,"ahead Protein Bar - Strawberry Yogurt, 45g",Protein Bars,b2b fc jul26,b2b fc,26049,2026-07-01,2026-05-01,"Copy of Retail Forecast Model 12mr - 2026 - May 8, 11_27 AM - Productlevel FC.csv"
Available,010309,"ahead Protein Bar - Dominostein, 45g",Protein Bars,b2b fc jul26,b2b fc,0,2026-07-01,2026-05-01,"Copy of Retail Forecast Model 12mr - 2026 - May 8, 11_27 AM - Productlevel FC.csv"
Available,010310,"ahead Protein Bar - Linzer Flavour, 45g",Protein Bars,b2b fc jul26,b2b fc,0,2026-07-01,2026-05-01,"Copy of Retail Forecast Model 12mr - 2026 - May 8, 11_27 AM - Productlevel FC.csv"
NPD,010311,"ahead Protein Bar - Winter3, 45g",Protein Bars,b2b fc jul26,b2b fc,0,2026-07-01,2026-05-01,"Copy of Retail Forecast Model 12mr - 2026 - May 8, 11_27 AM - Productlevel FC.csv"
Available,010320,Protein Mix Box - 12 Bars,Protein Bars,b2b fc jul26,b2b fc,0,2026-07-01,2026-05-01,"Copy of Retail Forecast Model 12mr - 2026 - May 8, 11_27 AM - Productlevel FC.csv"
NPD,010321,Protein MixBox - Limited Edition (6x 45g),Protein Bars,b2b fc jul26,b2b fc,0,2026-07-01,2026-05-01,"Copy of Retail Forecast Model 12mr - 2026 - May 8, 11_27 AM - Productlevel FC.csv"
Available,010401,PB Cups - Milk Chocolate 2x17g,NB Cups,b2b fc jul26,b2b fc,871,2026-07-01,2026-05-01,"Copy of Retail Forecast Model 12mr - 2026 - May 8, 11_27 AM - Productlevel FC.csv"
Available,010402,PB Cups - Dark Chocolate 2x17g,NB Cups,b2b fc jul26,b2b fc,741,2026-07-01,2026-05-01,"Copy of Retail Forecast Model 12mr - 2026 - May 8, 11_27 AM - Productlevel FC.csv"
Available,010403,PB Cups - White Chocolate 2x17g,NB Cups,b2b fc jul26,b2b fc,0,2026-07-01,2026-05-01,"Copy of Retail Forecast Model 12mr - 2026 - May 8, 11_27 AM - Productlevel FC.csv"
Available,010405,PisB Cups - White Chocolate 2x17g,NB Cups,b2b fc jul26,b2b fc,1110,2026-07-01,2026-05-01,"Copy of Retail Forecast Model 12mr - 2026 - May 8, 11_27 AM - Productlevel FC.csv"
Available,010406,Butter Cups - Milk Chocolate Lebkuchen (Gingerbread) 2x17g,NB Cups,b2b fc jul26,b2b fc,0,2026-07-01,2026-05-01,"Copy of Retail Forecast Model 12mr - 2026 - May 8, 11_27 AM - Productlevel FC.csv"
Available,010407,Butter Cups - White Chocolate Vanillekipferl 2x17g,NB Cups,b2b fc jul26,b2b fc,0,2026-07-01,2026-05-01,"Copy of Retail Forecast Model 12mr - 2026 - May 8, 11_27 AM - Productlevel FC.csv"
Available,010408,Butter Cups - Dark Chocolate Marzipan 2x17g,NB Cups,b2b fc jul26,b2b fc,0,2026-07-01,2026-05-01,"Copy of Retail Forecast Model 12mr - 2026 - May 8, 11_27 AM - Productlevel FC.csv"
Ordered,010409,Butter Cups - Pumpkin Spice 2x17g,NB Cups,b2b fc jul26,b2b fc,0,2026-07-01,2026-05-01,"Copy of Retail Forecast Model 12mr - 2026 - May 8, 11_27 AM - Productlevel FC.csv"
NPD,010410,High Protein Peanut Butter Cups with Peanut Pieces (2x34g),NB Cups,b2b fc jul26,b2b fc,36175,2026-07-01,2026-05-01,"Copy of Retail Forecast Model 12mr - 2026 - May 8, 11_27 AM - Productlevel FC.csv"
NPD,010411,High Protein Hazelnut Butter Cups with Hazelnut Pieces (2x34g),NB Cups,b2b fc jul26,b2b fc,16486,2026-07-01,2026-05-01,"Copy of Retail Forecast Model 12mr - 2026 - May 8, 11_27 AM - Productlevel FC.csv"
NPD,010412,High Protein Pistachio Butter Cups with Pistachio Pieces (2x34g),NB Cups,b2b fc jul26,b2b fc,35690,2026-07-01,2026-05-01,"Copy of Retail Forecast Model 12mr - 2026 - May 8, 11_27 AM - Productlevel FC.csv"
Available,010420,"NutButter Cups  MixBox, 10 stk",NB Cups,b2b fc jul26,b2b fc,0,2026-07-01,2026-05-01,"Copy of Retail Forecast Model 12mr - 2026 - May 8, 11_27 AM - Productlevel FC.csv"
NPD,010421,NutButter Cups  MixBox - Limited Edition (6x 34g),NB Cups,b2b fc jul26,b2b fc,0,2026-07-01,2026-05-01,"Copy of Retail Forecast Model 12mr - 2026 - May 8, 11_27 AM - Productlevel FC.csv"
Available,010501,ahead Soft Baked Cookies Box 4x40g,Cookies,b2b fc jul26,b2b fc,47193,2026-07-01,2026-05-01,"Copy of Retail Forecast Model 12mr - 2026 - May 8, 11_27 AM - Productlevel FC.csv"
NPD,010502,Soft Cookie - Chocolate Chip & Hazelnut 4x40g,Cookies,b2b fc jul26,b2b fc,0,2026-07-01,2026-05-01,"Copy of Retail Forecast Model 12mr - 2026 - May 8, 11_27 AM - Productlevel FC.csv"
Ordered,010503,"Soft Cookie - Lebkuchen Style, 4x40g",Cookies,b2b fc jul26,b2b fc,0,2026-07-01,2026-05-01,"Copy of Retail Forecast Model 12mr - 2026 - May 8, 11_27 AM - Productlevel FC.csv"
Available,010601,"ahead Gummies - Cola Bottles, 50g",Gummies,b2b fc jul26,b2b fc,378135,2026-07-01,2026-05-01,"Copy of Retail Forecast Model 12mr - 2026 - May 8, 11_27 AM - Productlevel FC.csv"
Available,010602,"ahead Gummies - Fluffy Hearts, 50g",Gummies,b2b fc jul26,b2b fc,179723,2026-07-01,2026-05-01,"Copy of Retail Forecast Model 12mr - 2026 - May 8, 11_27 AM - Productlevel FC.csv"
Available,010603,"ahead Gummies - Sweet Peaches, 50g",Gummies,b2b fc jul26,b2b fc,123423,2026-07-01,2026-05-01,"Copy of Retail Forecast Model 12mr - 2026 - May 8, 11_27 AM - Productlevel FC.csv"
Available,010604,"ahead Gummies - Sour Cherries, 50g",Gummies,b2b fc jul26,b2b fc,246778,2026-07-01,2026-05-01,"Copy of Retail Forecast Model 12mr - 2026 - May 8, 11_27 AM - Productlevel FC.csv"
Ordered,010605,"ahead Gummies - Vampires, 50g",Gummies,b2b fc jul26,b2b fc,89264,2026-07-01,2026-05-01,"Copy of Retail Forecast Model 12mr - 2026 - May 8, 11_27 AM - Productlevel FC.csv"
Available,010606,"ahead Gummies - Green Apples, 50g",Gummies,b2b fc jul26,b2b fc,417430,2026-07-01,2026-05-01,"Copy of Retail Forecast Model 12mr - 2026 - May 8, 11_27 AM - Productlevel FC.csv"
NPD,010607,"Gummies - Sour Worms, 50g",Gummies,b2b fc jul26,b2b fc,95759,2026-07-01,2026-05-01,"Copy of Retail Forecast Model 12mr - 2026 - May 8, 11_27 AM - Productlevel FC.csv"
NPD,010608,"Gummies - Crazy Frogs, 50g",Gummies,b2b fc jul26,b2b fc,97364,2026-07-01,2026-05-01,"Copy of Retail Forecast Model 12mr - 2026 - May 8, 11_27 AM - Productlevel FC.csv"
Ordered,010609,"Gummies - Goldbären, 50g",Gummies,b2b fc jul26,b2b fc,123389,2026-07-01,2026-05-01,"Copy of Retail Forecast Model 12mr - 2026 - May 8, 11_27 AM - Productlevel FC.csv"
Available,010610,"Gummies - Winter Friends, 50g",Gummies,b2b fc jul26,b2b fc,0,2026-07-01,2026-05-01,"Copy of Retail Forecast Model 12mr - 2026 - May 8, 11_27 AM - Productlevel FC.csv"
Available,010611,"Gummies - Winter Magic, 50g",Gummies,b2b fc jul26,b2b fc,0,2026-07-01,2026-05-01,"Copy of Retail Forecast Model 12mr - 2026 - May 8, 11_27 AM - Productlevel FC.csv"
Available,010612,"Gummies - Sweet Hearts, 50g",Gummies,b2b fc jul26,b2b fc,67502,2026-07-01,2026-05-01,"Copy of Retail Forecast Model 12mr - 2026 - May 8, 11_27 AM - Productlevel FC.csv"
Available,010620,"ahead Gummies - Mix Box, 12x50g",Gummies,b2b fc jul26,b2b fc,0,2026-07-01,2026-05-01,"Copy of Retail Forecast Model 12mr - 2026 - May 8, 11_27 AM - Productlevel FC.csv"
Available,010701,"Hazelnut Crunch Caramel Bar, 38g",Caramel Bars,b2b fc jul26,b2b fc,22587,2026-07-01,2026-05-01,"Copy of Retail Forecast Model 12mr - 2026 - May 8, 11_27 AM - Productlevel FC.csv"
Available,010702,"Popcorn Crunch Caramel Bar, 38g",Caramel Bars,b2b fc jul26,b2b fc,19633,2026-07-01,2026-05-01,"Copy of Retail Forecast Model 12mr - 2026 - May 8, 11_27 AM - Productlevel FC.csv"
Ordered,010703,"Peanut Crunch Caramel Bar, 38g",Caramel Bars,b2b fc jul26,b2b fc,0,2026-07-01,2026-05-01,"Copy of Retail Forecast Model 12mr - 2026 - May 8, 11_27 AM - Productlevel FC.csv"
Available,010801,"Chocolate Chunks - Dark Chocolate, 175g",Chocolate Chunks,b2b fc jul26,b2b fc,0,2026-07-01,2026-05-01,"Copy of Retail Forecast Model 12mr - 2026 - May 8, 11_27 AM - Productlevel FC.csv"
Available,010801-B150,"Chocolate Chunks - Dark Chocolate, 150g",Chocolate Chunks,b2b fc jul26,b2b fc,0,2026-07-01,2026-05-01,"Copy of Retail Forecast Model 12mr - 2026 - May 8, 11_27 AM - Productlevel FC.csv"
Available,010802,"Chocolate Chunks - White Chocolate, 175g",Chocolate Chunks,b2b fc jul26,b2b fc,0,2026-07-01,2026-05-01,"Copy of Retail Forecast Model 12mr - 2026 - May 8, 11_27 AM - Productlevel FC.csv"
Available,010802-B150,"Chocolate Chunks - White Chocolate, 150g",Chocolate Chunks,b2b fc jul26,b2b fc,0,2026-07-01,2026-05-01,"Copy of Retail Forecast Model 12mr - 2026 - May 8, 11_27 AM - Productlevel FC.csv"
Available,010803,"Chocolate Chunks - Marbled Chocolate, 175g",Chocolate Chunks,b2b fc jul26,b2b fc,0,2026-07-01,2026-05-01,"Copy of Retail Forecast Model 12mr - 2026 - May 8, 11_27 AM - Productlevel FC.csv"
Available,010803-B150,"Chocolate Chunks - Marbled Chocolate, 150g",Chocolate Chunks,b2b fc jul26,b2b fc,0,2026-07-01,2026-05-01,"Copy of Retail Forecast Model 12mr - 2026 - May 8, 11_27 AM - Productlevel FC.csv"
Available,010804,"Chocolate Chunks - Strawberry Yoghurt Flavour, 150g",Chocolate Chunks,b2b fc jul26,b2b fc,0,2026-07-01,2026-05-01,"Copy of Retail Forecast Model 12mr - 2026 - May 8, 11_27 AM - Productlevel FC.csv"
Available,010805,"Chocolate Chunks - Milk Chocolate, 150g",Chocolate Chunks,b2b fc jul26,b2b fc,0,2026-07-01,2026-05-01,"Copy of Retail Forecast Model 12mr - 2026 - May 8, 11_27 AM - Productlevel FC.csv"
Available,010806,"Coco Chunks - White Coconut, 150g",Chocolate Chunks,b2b fc jul26,b2b fc,0,2026-07-01,2026-05-01,"Copy of Retail Forecast Model 12mr - 2026 - May 8, 11_27 AM - Productlevel FC.csv"
Available,010901,"Wafer Bar - Crazy Hazel, 30g",Wafer Bars,b2b fc jul26,b2b fc,31568,2026-07-01,2026-05-01,"Copy of Retail Forecast Model 12mr - 2026 - May 8, 11_27 AM - Productlevel FC.csv"
Available,010902,"Wafer Bar - Crazy Hazel White, 30g",Wafer Bars,b2b fc jul26,b2b fc,40680,2026-07-01,2026-05-01,"Copy of Retail Forecast Model 12mr - 2026 - May 8, 11_27 AM - Productlevel FC.csv"
Available,010903,"Wafer Bar - Crazy Pistachio, 30g",Wafer Bars,b2b fc jul26,b2b fc,33411,2026-07-01,2026-05-01,"Copy of Retail Forecast Model 12mr - 2026 - May 8, 11_27 AM - Productlevel FC.csv"
Available,010920,Wafer Bar Mix Box (12x30g),Wafer Bars,b2b fc jul26,b2b fc,0,2026-07-01,2026-05-01,"Copy of Retail Forecast Model 12mr - 2026 - May 8, 11_27 AM - Productlevel FC.csv"
Ordered,011901,"NAS Cookies - Dark Cocoa, 176g",NAS Oreos,b2b fc jul26,b2b fc,0,2026-07-01,2026-05-01,"Copy of Retail Forecast Model 12mr - 2026 - May 8, 11_27 AM - Productlevel FC.csv"
Ordered,011902,"NAS Cookies - Light Vanilla, 176g",NAS Oreos,b2b fc jul26,b2b fc,0,2026-07-01,2026-05-01,"Copy of Retail Forecast Model 12mr - 2026 - May 8, 11_27 AM - Productlevel FC.csv"
Available,020101,"ahead Crispies Paprika, 50g",Crispies,b2b fc jul26,b2b fc,32967,2026-07-01,2026-05-01,"Copy of Retail Forecast Model 12mr - 2026 - May 8, 11_27 AM - Productlevel FC.csv"
Available,020102,"ahead Crispies Cheese, 50g",Crispies,b2b fc jul26,b2b fc,29895,2026-07-01,2026-05-01,"Copy of Retail Forecast Model 12mr - 2026 - May 8, 11_27 AM - Productlevel FC.csv"
Available,020103,"ahead Crispies Sour Cream, 50g",Crispies,b2b fc jul26,b2b fc,35178,2026-07-01,2026-05-01,"Copy of Retail Forecast Model 12mr - 2026 - May 8, 11_27 AM - Productlevel FC.csv"
NPD,020106,"Protein Flips - Truffle, 50g",Crispies,b2b fc jul26,b2b fc,22514,2026-07-01,2026-05-01,"Copy of Retail Forecast Model 12mr - 2026 - May 8, 11_27 AM - Productlevel FC.csv"
NPD,020107,"Protein Flips - (Salt & Vinegar), 50g",Crispies,b2b fc jul26,b2b fc,22514,2026-07-01,2026-05-01,"Copy of Retail Forecast Model 12mr - 2026 - May 8, 11_27 AM - Productlevel FC.csv"
Available,020120,"Crispies Mix Box, 6x50g",Crispies,b2b fc jul26,b2b fc,0,2026-07-01,2026-05-01,"Copy of Retail Forecast Model 12mr - 2026 - May 8, 11_27 AM - Productlevel FC.csv"
NPD,020201,"Protein Chips - Sweet Chili, 50g",Crispies,b2b fc jul26,b2b fc,0,2026-07-01,2026-05-01,"Copy of Retail Forecast Model 12mr - 2026 - May 8, 11_27 AM - Productlevel FC.csv"
NPD,020202,"Protein Chips - BBQ, 50g",Crispies,b2b fc jul26,b2b fc,0,2026-07-01,2026-05-01,"Copy of Retail Forecast Model 12mr - 2026 - May 8, 11_27 AM - Productlevel FC.csv"
NPD,020301,"Popped Tortilla Chips - Sour Cream & Green Onion, 60g",Popped Chips,b2b fc jul26,b2b fc,0,2026-07-01,2026-05-01,"Copy of Retail Forecast Model 12mr - 2026 - May 8, 11_27 AM - Productlevel FC.csv"
NPD,020302,"Popped Tortilla Chips - Sundried Tomato & Black Olive Flavour, 60g",Popped Chips,b2b fc jul26,b2b fc,0,2026-07-01,2026-05-01,"Copy of Retail Forecast Model 12mr - 2026 - May 8, 11_27 AM - Productlevel FC.csv"
NPD,020303,"Popped Tortilla Chips - Barbecue Flavour, 60g",Popped Chips,b2b fc jul26,b2b fc,0,2026-07-01,2026-05-01,"Copy of Retail Forecast Model 12mr - 2026 - May 8, 11_27 AM - Productlevel FC.csv"
NPD,020304,"Popped Tortilla Chips - Nacho Cheese & Jalapeno, 60g",Popped Chips,b2b fc jul26,b2b fc,0,2026-07-01,2026-05-01,"Copy of Retail Forecast Model 12mr - 2026 - May 8, 11_27 AM - Productlevel FC.csv"
Available,030201,Peach Ice Tea Zero Sugar Sirup 48ml,ZeroSugar Sirup,b2b fc jul26,b2b fc,31666,2026-07-01,2026-05-01,"Copy of Retail Forecast Model 12mr - 2026 - May 8, 11_27 AM - Productlevel FC.csv"
Available,030202,Lemon Zero Sugar Sirup 48ml,ZeroSugar Sirup,b2b fc jul26,b2b fc,13555,2026-07-01,2026-05-01,"Copy of Retail Forecast Model 12mr - 2026 - May 8, 11_27 AM - Productlevel FC.csv"
Available,030203,Cherry Zero Sugar Sirup  48ml,ZeroSugar Sirup,b2b fc jul26,b2b fc,18148,2026-07-01,2026-05-01,"Copy of Retail Forecast Model 12mr - 2026 - May 8, 11_27 AM - Productlevel FC.csv"
Available,030204,Mango Passionfruit Zero Sugar Sirup 48ml,ZeroSugar Sirup,b2b fc jul26,b2b fc,24423,2026-07-01,2026-05-01,"Copy of Retail Forecast Model 12mr - 2026 - May 8, 11_27 AM - Productlevel FC.csv"
Available,030205,Apple Zero Sugar Sirup 48ml,ZeroSugar Sirup,b2b fc jul26,b2b fc,12497,2026-07-01,2026-05-01,"Copy of Retail Forecast Model 12mr - 2026 - May 8, 11_27 AM - Productlevel FC.csv"
Available,030206,Holunderblüte Zero Sugar Sirup 48ml,ZeroSugar Sirup,b2b fc jul26,b2b fc,11802,2026-07-01,2026-05-01,"Copy of Retail Forecast Model 12mr - 2026 - May 8, 11_27 AM - Productlevel FC.csv"
Available,030207,Orange Zero Sugar Sirup 48ml,ZeroSugar Sirup,b2b fc jul26,b2b fc,9914,2026-07-01,2026-05-01,"Copy of Retail Forecast Model 12mr - 2026 - May 8, 11_27 AM - Productlevel FC.csv"
Available,030208,Bitter Lemon Zero Sugar Sirup 48ml,ZeroSugar Sirup,b2b fc jul26,b2b fc,2760,2026-07-01,2026-05-01,"Copy of Retail Forecast Model 12mr - 2026 - May 8, 11_27 AM - Productlevel FC.csv"
Available,030209,Watermelon Zero Sugar Sirup 48ml,ZeroSugar Sirup,b2b fc jul26,b2b fc,13593,2026-07-01,2026-05-01,"Copy of Retail Forecast Model 12mr - 2026 - May 8, 11_27 AM - Productlevel FC.csv"
Available,030210,Lime-Mint Zero Sugar Sirup 48ml,ZeroSugar Sirup,b2b fc jul26,b2b fc,5961,2026-07-01,2026-05-01,"Copy of Retail Forecast Model 12mr - 2026 - May 8, 11_27 AM - Productlevel FC.csv"
Available,030211,Strawberry Lemonade Zero Sugar Sirup 48ml,ZeroSugar Sirup,b2b fc jul26,b2b fc,7225,2026-07-01,2026-05-01,"Copy of Retail Forecast Model 12mr - 2026 - May 8, 11_27 AM - Productlevel FC.csv"
Available,030212,Green Apple Zero Sugar Sirup 48ml,ZeroSugar Sirup,b2b fc jul26,b2b fc,5834,2026-07-01,2026-05-01,"Copy of Retail Forecast Model 12mr - 2026 - May 8, 11_27 AM - Productlevel FC.csv"
NPD,030213,Grapfruit Zero sugar Sirup 48ml,ZeroSugar Sirup,b2b fc jul26,b2b fc,6683,2026-07-01,2026-05-01,"Copy of Retail Forecast Model 12mr - 2026 - May 8, 11_27 AM - Productlevel FC.csv"
Available,030214,Waldmeister Zero Sugar 48ml,ZeroSugar Sirup,b2b fc jul26,b2b fc,6509,2026-07-01,2026-05-01,"Copy of Retail Forecast Model 12mr - 2026 - May 8, 11_27 AM - Productlevel FC.csv"
Available,030215,Caramel Zero Sugar 48ml,ZeroSugar Sirup,b2b fc jul26,b2b fc,0,2026-07-01,2026-05-01,"Copy of Retail Forecast Model 12mr - 2026 - May 8, 11_27 AM - Productlevel FC.csv"
Available,030216,Pumpkin Spice Zero Sugar 48ml,ZeroSugar Sirup,b2b fc jul26,b2b fc,0,2026-07-01,2026-05-01,"Copy of Retail Forecast Model 12mr - 2026 - May 8, 11_27 AM - Productlevel FC.csv"
Available,030217,Hazelnut Zero Sugar 48ml,ZeroSugar Sirup,b2b fc jul26,b2b fc,0,2026-07-01,2026-05-01,"Copy of Retail Forecast Model 12mr - 2026 - May 8, 11_27 AM - Productlevel FC.csv"
Available,030218,Vanilla Zero Sugar 48ml,ZeroSugar Sirup,b2b fc jul26,b2b fc,0,2026-07-01,2026-05-01,"Copy of Retail Forecast Model 12mr - 2026 - May 8, 11_27 AM - Productlevel FC.csv"
NPD,030219,Zero sugar syrup - Cassis Flavour 48ml,ZeroSugar Sirup,b2b fc jul26,b2b fc,3385,2026-07-01,2026-05-01,"Copy of Retail Forecast Model 12mr - 2026 - May 8, 11_27 AM - Productlevel FC.csv"
Available,030301,NAS Sirup - Chocolate,ZeroSugar Sirup,b2b fc jul26,b2b fc,0,2026-07-01,2026-05-01,"Copy of Retail Forecast Model 12mr - 2026 - May 8, 11_27 AM - Productlevel FC.csv"
NPD,030302,NAS Sauce - Strawberry,ZeroSugar Sirup,b2b fc jul26,b2b fc,0,2026-07-01,2026-05-01,"Copy of Retail Forecast Model 12mr - 2026 - May 8, 11_27 AM - Productlevel FC.csv"
NPD,030303,NAS Sauce - Caramel,ZeroSugar Sirup,b2b fc jul26,b2b fc,0,2026-07-01,2026-05-01,"Copy of Retail Forecast Model 12mr - 2026 - May 8, 11_27 AM - Productlevel FC.csv"
NPD,030420,"Wassereis - Mixbox 10 x 40 ml (Cherry, Peach, Waldmeister, Cola & Lemon)",Wassereis,b2b fc jul26,b2b fc,0,2026-07-01,2026-05-01,"Copy of Retail Forecast Model 12mr - 2026 - May 8, 11_27 AM - Productlevel FC.csv"
Available,040301,"Flavour Powder - Vanilla, 250g",Flavor Powder,b2b fc jul26,b2b fc,918,2026-07-01,2026-05-01,"Copy of Retail Forecast Model 12mr - 2026 - May 8, 11_27 AM - Productlevel FC.csv"
Available,040301-B,"Flavour Powder - Vanilla, Bulk",Bulk,b2b fc jul26,b2b fc,0,2026-07-01,2026-05-01,"Copy of Retail Forecast Model 12mr - 2026 - May 8, 11_27 AM - Productlevel FC.csv"
Available,040301-S,"Flavour Powder - Vanilla, Sachet",Sachet,b2b fc jul26,b2b fc,0,2026-07-01,2026-05-01,"Copy of Retail Forecast Model 12mr - 2026 - May 8, 11_27 AM - Productlevel FC.csv"
Available,040302,"Flavour Powder - Cherry, 250g",Flavor Powder,b2b fc jul26,b2b fc,318,2026-07-01,2026-05-01,"Copy of Retail Forecast Model 12mr - 2026 - May 8, 11_27 AM - Productlevel FC.csv"
Available,040302-B,"Flavour Powder - Cherry, Bulk",Bulk,b2b fc jul26,b2b fc,0,2026-07-01,2026-05-01,"Copy of Retail Forecast Model 12mr - 2026 - May 8, 11_27 AM - Productlevel FC.csv"
Available,040302-S,"Flavour Powder - Cherry, Sachet",Sachet,b2b fc jul26,b2b fc,0,2026-07-01,2026-05-01,"Copy of Retail Forecast Model 12mr - 2026 - May 8, 11_27 AM - Productlevel FC.csv"
Available,040303,"Flavour Powder - Stracciatella, 250g",Flavor Powder,b2b fc jul26,b2b fc,645,2026-07-01,2026-05-01,"Copy of Retail Forecast Model 12mr - 2026 - May 8, 11_27 AM - Productlevel FC.csv"
Available,040303-B,"Flavour Powder - Stracciatella, Bulk",Bulk,b2b fc jul26,b2b fc,0,2026-07-01,2026-05-01,"Copy of Retail Forecast Model 12mr - 2026 - May 8, 11_27 AM - Productlevel FC.csv"
Available,040303-S,"Flavour Powder - Stracciatella, Sachet",Sachet,b2b fc jul26,b2b fc,0,2026-07-01,2026-05-01,"Copy of Retail Forecast Model 12mr - 2026 - May 8, 11_27 AM - Productlevel FC.csv"
Available,040304,"Flavour Powder - Chocolate Cookie, 250g",Flavor Powder,b2b fc jul26,b2b fc,962,2026-07-01,2026-05-01,"Copy of Retail Forecast Model 12mr - 2026 - May 8, 11_27 AM - Productlevel FC.csv"
Available,040304-B,"Flavor Powder - Chocolate Cookie, Bulk",Bulk,b2b fc jul26,b2b fc,0,2026-07-01,2026-05-01,"Copy of Retail Forecast Model 12mr - 2026 - May 8, 11_27 AM - Productlevel FC.csv"
Available,040304-S,"Flavour Powder - Chocolate Cookie, Sachet",Sachet,b2b fc jul26,b2b fc,0,2026-07-01,2026-05-01,"Copy of Retail Forecast Model 12mr - 2026 - May 8, 11_27 AM - Productlevel FC.csv"
Available,040305,"Flavour Powder - Strawberry Chocolate, 250g",Flavor Powder,b2b fc jul26,b2b fc,1046,2026-07-01,2026-05-01,"Copy of Retail Forecast Model 12mr - 2026 - May 8, 11_27 AM - Productlevel FC.csv"
Available,040305-B,"Flavour Powder - Strawberry Chocolate, Bulk",Bulk,b2b fc jul26,b2b fc,0,2026-07-01,2026-05-01,"Copy of Retail Forecast Model 12mr - 2026 - May 8, 11_27 AM - Productlevel FC.csv"
Available,040305-S,"Flavour Powder - Strawberry chocolate, Sachet",Sachet,b2b fc jul26,b2b fc,0,2026-07-01,2026-05-01,"Copy of Retail Forecast Model 12mr - 2026 - May 8, 11_27 AM - Productlevel FC.csv"
Available,040306,"Flavour Powder - Cinnamon Crunch, 250g",Flavor Powder,b2b fc jul26,b2b fc,370,2026-07-01,2026-05-01,"Copy of Retail Forecast Model 12mr - 2026 - May 8, 11_27 AM - Productlevel FC.csv"
Available,040306-B,"Flavour Powder - Cinnamon Crunch, Bulk",Bulk,b2b fc jul26,b2b fc,0,2026-07-01,2026-05-01,"Copy of Retail Forecast Model 12mr - 2026 - May 8, 11_27 AM - Productlevel FC.csv"
Available,040306-S,"Flavour Powder - Cinnamon Crunch, Sachet",Sachet,b2b fc jul26,b2b fc,0,2026-07-01,2026-05-01,"Copy of Retail Forecast Model 12mr - 2026 - May 8, 11_27 AM - Productlevel FC.csv"
Available,040307,Flavour Powder - Apfel Strudel,Flavor Powder,b2b fc jul26,b2b fc,0,2026-07-01,2026-05-01,"Copy of Retail Forecast Model 12mr - 2026 - May 8, 11_27 AM - Productlevel FC.csv"
Available,040307-1,"Flavour Powder - Apfel Strudel, 2x250g",Flavor Powder,b2b fc jul26,b2b fc,0,2026-07-01,2026-05-01,"Copy of Retail Forecast Model 12mr - 2026 - May 8, 11_27 AM - Productlevel FC.csv"
Available,040307-B,"Flavour Powder - Apfel Strudel, Bulk",Bulk,b2b fc jul26,b2b fc,0,2026-07-01,2026-05-01,"Copy of Retail Forecast Model 12mr - 2026 - May 8, 11_27 AM - Productlevel FC.csv"
Available,040307-S,"Flavour Powder - Apfelstrudel, Sachet",Sachet,b2b fc jul26,b2b fc,0,2026-07-01,2026-05-01,"Copy of Retail Forecast Model 12mr - 2026 - May 8, 11_27 AM - Productlevel FC.csv"
Available,040308,Flavour Powder - Spekulatius,Flavor Powder,b2b fc jul26,b2b fc,0,2026-07-01,2026-05-01,"Copy of Retail Forecast Model 12mr - 2026 - May 8, 11_27 AM - Productlevel FC.csv"
Available,040308-1,Flavour Powder - Spekulatius 2x250g,Flavor Powder,b2b fc jul26,b2b fc,0,2026-07-01,2026-05-01,"Copy of Retail Forecast Model 12mr - 2026 - May 8, 11_27 AM - Productlevel FC.csv"
Available,040308-B,"Flavour Powder - Spekulatius, Bulk",Bulk,b2b fc jul26,b2b fc,0,2026-07-01,2026-05-01,"Copy of Retail Forecast Model 12mr - 2026 - May 8, 11_27 AM - Productlevel FC.csv"
Available,040308-S,"Flavour Powder - Spekulatius Crunch, Sachet",Sachet,b2b fc jul26,b2b fc,0,2026-07-01,2026-05-01,"Copy of Retail Forecast Model 12mr - 2026 - May 8, 11_27 AM - Productlevel FC.csv"
Available,040320,"Flavor Powder - Mix Box, Sachets",MixBox,b2b fc jul26,b2b fc,0,2026-07-01,2026-05-01,"Copy of Retail Forecast Model 12mr - 2026 - May 8, 11_27 AM - Productlevel FC.csv"
Available,040321,B2B Sachet Mix Box,MixBox,b2b fc jul26,b2b fc,0,2026-07-01,2026-05-01,"Copy of Retail Forecast Model 12mr - 2026 - May 8, 11_27 AM - Productlevel FC.csv"
Available,040401-B,"Clear Whey - Peach Ice Tea, Bulk",Bulk,b2b fc jul26,b2b fc,0,2026-07-01,2026-05-01,"Copy of Retail Forecast Model 12mr - 2026 - May 8, 11_27 AM - Productlevel FC.csv"
Available,040401-J500,"Clear Whey - Peach Ice Tea, 500g",Clear Whey Protein Powder,b2b fc jul26,b2b fc,621,2026-07-01,2026-05-01,"Copy of Retail Forecast Model 12mr - 2026 - May 8, 11_27 AM - Productlevel FC.csv"
Available,040401-S,"Clear Whey - Peach Ice Tea, Sachet",Sachet,b2b fc jul26,b2b fc,0,2026-07-01,2026-05-01,"Copy of Retail Forecast Model 12mr - 2026 - May 8, 11_27 AM - Productlevel FC.csv"
Available,040402-B,"Clear Whey - Green Apple, Bulk",Bulk,b2b fc jul26,b2b fc,0,2026-07-01,2026-05-01,"Copy of Retail Forecast Model 12mr - 2026 - May 8, 11_27 AM - Productlevel FC.csv"
Available,040402-J500,"Clear Whey - Green Apple, 500g",Clear Whey Protein Powder,b2b fc jul26,b2b fc,439,2026-07-01,2026-05-01,"Copy of Retail Forecast Model 12mr - 2026 - May 8, 11_27 AM - Productlevel FC.csv"
Available,040402-S,"Clear Whey - Green Apple, Sachet",Sachet,b2b fc jul26,b2b fc,0,2026-07-01,2026-05-01,"Copy of Retail Forecast Model 12mr - 2026 - May 8, 11_27 AM - Productlevel FC.csv"
Available,040403-B,"Clear Whey - Lemon Ice Tea, Bulk",Bulk,b2b fc jul26,b2b fc,0,2026-07-01,2026-05-01,"Copy of Retail Forecast Model 12mr - 2026 - May 8, 11_27 AM - Productlevel FC.csv"
Available,040403-J500,"Clear Whey - Lemon Ice Tea, 500g",Clear Whey Protein Powder,b2b fc jul26,b2b fc,461,2026-07-01,2026-05-01,"Copy of Retail Forecast Model 12mr - 2026 - May 8, 11_27 AM - Productlevel FC.csv"
Available,040403-S,"Clear Whey - Lemon Ice Tea, Sachet",Sachet,b2b fc jul26,b2b fc,0,2026-07-01,2026-05-01,"Copy of Retail Forecast Model 12mr - 2026 - May 8, 11_27 AM - Productlevel FC.csv"
Available,040404-B,"Clear Whey - Orange, Bulk",Bulk,b2b fc jul26,b2b fc,0,2026-07-01,2026-05-01,"Copy of Retail Forecast Model 12mr - 2026 - May 8, 11_27 AM - Productlevel FC.csv"
Available,040404-J500,"Clear Whey - Orange, 500g",Clear Whey Protein Powder,b2b fc jul26,b2b fc,358,2026-07-01,2026-05-01,"Copy of Retail Forecast Model 12mr - 2026 - May 8, 11_27 AM - Productlevel FC.csv"
Available,040404-S,"Clear Whey - Orange, Sachet",Sachet,b2b fc jul26,b2b fc,0,2026-07-01,2026-05-01,"Copy of Retail Forecast Model 12mr - 2026 - May 8, 11_27 AM - Productlevel FC.csv"
Available,040405-B,"Clear Whey - Cherry, Bulk",Bulk,b2b fc jul26,b2b fc,0,2026-07-01,2026-05-01,"Copy of Retail Forecast Model 12mr - 2026 - May 8, 11_27 AM - Productlevel FC.csv"
Available,040405-J500,"Clear Whey - Cherry, 500g",Clear Whey Protein Powder,b2b fc jul26,b2b fc,606,2026-07-01,2026-05-01,"Copy of Retail Forecast Model 12mr - 2026 - May 8, 11_27 AM - Productlevel FC.csv"
Available,040405-S,"Clear Whey - Cherry, Sachet",Sachet,b2b fc jul26,b2b fc,0,2026-07-01,2026-05-01,"Copy of Retail Forecast Model 12mr - 2026 - May 8, 11_27 AM - Productlevel FC.csv"
Available,040406-B,"Clear Why - Apfelpunsch, Bulk",Bulk,b2b fc jul26,b2b fc,0,2026-07-01,2026-05-01,"Copy of Retail Forecast Model 12mr - 2026 - May 8, 11_27 AM - Productlevel FC.csv"
Available,040406-J500,"Clear Whey - Apfelpunsch, 500g",Clear Whey Protein Powder,b2b fc jul26,b2b fc,0,2026-07-01,2026-05-01,"Copy of Retail Forecast Model 12mr - 2026 - May 8, 11_27 AM - Productlevel FC.csv"
Available,040406-J500-1,"Clear Whey - Apfelpunsch, 2x500g",Clear Whey Protein Powder,b2b fc jul26,b2b fc,0,2026-07-01,2026-05-01,"Copy of Retail Forecast Model 12mr - 2026 - May 8, 11_27 AM - Productlevel FC.csv"
Available,040406-S,"Clear Whey - Apfelpunsh, Sachet",Sachet,b2b fc jul26,b2b fc,0,2026-07-01,2026-05-01,"Copy of Retail Forecast Model 12mr - 2026 - May 8, 11_27 AM - Productlevel FC.csv"
Available,040407-B,"Clear Whey - Winterpunsch, Bulk",Bulk,b2b fc jul26,b2b fc,0,2026-07-01,2026-05-01,"Copy of Retail Forecast Model 12mr - 2026 - May 8, 11_27 AM - Productlevel FC.csv"
Available,040407-J500,"Clear Whey - Winterpunsch, 500g",Clear Whey Protein Powder,b2b fc jul26,b2b fc,0,2026-07-01,2026-05-01,"Copy of Retail Forecast Model 12mr - 2026 - May 8, 11_27 AM - Productlevel FC.csv"
Available,040407-J500-1,"Clear Whey - Winterpunsch, 2x500g",Clear Whey Protein Powder,b2b fc jul26,b2b fc,0,2026-07-01,2026-05-01,"Copy of Retail Forecast Model 12mr - 2026 - May 8, 11_27 AM - Productlevel FC.csv"
Available,040407-S,"Clear Whey - Winterpunsch, Sachet",Sachet,b2b fc jul26,b2b fc,0,2026-07-01,2026-05-01,"Copy of Retail Forecast Model 12mr - 2026 - May 8, 11_27 AM - Productlevel FC.csv"
Available,040408-B,"Clear Protein - Mixed Berry, Bulk",Bulk,b2b fc jul26,b2b fc,0,2026-07-01,2026-05-01,"Copy of Retail Forecast Model 12mr - 2026 - May 8, 11_27 AM - Productlevel FC.csv"
Available,040408-J500,"Clear Protein - Mixed Berry, 500g",Clear Whey Protein Powder,b2b fc jul26,b2b fc,0,2026-07-01,2026-05-01,"Copy of Retail Forecast Model 12mr - 2026 - May 8, 11_27 AM - Productlevel FC.csv"
Available,040408-S,"Clear Protein - Mixed Berry, Sachet",Sachet,b2b fc jul26,b2b fc,0,2026-07-01,2026-05-01,"Copy of Retail Forecast Model 12mr - 2026 - May 8, 11_27 AM - Productlevel FC.csv"
Available,040409-B,"Clear Protein - Lemon & Lime, Bulk",Bulk,b2b fc jul26,b2b fc,0,2026-07-01,2026-05-01,"Copy of Retail Forecast Model 12mr - 2026 - May 8, 11_27 AM - Productlevel FC.csv"
Available,040409-J500,"Clear Protein - Lemon & Lime, 500g",Clear Whey Protein Powder,b2b fc jul26,b2b fc,0,2026-07-01,2026-05-01,"Copy of Retail Forecast Model 12mr - 2026 - May 8, 11_27 AM - Productlevel FC.csv"
Available,040409-S,"Clear Protein - Lemon & Lime, Sachet",Sachet,b2b fc jul26,b2b fc,0,2026-07-01,2026-05-01,"Copy of Retail Forecast Model 12mr - 2026 - May 8, 11_27 AM - Productlevel FC.csv"
NPD,040410-B,"Clear Protein - Mochito, Bulk",Bulk,b2b fc jul26,b2b fc,0,2026-07-01,2026-05-01,"Copy of Retail Forecast Model 12mr - 2026 - May 8, 11_27 AM - Productlevel FC.csv"
NPD,040410-J500,"Clear Protein - Mojito, 500g",Clear Whey Protein Powder,b2b fc jul26,b2b fc,0,2026-07-01,2026-05-01,"Copy of Retail Forecast Model 12mr - 2026 - May 8, 11_27 AM - Productlevel FC.csv"
NPD,040410-S,"Clear Protein - Mochito, Sachet",Sachet,b2b fc jul26,b2b fc,0,2026-07-01,2026-05-01,"Copy of Retail Forecast Model 12mr - 2026 - May 8, 11_27 AM - Productlevel FC.csv"
Available,040411-B,"Clear Protein - Pornstar Martini, Bulk",Bulk,b2b fc jul26,b2b fc,0,2026-07-01,2026-05-01,"Copy of Retail Forecast Model 12mr - 2026 - May 8, 11_27 AM - Productlevel FC.csv"
Available,040411-J500,"Clear Protein -  Pornstar Martini, 500g",Clear Whey Protein Powder,b2b fc jul26,b2b fc,0,2026-07-01,2026-05-01,"Copy of Retail Forecast Model 12mr - 2026 - May 8, 11_27 AM - Productlevel FC.csv"
Available,040411-S,"Clear Protein -  Pornstar Martinio, Sachet",Sachet,b2b fc jul26,b2b fc,0,2026-07-01,2026-05-01,"Copy of Retail Forecast Model 12mr - 2026 - May 8, 11_27 AM - Productlevel FC.csv"
Available,040420,"Clear Whey - Mix Box, 5x1 Sachets",MixBox,b2b fc jul26,b2b fc,0,2026-07-01,2026-05-01,"Copy of Retail Forecast Model 12mr - 2026 - May 8, 11_27 AM - Productlevel FC.csv"
Available,040501-B,"Whey - Double Chocolate, Bulk",Bulk,b2b fc jul26,b2b fc,0,2026-07-01,2026-05-01,"Copy of Retail Forecast Model 12mr - 2026 - May 8, 11_27 AM - Productlevel FC.csv"
Available,040501-J1000,"Whey - Double Chocolate, 1000g",Whey Protein Powder,b2b fc jul26,b2b fc,0,2026-07-01,2026-05-01,"Copy of Retail Forecast Model 12mr - 2026 - May 8, 11_27 AM - Productlevel FC.csv"
Available,040501-J500,"Whey - Double Chocolate, 500g",Whey Protein Powder,b2b fc jul26,b2b fc,839,2026-07-01,2026-05-01,"Copy of Retail Forecast Model 12mr - 2026 - May 8, 11_27 AM - Productlevel FC.csv"
Available,040501-S,"Whey - Double Chocolate, Sachet",Sachet,b2b fc jul26,b2b fc,0,2026-07-01,2026-05-01,"Copy of Retail Forecast Model 12mr - 2026 - May 8, 11_27 AM - Productlevel FC.csv"
Available,040502-B,"Whey - Vanilla, Bulk",Bulk,b2b fc jul26,b2b fc,0,2026-07-01,2026-05-01,"Copy of Retail Forecast Model 12mr - 2026 - May 8, 11_27 AM - Productlevel FC.csv"
Available,040502-J1000,"Whey - Vanilla, 1000g",Whey Protein Powder,b2b fc jul26,b2b fc,0,2026-07-01,2026-05-01,"Copy of Retail Forecast Model 12mr - 2026 - May 8, 11_27 AM - Productlevel FC.csv"
Available,040502-J500,"Whey - Vanilla, 500g",Whey Protein Powder,b2b fc jul26,b2b fc,578,2026-07-01,2026-05-01,"Copy of Retail Forecast Model 12mr - 2026 - May 8, 11_27 AM - Productlevel FC.csv"
Available,040502-S,"Whey - Vanilla, Sachet",Sachet,b2b fc jul26,b2b fc,0,2026-07-01,2026-05-01,"Copy of Retail Forecast Model 12mr - 2026 - May 8, 11_27 AM - Productlevel FC.csv"
Available,040503-B,"Whey - Caramel Crunch, Bulk",Bulk,b2b fc jul26,b2b fc,0,2026-07-01,2026-05-01,"Copy of Retail Forecast Model 12mr - 2026 - May 8, 11_27 AM - Productlevel FC.csv"
Available,040503-J1000,"Whey - Caramel Crunch, 1000g",Whey Protein Powder,b2b fc jul26,b2b fc,0,2026-07-01,2026-05-01,"Copy of Retail Forecast Model 12mr - 2026 - May 8, 11_27 AM - Productlevel FC.csv"
Available,040503-J500,"Whey - Caramel Crunch, 500g",Whey Protein Powder,b2b fc jul26,b2b fc,289,2026-07-01,2026-05-01,"Copy of Retail Forecast Model 12mr - 2026 - May 8, 11_27 AM - Productlevel FC.csv"
Available,040503-S,"Whey - Caramel Crunch, Sachet",Sachet,b2b fc jul26,b2b fc,0,2026-07-01,2026-05-01,"Copy of Retail Forecast Model 12mr - 2026 - May 8, 11_27 AM - Productlevel FC.csv"
Available,040504-B,"Whey - Strawberry & Cream, Bulk",Bulk,b2b fc jul26,b2b fc,0,2026-07-01,2026-05-01,"Copy of Retail Forecast Model 12mr - 2026 - May 8, 11_27 AM - Productlevel FC.csv"
Available,040504-J1000,"Whey - Strawberry & Cream, 1000g",Whey Protein Powder,b2b fc jul26,b2b fc,0,2026-07-01,2026-05-01,"Copy of Retail Forecast Model 12mr - 2026 - May 8, 11_27 AM - Productlevel FC.csv"
Available,040504-J500,"Whey - Strawberry & Cream, 500g",Whey Protein Powder,b2b fc jul26,b2b fc,649,2026-07-01,2026-05-01,"Copy of Retail Forecast Model 12mr - 2026 - May 8, 11_27 AM - Productlevel FC.csv"
Available,040504-S,"Whey - Strawberry & Cream, Sachet",Sachet,b2b fc jul26,b2b fc,0,2026-07-01,2026-05-01,"Copy of Retail Forecast Model 12mr - 2026 - May 8, 11_27 AM - Productlevel FC.csv"
Available,040505-B,"Whey - Coffee, Bulk",Bulk,b2b fc jul26,b2b fc,0,2026-07-01,2026-05-01,"Copy of Retail Forecast Model 12mr - 2026 - May 8, 11_27 AM - Productlevel FC.csv"
Available,040505-J1000,"Whey - Coffee, 1000g",Whey Protein Powder,b2b fc jul26,b2b fc,0,2026-07-01,2026-05-01,"Copy of Retail Forecast Model 12mr - 2026 - May 8, 11_27 AM - Productlevel FC.csv"
Available,040505-J500,"Whey - Coffee, 500g",Whey Protein Powder,b2b fc jul26,b2b fc,647,2026-07-01,2026-05-01,"Copy of Retail Forecast Model 12mr - 2026 - May 8, 11_27 AM - Productlevel FC.csv"
Available,040505-S,"Whey - Coffee, Sachet",Sachet,b2b fc jul26,b2b fc,0,2026-07-01,2026-05-01,"Copy of Retail Forecast Model 12mr - 2026 - May 8, 11_27 AM - Productlevel FC.csv"
Available,040506-B,"Whey - Unflavoured, Bulk",Bulk,b2b fc jul26,b2b fc,0,2026-07-01,2026-05-01,"Copy of Retail Forecast Model 12mr - 2026 - May 8, 11_27 AM - Productlevel FC.csv"
Available,040506-J1000,"Whey - unflavoured, 1000g",Whey Protein Powder,b2b fc jul26,b2b fc,0,2026-07-01,2026-05-01,"Copy of Retail Forecast Model 12mr - 2026 - May 8, 11_27 AM - Productlevel FC.csv"
Available,040506-J500,"Whey - unflavoured, 500g",Whey Protein Powder,b2b fc jul26,b2b fc,162,2026-07-01,2026-05-01,"Copy of Retail Forecast Model 12mr - 2026 - May 8, 11_27 AM - Productlevel FC.csv"
Available,040506-S,"Whey - unflavoured, Sachet",Sachet,b2b fc jul26,b2b fc,0,2026-07-01,2026-05-01,"Copy of Retail Forecast Model 12mr - 2026 - May 8, 11_27 AM - Productlevel FC.csv"
Available,040507-B,"Whey - Chai Latte, Bulk",Bulk,b2b fc jul26,b2b fc,0,2026-07-01,2026-05-01,"Copy of Retail Forecast Model 12mr - 2026 - May 8, 11_27 AM - Productlevel FC.csv"
Available,040507-J500,"Whey - Chai Latte, 500g",Whey Protein Powder,b2b fc jul26,b2b fc,164,2026-07-01,2026-05-01,"Copy of Retail Forecast Model 12mr - 2026 - May 8, 11_27 AM - Productlevel FC.csv"
Available,040507-S,"Whey - Chai Latte, Sachet",Sachet,b2b fc jul26,b2b fc,0,2026-07-01,2026-05-01,"Copy of Retail Forecast Model 12mr - 2026 - May 8, 11_27 AM - Productlevel FC.csv"
Available,040508-B,"Whey - Spekulatius, Bulk",Bulk,b2b fc jul26,b2b fc,0,2026-07-01,2026-05-01,"Copy of Retail Forecast Model 12mr - 2026 - May 8, 11_27 AM - Productlevel FC.csv"
Available,040508-J500,"Whey - Spekulatius, 500g",Whey Protein Powder,b2b fc jul26,b2b fc,0,2026-07-01,2026-05-01,"Copy of Retail Forecast Model 12mr - 2026 - May 8, 11_27 AM - Productlevel FC.csv"
Available,040508-J500-1,"Whey - Spekulatius, 2x500g",Whey Protein Powder,b2b fc jul26,b2b fc,0,2026-07-01,2026-05-01,"Copy of Retail Forecast Model 12mr - 2026 - May 8, 11_27 AM - Productlevel FC.csv"
Available,040508-S,"Whey - Spekulatius, Sachet",Sachet,b2b fc jul26,b2b fc,0,2026-07-01,2026-05-01,"Copy of Retail Forecast Model 12mr - 2026 - May 8, 11_27 AM - Productlevel FC.csv"
Available,040509-B,"Whey - Hazelnut Nougat, Bulk",Bulk,b2b fc jul26,b2b fc,0,2026-07-01,2026-05-01,"Copy of Retail Forecast Model 12mr - 2026 - May 8, 11_27 AM - Productlevel FC.csv"
Available,040509-J1000,"Whey - Hazelnut Nougat, 1000g",Whey Protein Powder,b2b fc jul26,b2b fc,0,2026-07-01,2026-05-01,"Copy of Retail Forecast Model 12mr - 2026 - May 8, 11_27 AM - Productlevel FC.csv"
Available,040509-J500,"Whey - Hazelnut Nougat, 500g",Whey Protein Powder,b2b fc jul26,b2b fc,0,2026-07-01,2026-05-01,"Copy of Retail Forecast Model 12mr - 2026 - May 8, 11_27 AM - Productlevel FC.csv"
Available,040509-S,"Whey - Hazelnut Nougat, Sachet",Sachet,b2b fc jul26,b2b fc,0,2026-07-01,2026-05-01,"Copy of Retail Forecast Model 12mr - 2026 - May 8, 11_27 AM - Productlevel FC.csv"
Available,040510-B,"Whey - Protein Sahne, Bulk",Bulk,b2b fc jul26,b2b fc,0,2026-07-01,2026-05-01,"Copy of Retail Forecast Model 12mr - 2026 - May 8, 11_27 AM - Productlevel FC.csv"
Available,040510-J1000,"Whey - Protein Sahne, 1000g",Whey Protein Powder,b2b fc jul26,b2b fc,0,2026-07-01,2026-05-01,"Copy of Retail Forecast Model 12mr - 2026 - May 8, 11_27 AM - Productlevel FC.csv"
Available,040510-J500,"Whey - Protein Sahne, 500g",Whey Protein Powder,b2b fc jul26,b2b fc,217,2026-07-01,2026-05-01,"Copy of Retail Forecast Model 12mr - 2026 - May 8, 11_27 AM - Productlevel FC.csv"
Available,040510-J500-1,"Whey - Protein Sahne, 2x500g",Whey Protein Powder,b2b fc jul26,b2b fc,0,2026-07-01,2026-05-01,"Copy of Retail Forecast Model 12mr - 2026 - May 8, 11_27 AM - Productlevel FC.csv"
Available,040510-S,"Whey - Protein Sahne, Sachet",Sachet,b2b fc jul26,b2b fc,0,2026-07-01,2026-05-01,"Copy of Retail Forecast Model 12mr - 2026 - May 8, 11_27 AM - Productlevel FC.csv"
Available,040511-B,"Whey - White Chocolate Pistachio, Bulk",Bulk,b2b fc jul26,b2b fc,0,2026-07-01,2026-05-01,"Copy of Retail Forecast Model 12mr - 2026 - May 8, 11_27 AM - Productlevel FC.csv"
Available,040511-J500,"Whey - White Chocolate Pistachio, 500g",Whey Protein Powder,b2b fc jul26,b2b fc,382,2026-07-01,2026-05-01,"Copy of Retail Forecast Model 12mr - 2026 - May 8, 11_27 AM - Productlevel FC.csv"
Available,040511-J500-1,"Whey - White Chocolate Pistachio, 2x500g",Whey Protein Powder,b2b fc jul26,b2b fc,0,2026-07-01,2026-05-01,"Copy of Retail Forecast Model 12mr - 2026 - May 8, 11_27 AM - Productlevel FC.csv"
Available,040511-S,"Whey - White Chocolate Pistachio, Sachet",Sachet,b2b fc jul26,b2b fc,0,2026-07-01,2026-05-01,"Copy of Retail Forecast Model 12mr - 2026 - May 8, 11_27 AM - Productlevel FC.csv"
Available,040512-B,"Whey Protein - Decaf Iced Coffee, Bulk",Bulk,b2b fc jul26,b2b fc,0,2026-07-01,2026-05-01,"Copy of Retail Forecast Model 12mr - 2026 - May 8, 11_27 AM - Productlevel FC.csv"
Available,040512-J500,"Whey Protein - Decaf Iced Coffee, 500g",Whey Protein Powder,b2b fc jul26,b2b fc,0,2026-07-01,2026-05-01,"Copy of Retail Forecast Model 12mr - 2026 - May 8, 11_27 AM - Productlevel FC.csv"
Available,040512-S,"Whey Protein - Decaf Iced Coffee, Sachet",Sachet,b2b fc jul26,b2b fc,0,2026-07-01,2026-05-01,"Copy of Retail Forecast Model 12mr - 2026 - May 8, 11_27 AM - Productlevel FC.csv"
Available,040513-B,"Whey Protein - Affogato, Bulk",Bulk,b2b fc jul26,b2b fc,0,2026-07-01,2026-05-01,"Copy of Retail Forecast Model 12mr - 2026 - May 8, 11_27 AM - Productlevel FC.csv"
Available,040513-J500,"Whey Protein - Affogato, 500g",Whey Protein Powder,b2b fc jul26,b2b fc,145,2026-07-01,2026-05-01,"Copy of Retail Forecast Model 12mr - 2026 - May 8, 11_27 AM - Productlevel FC.csv"
Available,040513-J500-1,"Whey Protein - Affogato, 2x500g",Whey Protein Powder,b2b fc jul26,b2b fc,0,2026-07-01,2026-05-01,"Copy of Retail Forecast Model 12mr - 2026 - May 8, 11_27 AM - Productlevel FC.csv"
Available,040513-S,"Whey Protein - Affogato, Sachet",Sachet,b2b fc jul26,b2b fc,0,2026-07-01,2026-05-01,"Copy of Retail Forecast Model 12mr - 2026 - May 8, 11_27 AM - Productlevel FC.csv"
Available,040515-B,"Whey Protein Coffee - Mocha, Bulk",Bulk,b2b fc jul26,b2b fc,0,2026-07-01,2026-05-01,"Copy of Retail Forecast Model 12mr - 2026 - May 8, 11_27 AM - Productlevel FC.csv"
Available,040515-J500,"Whey Protein Coffee - Mocha, 500g",Whey Protein Powder,b2b fc jul26,b2b fc,140,2026-07-01,2026-05-01,"Copy of Retail Forecast Model 12mr - 2026 - May 8, 11_27 AM - Productlevel FC.csv"
Available,040515-J500-1,"Whey Protein Coffee - Mocha, 2x500g",Whey Protein Powder,b2b fc jul26,b2b fc,0,2026-07-01,2026-05-01,"Copy of Retail Forecast Model 12mr - 2026 - May 8, 11_27 AM - Productlevel FC.csv"
Available,040515-S,"Whey Protein Coffee - Mocha, Sachet",Sachet,b2b fc jul26,b2b fc,0,2026-07-01,2026-05-01,"Copy of Retail Forecast Model 12mr - 2026 - May 8, 11_27 AM - Productlevel FC.csv"
Available,040517-B,"Whey Protein - Pumpkin Spice, Bulk",Whey Protein Powder,b2b fc jul26,b2b fc,0,2026-07-01,2026-05-01,"Copy of Retail Forecast Model 12mr - 2026 - May 8, 11_27 AM - Productlevel FC.csv"
Available,040517-J500,"Whey Protein - Pumpkin Spice, 500g",Whey Protein Powder,b2b fc jul26,b2b fc,0,2026-07-01,2026-05-01,"Copy of Retail Forecast Model 12mr - 2026 - May 8, 11_27 AM - Productlevel FC.csv"
Available,040517-S,"Whey Protein - Pumpkin Spice, Sachet",Sachet,b2b fc jul26,b2b fc,0,2026-07-01,2026-05-01,"Copy of Retail Forecast Model 12mr - 2026 - May 8, 11_27 AM - Productlevel FC.csv"
Ordered,040518-B,"Whey Protein - Iced Matcha Latte, Bulk",Bulk,b2b fc jul26,b2b fc,0,2026-07-01,2026-05-01,"Copy of Retail Forecast Model 12mr - 2026 - May 8, 11_27 AM - Productlevel FC.csv"
Ordered,040518-J500,"Whey Protein - Iced Matcha Latte, 500g",Whey Protein Powder,b2b fc jul26,b2b fc,146,2026-07-01,2026-05-01,"Copy of Retail Forecast Model 12mr - 2026 - May 8, 11_27 AM - Productlevel FC.csv"
Ordered,040518-S,"Whey Protein - Iced Matcha Latte, Sachet",Sachet,b2b fc jul26,b2b fc,0,2026-07-01,2026-05-01,"Copy of Retail Forecast Model 12mr - 2026 - May 8, 11_27 AM - Productlevel FC.csv"
Ordered,040519-B,"Whey Protein - Mango Matcha Latte, Bulk",Bulk,b2b fc jul26,b2b fc,0,2026-07-01,2026-05-01,"Copy of Retail Forecast Model 12mr - 2026 - May 8, 11_27 AM - Productlevel FC.csv"
Ordered,040519-J500,"Whey Protein - Mango Matcha Latte, 500g",Whey Protein Powder,b2b fc jul26,b2b fc,159,2026-07-01,2026-05-01,"Copy of Retail Forecast Model 12mr - 2026 - May 8, 11_27 AM - Productlevel FC.csv"
Ordered,040519-S,"Whey Protein - Mango Matcha Latte, Sachet",Sachet,b2b fc jul26,b2b fc,0,2026-07-01,2026-05-01,"Copy of Retail Forecast Model 12mr - 2026 - May 8, 11_27 AM - Productlevel FC.csv"
Available,040520,"Whey - MixBox, 5x1 Sachets",MixBox,b2b fc jul26,b2b fc,0,2026-07-01,2026-05-01,"Copy of Retail Forecast Model 12mr - 2026 - May 8, 11_27 AM - Productlevel FC.csv"
Ordered,040521-B,"Whey Protein - Pure/Natural Matcha Latte, Bulk",Bulk,b2b fc jul26,b2b fc,0,2026-07-01,2026-05-01,"Copy of Retail Forecast Model 12mr - 2026 - May 8, 11_27 AM - Productlevel FC.csv"
Ordered,040521-J500,"Whey Protein - Pure/Natural Matcha Latte, 500g",Whey Protein Powder,b2b fc jul26,b2b fc,0,2026-07-01,2026-05-01,"Copy of Retail Forecast Model 12mr - 2026 - May 8, 11_27 AM - Productlevel FC.csv"
Ordered,040521-S,"Whey Protein - Pure/Natural Matcha Latte, Sachet",Sachet,b2b fc jul26,b2b fc,0,2026-07-01,2026-05-01,"Copy of Retail Forecast Model 12mr - 2026 - May 8, 11_27 AM - Productlevel FC.csv"
Ordered,040522-B,"Whey Protein - Vanillekipferl, Bulk",Bulk,b2b fc jul26,b2b fc,0,2026-07-01,2026-05-01,"Copy of Retail Forecast Model 12mr - 2026 - May 8, 11_27 AM - Productlevel FC.csv"
Ordered,040522-J500,"Whey Protein - Vanillekipferl, 500g",Whey Protein Powder,b2b fc jul26,b2b fc,0,2026-07-01,2026-05-01,"Copy of Retail Forecast Model 12mr - 2026 - May 8, 11_27 AM - Productlevel FC.csv"
Ordered,040522-S,"Whey Protein - Vanillekipferl, Sachet",Sachet,b2b fc jul26,b2b fc,0,2026-07-01,2026-05-01,"Copy of Retail Forecast Model 12mr - 2026 - May 8, 11_27 AM - Productlevel FC.csv"
Available,040601-B,"Whey vegan - Stracciatella, Bulk",Bulk,b2b fc jul26,b2b fc,0,2026-07-01,2026-05-01,"Copy of Retail Forecast Model 12mr - 2026 - May 8, 11_27 AM - Productlevel FC.csv"
Available,040601-J500,"Whey vegan - Stracciatella, 500g",Vegan Protein Powder,b2b fc jul26,b2b fc,321,2026-07-01,2026-05-01,"Copy of Retail Forecast Model 12mr - 2026 - May 8, 11_27 AM - Productlevel FC.csv"
Available,040601-S,"Whey vegan - Stracciatella, Sachet",Sachet,b2b fc jul26,b2b fc,0,2026-07-01,2026-05-01,"Copy of Retail Forecast Model 12mr - 2026 - May 8, 11_27 AM - Productlevel FC.csv"
Available,040602-B,"Whey vegan - Chocolate Hazelnut, Bulk",Bulk,b2b fc jul26,b2b fc,0,2026-07-01,2026-05-01,"Copy of Retail Forecast Model 12mr - 2026 - May 8, 11_27 AM - Productlevel FC.csv"
Available,040602-J500,"Whey vegan - Chocolate Hazelnut, 500g",Vegan Protein Powder,b2b fc jul26,b2b fc,261,2026-07-01,2026-05-01,"Copy of Retail Forecast Model 12mr - 2026 - May 8, 11_27 AM - Productlevel FC.csv"
Available,040602-S,"Whey vegan - Chocolate Hazelnut, Sachet",Sachet,b2b fc jul26,b2b fc,0,2026-07-01,2026-05-01,"Copy of Retail Forecast Model 12mr - 2026 - May 8, 11_27 AM - Productlevel FC.csv"
Available,040603-B,"Whey vegan - Cinnamon Roll, Bulk",Bulk,b2b fc jul26,b2b fc,0,2026-07-01,2026-05-01,"Copy of Retail Forecast Model 12mr - 2026 - May 8, 11_27 AM - Productlevel FC.csv"
Available,040603-J500,"Whey vegan - Cinnamon Roll, 500g",Vegan Protein Powder,b2b fc jul26,b2b fc,151,2026-07-01,2026-05-01,"Copy of Retail Forecast Model 12mr - 2026 - May 8, 11_27 AM - Productlevel FC.csv"
Available,040603-J500-1,"Whey vegan - Cinnamon Roll, 2x500g",Vegan Protein Powder,b2b fc jul26,b2b fc,0,2026-07-01,2026-05-01,"Copy of Retail Forecast Model 12mr - 2026 - May 8, 11_27 AM - Productlevel FC.csv"
Available,040603-S,"Whey vegan - Cinnamon Roll, Sachet",Sachet,b2b fc jul26,b2b fc,0,2026-07-01,2026-05-01,"Copy of Retail Forecast Model 12mr - 2026 - May 8, 11_27 AM - Productlevel FC.csv"
Available,040604-B,"Whey vegan - Dark Cookie, Bulk",Bulk,b2b fc jul26,b2b fc,0,2026-07-01,2026-05-01,"Copy of Retail Forecast Model 12mr - 2026 - May 8, 11_27 AM - Productlevel FC.csv"
Available,040604-J500,"Whey vegan - Dark Cookie, 500g",Vegan Protein Powder,b2b fc jul26,b2b fc,185,2026-07-01,2026-05-01,"Copy of Retail Forecast Model 12mr - 2026 - May 8, 11_27 AM - Productlevel FC.csv"
Available,040604-J500-1,"Whey vegan - Dark Cookie, 2x500g",Vegan Protein Powder,b2b fc jul26,b2b fc,0,2026-07-01,2026-05-01,"Copy of Retail Forecast Model 12mr - 2026 - May 8, 11_27 AM - Productlevel FC.csv"
Available,040604-S,"Whey vegan - Dark Cookie, Sachet",Sachet,b2b fc jul26,b2b fc,0,2026-07-01,2026-05-01,"Copy of Retail Forecast Model 12mr - 2026 - May 8, 11_27 AM - Productlevel FC.csv"
Available,040605-B,"Vegan Protein Powder - ICED COFFEE, Bulk",Bulk,b2b fc jul26,b2b fc,0,2026-07-01,2026-05-01,"Copy of Retail Forecast Model 12mr - 2026 - May 8, 11_27 AM - Productlevel FC.csv"
Available,040605-J500,"Vegan Protein Powder - ICED COFFEE, 500g",Vegan Protein Powder,b2b fc jul26,b2b fc,0,2026-07-01,2026-05-01,"Copy of Retail Forecast Model 12mr - 2026 - May 8, 11_27 AM - Productlevel FC.csv"
Available,040605-S,"Vegan Protein Powder - ICED COFFEE, Sachet",Sachet,b2b fc jul26,b2b fc,0,2026-07-01,2026-05-01,"Copy of Retail Forecast Model 12mr - 2026 - May 8, 11_27 AM - Productlevel FC.csv"
Available,040620,"Vegan Whey - Mix Box, Sachets",MixBox,b2b fc jul26,b2b fc,0,2026-07-01,2026-05-01,"Copy of Retail Forecast Model 12mr - 2026 - May 8, 11_27 AM - Productlevel FC.csv"
Available,040801,"NAS Cacao Powder, 400g",Cacao Powder,b2b fc jul26,b2b fc,0,2026-07-01,2026-05-01,"Copy of Retail Forecast Model 12mr - 2026 - May 8, 11_27 AM - Productlevel FC.csv"
Available,040901,"Sugar Replacer, 1000g",Sugar Replacer,b2b fc jul26,b2b fc,0,2026-07-01,2026-05-01,"Copy of Retail Forecast Model 12mr - 2026 - May 8, 11_27 AM - Productlevel FC.csv"
Available,041001,NAS Götterspeise - Waldmeister,Jelly,b2b fc jul26,b2b fc,0,2026-07-01,2026-05-01,"Copy of Retail Forecast Model 12mr - 2026 - May 8, 11_27 AM - Productlevel FC.csv"
Available,041001-B,"NAS Götterspeise - Waldmeister, Bulk",Bulk,b2b fc jul26,b2b fc,0,2026-07-01,2026-05-01,"Copy of Retail Forecast Model 12mr - 2026 - May 8, 11_27 AM - Productlevel FC.csv"
Available,041001-S,"NAS Götterspeise - Waldmeister, Sachet 15g",Sachet,b2b fc jul26,b2b fc,0,2026-07-01,2026-05-01,"Copy of Retail Forecast Model 12mr - 2026 - May 8, 11_27 AM - Productlevel FC.csv"
Available,041002,NAS Götterspeise - Cherry,Jelly,b2b fc jul26,b2b fc,0,2026-07-01,2026-05-01,"Copy of Retail Forecast Model 12mr - 2026 - May 8, 11_27 AM - Productlevel FC.csv"
Available,041002-B,"NAS Götterspeise - Cherry, Bulk",Bulk,b2b fc jul26,b2b fc,0,2026-07-01,2026-05-01,"Copy of Retail Forecast Model 12mr - 2026 - May 8, 11_27 AM - Productlevel FC.csv"
Available,041002-S,"NAS Götterspeise - Cherry, Sachet 15g",Sachet,b2b fc jul26,b2b fc,0,2026-07-01,2026-05-01,"Copy of Retail Forecast Model 12mr - 2026 - May 8, 11_27 AM - Productlevel FC.csv"
Available,041003,NAS Götterspeise - Lemon,Jelly,b2b fc jul26,b2b fc,0,2026-07-01,2026-05-01,"Copy of Retail Forecast Model 12mr - 2026 - May 8, 11_27 AM - Productlevel FC.csv"
Available,041003-B,"NAS Götterspeise - Lemon, Bulk",Bulk,b2b fc jul26,b2b fc,0,2026-07-01,2026-05-01,"Copy of Retail Forecast Model 12mr - 2026 - May 8, 11_27 AM - Productlevel FC.csv"
Available,041003-S,"NAS Götterspeise - Lemon, Sachet 15g",Sachet,b2b fc jul26,b2b fc,0,2026-07-01,2026-05-01,"Copy of Retail Forecast Model 12mr - 2026 - May 8, 11_27 AM - Productlevel FC.csv"
Available,041020,NAS Götterspeise Mix Box - 6 Sachets + 6 Vanilla Sauce,Jelly,b2b fc jul26,b2b fc,0,2026-07-01,2026-05-01,"Copy of Retail Forecast Model 12mr - 2026 - May 8, 11_27 AM - Productlevel FC.csv"
Available,041101-250,"NAS Sauce - Vanilla,  250g",Vanilla Sauce,b2b fc jul26,b2b fc,0,2026-07-01,2026-05-01,"Copy of Retail Forecast Model 12mr - 2026 - May 8, 11_27 AM - Productlevel FC.csv"
Available,041101-B,"NAS Sauce - Vanilla, Bulk",Bulk,b2b fc jul26,b2b fc,0,2026-07-01,2026-05-01,"Copy of Retail Forecast Model 12mr - 2026 - May 8, 11_27 AM - Productlevel FC.csv"
Available,041101-S,"NAS Sauce - Vanilla, Sachet 25g",Sachet,b2b fc jul26,b2b fc,0,2026-07-01,2026-05-01,"Copy of Retail Forecast Model 12mr - 2026 - May 8, 11_27 AM - Productlevel FC.csv"
Available,041120,"Vanilla Sauce MixBox, 5x25g",Vanilla Sauce,b2b fc jul26,b2b fc,0,2026-07-01,2026-05-01,"Copy of Retail Forecast Model 12mr - 2026 - May 8, 11_27 AM - Productlevel FC.csv"
Available,050101,"Crazy Hazel Nougat Cream Low Sugar, 200g",Spreads,b2b fc jul26,b2b fc,51739,2026-07-01,2026-05-01,"Copy of Retail Forecast Model 12mr - 2026 - May 8, 11_27 AM - Productlevel FC.csv"
Available,050101-B,"Crazy Hazel Nougat Cream Low Sugar, Bucket 20kg",Bulk,b2b fc jul26,b2b fc,0,2026-07-01,2026-05-01,"Copy of Retail Forecast Model 12mr - 2026 - May 8, 11_27 AM - Productlevel FC.csv"
Available,050101-J350,"Crazy Hazel Nougat Cream Low Sugar, 350g",Spreads,b2b fc jul26,b2b fc,0,2026-07-01,2026-05-01,"Copy of Retail Forecast Model 12mr - 2026 - May 8, 11_27 AM - Productlevel FC.csv"
Available,050102,"Crazy Hazel vegan Nougat Cream Low Sugar, 200g",Spreads,b2b fc jul26,b2b fc,9817,2026-07-01,2026-05-01,"Copy of Retail Forecast Model 12mr - 2026 - May 8, 11_27 AM - Productlevel FC.csv"
Available,050102-B,"Crazy Hazel vegan Nougat Cream Low Sugar, Bucket 20kg",Bulk,b2b fc jul26,b2b fc,0,2026-07-01,2026-05-01,"Copy of Retail Forecast Model 12mr - 2026 - May 8, 11_27 AM - Productlevel FC.csv"
Available,050103,"Crazy Hazel White Choco Cream, 200g",Spreads,b2b fc jul26,b2b fc,62871,2026-07-01,2026-05-01,"Copy of Retail Forecast Model 12mr - 2026 - May 8, 11_27 AM - Productlevel FC.csv"
Available,050103-B,"Crazy Hazel White Choco Cream, Bucket 20kg",Bulk,b2b fc jul26,b2b fc,0,2026-07-01,2026-05-01,"Copy of Retail Forecast Model 12mr - 2026 - May 8, 11_27 AM - Productlevel FC.csv"
Available,050103-J350,"Crazy Hazel White Choco Cream, 350g",Spreads,b2b fc jul26,b2b fc,0,2026-07-01,2026-05-01,"Copy of Retail Forecast Model 12mr - 2026 - May 8, 11_27 AM - Productlevel FC.csv"
Available,050104,"Crazy Hazel White Crunchy, 200g",Spreads,b2b fc jul26,b2b fc,197,2026-07-01,2026-05-01,"Copy of Retail Forecast Model 12mr - 2026 - May 8, 11_27 AM - Productlevel FC.csv"
Available,050105,"Crazy Pistacchio, 200g",Spreads,b2b fc jul26,b2b fc,30096,2026-07-01,2026-05-01,"Copy of Retail Forecast Model 12mr - 2026 - May 8, 11_27 AM - Productlevel FC.csv"
Available,050105-B,"Crazy Pistacchio, Bucket 20kg",Bulk,b2b fc jul26,b2b fc,0,2026-07-01,2026-05-01,"Copy of Retail Forecast Model 12mr - 2026 - May 8, 11_27 AM - Productlevel FC.csv"
Available,050105-J350,"Crazy Pistacchio, 350g",Spreads,b2b fc jul26,b2b fc,0,2026-07-01,2026-05-01,"Copy of Retail Forecast Model 12mr - 2026 - May 8, 11_27 AM - Productlevel FC.csv"
Available,050106-1,"Spread Tray Bundle (Normal, White, Pistachio), 6x200g",Spreads,b2b fc jul26,b2b fc,0,2026-07-01,2026-05-01,"Copy of Retail Forecast Model 12mr - 2026 - May 8, 11_27 AM - Productlevel FC.csv"
Available,050107,"Crazy Spekulatius, 200g",Spreads,b2b fc jul26,b2b fc,0,2026-07-01,2026-05-01,"Copy of Retail Forecast Model 12mr - 2026 - May 8, 11_27 AM - Productlevel FC.csv"
Available,050108,"Crunchy Crazy Pistachio, 200g",Spreads,b2b fc jul26,b2b fc,0,2026-07-01,2026-05-01,"Copy of Retail Forecast Model 12mr - 2026 - May 8, 11_27 AM - Productlevel FC.csv"
Available,050109,"Crunchy Crazy Hazel, 200g",Spreads,b2b fc jul26,b2b fc,0,2026-07-01,2026-05-01,"Copy of Retail Forecast Model 12mr - 2026 - May 8, 11_27 AM - Productlevel FC.csv"
Available,050202,ahead Crunchies Crazy Hazel 1x 240g,Cereals,b2b fc jul26,b2b fc,5357,2026-07-01,2026-05-01,"Copy of Retail Forecast Model 12mr - 2026 - May 8, 11_27 AM - Productlevel FC.csv"
Available,050203,ahead Crunchies White Crazy Hazel 1x 240g,Cereals,b2b fc jul26,b2b fc,5820,2026-07-01,2026-05-01,"Copy of Retail Forecast Model 12mr - 2026 - May 8, 11_27 AM - Productlevel FC.csv"
NPD,050204,NAS Cereal - Cinnamon Rings/Hoops ('Cinni Minis'),Cereals,b2b fc jul26,b2b fc,4346,2026-07-01,2026-05-01,"Copy of Retail Forecast Model 12mr - 2026 - May 8, 11_27 AM - Productlevel FC.csv"
NPD,050205,NAS Cereal - Chocolate Rings/Hoops,Cereals,b2b fc jul26,b2b fc,0,2026-07-01,2026-05-01,"Copy of Retail Forecast Model 12mr - 2026 - May 8, 11_27 AM - Productlevel FC.csv"
NPD,050208,NAS/Protein Bites (Cereal) - Tutti Frutti Flavour 210g,Cereals,b2b fc jul26,b2b fc,11077,2026-07-01,2026-05-01,"Copy of Retail Forecast Model 12mr - 2026 - May 8, 11_27 AM - Productlevel FC.csv"
Available,050301,"Jam - Strawberry, 200g",Jams,b2b fc jul26,b2b fc,5103,2026-07-01,2026-05-01,"Copy of Retail Forecast Model 12mr - 2026 - May 8, 11_27 AM - Productlevel FC.csv"
Available,050302,"Jam - Raspberry, 200g",Jams,b2b fc jul26,b2b fc,4183,2026-07-01,2026-05-01,"Copy of Retail Forecast Model 12mr - 2026 - May 8, 11_27 AM - Productlevel FC.csv"
Available,050303,"Jam - Black Currant, 200g",Jams,b2b fc jul26,b2b fc,4864,2026-07-01,2026-05-01,"Copy of Retail Forecast Model 12mr - 2026 - May 8, 11_27 AM - Productlevel FC.csv"
Available,050304,"Jam - Cinnamon Plum, 200g",Jams,b2b fc jul26,b2b fc,0,2026-07-01,2026-05-01,"Copy of Retail Forecast Model 12mr - 2026 - May 8, 11_27 AM - Productlevel FC.csv"
Available,050306,"Winter Jam - Sour Cherry, 200g",Jams,b2b fc jul26,b2b fc,0,2026-07-01,2026-05-01,"Copy of Retail Forecast Model 12mr - 2026 - May 8, 11_27 AM - Productlevel FC.csv"
Available,304080,"ahead - Partnerships, MixBox",MixBox,b2b fc jul26,b2b fc,0,2026-07-01,2026-05-01,"Copy of Retail Forecast Model 12mr - 2026 - May 8, 11_27 AM - Productlevel FC.csv"
Available,305040,"ahead - Partnerships, Gummies MixBox",MixBox,b2b fc jul26,b2b fc,0,2026-07-01,2026-05-01,"Copy of Retail Forecast Model 12mr - 2026 - May 8, 11_27 AM - Productlevel FC.csv"
Available,010102,ahead Low Sugar Chocolate Bar - Coconut Almond 35g,Chocolate Bars,b2b fc aug26,b2b fc,80104,2026-08-01,2026-06-01,"Copy of Retail Forecast Model 12mr - 2026 - June 8, 10_14 AM - Productlevel FC.csv"
Available,010103,ahead Low Sugar Chocolate Bar - Salted Peanut Caramel 35g,Chocolate Bars,b2b fc aug26,b2b fc,209470,2026-08-01,2026-06-01,"Copy of Retail Forecast Model 12mr - 2026 - June 8, 10_14 AM - Productlevel FC.csv"
Available,010104,ahead Low Sugar Chocolate Bar - Hazelnut Cacao 35g,Chocolate Bars,b2b fc aug26,b2b fc,153777,2026-08-01,2026-06-01,"Copy of Retail Forecast Model 12mr - 2026 - June 8, 10_14 AM - Productlevel FC.csv"
Available,010105,ahead Low Sugar Chocolate Bar - Crunchy Nougat 35g,Chocolate Bars,b2b fc aug26,b2b fc,67289,2026-08-01,2026-06-01,"Copy of Retail Forecast Model 12mr - 2026 - June 8, 10_14 AM - Productlevel FC.csv"
Available,010124,ahead Low Sugar Chocolate Bar - Mix Box 2.0  4x3,Chocolate Bars,b2b fc aug26,b2b fc,0,2026-08-01,2026-06-01,"Copy of Retail Forecast Model 12mr - 2026 - June 8, 10_14 AM - Productlevel FC.csv"
Available,010125,ahead Low Sugar Chocolate Bar - Mix Box 3.0 4x3,Chocolate Bars,b2b fc aug26,b2b fc,0,2026-08-01,2026-06-01,"Copy of Retail Forecast Model 12mr - 2026 - June 8, 10_14 AM - Productlevel FC.csv"
Available,010201,"Ahead Low Sugar Nut Bar - Coconut Almond, 35g",Nut Bars,b2b fc aug26,b2b fc,30451,2026-08-01,2026-06-01,"Copy of Retail Forecast Model 12mr - 2026 - June 8, 10_14 AM - Productlevel FC.csv"
Available,010202,"Ahead Low Sugar Nut Bar - Cashew Pretzel, 35g",Nut Bars,b2b fc aug26,b2b fc,74039,2026-08-01,2026-06-01,"Copy of Retail Forecast Model 12mr - 2026 - June 8, 10_14 AM - Productlevel FC.csv"
Available,010203,"Ahead Low Sugar Nut Bar - Dark & Salty, 35g",Nut Bars,b2b fc aug26,b2b fc,37343,2026-08-01,2026-06-01,"Copy of Retail Forecast Model 12mr - 2026 - June 8, 10_14 AM - Productlevel FC.csv"
Available,010220,ahead Low Sugar Nut Bar - Mix Box 3x4,Nut Bars,b2b fc aug26,b2b fc,0,2026-08-01,2026-06-01,"Copy of Retail Forecast Model 12mr - 2026 - June 8, 10_14 AM - Productlevel FC.csv"
Available,010301,"ahead Protein Bar - COOKIES & CREAM, 45g",Protein Bars,b2b fc aug26,b2b fc,97208,2026-08-01,2026-06-01,"Copy of Retail Forecast Model 12mr - 2026 - June 8, 10_14 AM - Productlevel FC.csv"
Available,010302,"ahead Protein Bar - PEANUT CARAMEL, 45g",Protein Bars,b2b fc aug26,b2b fc,87904,2026-08-01,2026-06-01,"Copy of Retail Forecast Model 12mr - 2026 - June 8, 10_14 AM - Productlevel FC.csv"
Available,010303,"ahead Protein Bar - HAZELNUT NOUGAT, 45g",Protein Bars,b2b fc aug26,b2b fc,77602,2026-08-01,2026-06-01,"Copy of Retail Forecast Model 12mr - 2026 - June 8, 10_14 AM - Productlevel FC.csv"
Available,010304,"ahead Protein Bar - COCONUT ALMOND, 45g",Protein Bars,b2b fc aug26,b2b fc,86257,2026-08-01,2026-06-01,"Copy of Retail Forecast Model 12mr - 2026 - June 8, 10_14 AM - Productlevel FC.csv"
Available,010305,"ahead Protein Bar - FUDGE CHOCOLATE BROWNIE, 45g",Protein Bars,b2b fc aug26,b2b fc,114592,2026-08-01,2026-06-01,"Copy of Retail Forecast Model 12mr - 2026 - June 8, 10_14 AM - Productlevel FC.csv"
Ordered,010306,"ahead Protein Bar - DARK CHOCOLATE RASPBERRY, 45g",Protein Bars,b2b fc aug26,b2b fc,27205,2026-08-01,2026-06-01,"Copy of Retail Forecast Model 12mr - 2026 - June 8, 10_14 AM - Productlevel FC.csv"
Available,010307,"ahead Protein Bar - LEMON CHEESECAKE , 45g",Protein Bars,b2b fc aug26,b2b fc,94617,2026-08-01,2026-06-01,"Copy of Retail Forecast Model 12mr - 2026 - June 8, 10_14 AM - Productlevel FC.csv"
Ordered,010308,"ahead Protein Bar - Strawberry Yogurt, 45g",Protein Bars,b2b fc aug26,b2b fc,29287,2026-08-01,2026-06-01,"Copy of Retail Forecast Model 12mr - 2026 - June 8, 10_14 AM - Productlevel FC.csv"
Available,010309,"ahead Protein Bar - Dominostein, 45g",Protein Bars,b2b fc aug26,b2b fc,287180,2026-08-01,2026-06-01,"Copy of Retail Forecast Model 12mr - 2026 - June 8, 10_14 AM - Productlevel FC.csv"
Available,010310,"ahead Protein Bar - Linzer Flavour, 45g",Protein Bars,b2b fc aug26,b2b fc,160090,2026-08-01,2026-06-01,"Copy of Retail Forecast Model 12mr - 2026 - June 8, 10_14 AM - Productlevel FC.csv"
NPD,010311,"ahead Protein Bar - Winter3, 45g",Protein Bars,b2b fc aug26,b2b fc,160090,2026-08-01,2026-06-01,"Copy of Retail Forecast Model 12mr - 2026 - June 8, 10_14 AM - Productlevel FC.csv"
Available,010320,Protein Mix Box - 12 Bars,Protein Bars,b2b fc aug26,b2b fc,0,2026-08-01,2026-06-01,"Copy of Retail Forecast Model 12mr - 2026 - June 8, 10_14 AM - Productlevel FC.csv"
NPD,010321,Protein MixBox - Limited Edition (6x 45g),Protein Bars,b2b fc aug26,b2b fc,0,2026-08-01,2026-06-01,"Copy of Retail Forecast Model 12mr - 2026 - June 8, 10_14 AM - Productlevel FC.csv"
Available,010401,PB Cups - Milk Chocolate 2x17g,NB Cups,b2b fc aug26,b2b fc,871,2026-08-01,2026-06-01,"Copy of Retail Forecast Model 12mr - 2026 - June 8, 10_14 AM - Productlevel FC.csv"
Available,010402,PB Cups - Dark Chocolate 2x17g,NB Cups,b2b fc aug26,b2b fc,741,2026-08-01,2026-06-01,"Copy of Retail Forecast Model 12mr - 2026 - June 8, 10_14 AM - Productlevel FC.csv"
Available,010403,PB Cups - White Chocolate 2x17g,NB Cups,b2b fc aug26,b2b fc,0,2026-08-01,2026-06-01,"Copy of Retail Forecast Model 12mr - 2026 - June 8, 10_14 AM - Productlevel FC.csv"
Available,010405,PisB Cups - White Chocolate 2x17g,NB Cups,b2b fc aug26,b2b fc,1110,2026-08-01,2026-06-01,"Copy of Retail Forecast Model 12mr - 2026 - June 8, 10_14 AM - Productlevel FC.csv"
Available,010406,Butter Cups - Milk Chocolate Lebkuchen (Gingerbread) 2x17g,NB Cups,b2b fc aug26,b2b fc,0,2026-08-01,2026-06-01,"Copy of Retail Forecast Model 12mr - 2026 - June 8, 10_14 AM - Productlevel FC.csv"
Available,010407,Butter Cups - White Chocolate Vanillekipferl 2x17g,NB Cups,b2b fc aug26,b2b fc,0,2026-08-01,2026-06-01,"Copy of Retail Forecast Model 12mr - 2026 - June 8, 10_14 AM - Productlevel FC.csv"
Available,010408,Butter Cups - Dark Chocolate Marzipan 2x17g,NB Cups,b2b fc aug26,b2b fc,0,2026-08-01,2026-06-01,"Copy of Retail Forecast Model 12mr - 2026 - June 8, 10_14 AM - Productlevel FC.csv"
Ordered,010409,Butter Cups - Pumpkin Spice 2x17g,NB Cups,b2b fc aug26,b2b fc,0,2026-08-01,2026-06-01,"Copy of Retail Forecast Model 12mr - 2026 - June 8, 10_14 AM - Productlevel FC.csv"
NPD,010410,High Protein Peanut Butter Cups with Peanut Pieces (2x34g),NB Cups,b2b fc aug26,b2b fc,34624,2026-08-01,2026-06-01,"Copy of Retail Forecast Model 12mr - 2026 - June 8, 10_14 AM - Productlevel FC.csv"
NPD,010411,High Protein Hazelnut Butter Cups with Hazelnut Pieces (2x34g),NB Cups,b2b fc aug26,b2b fc,18950,2026-08-01,2026-06-01,"Copy of Retail Forecast Model 12mr - 2026 - June 8, 10_14 AM - Productlevel FC.csv"
NPD,010412,High Protein Pistachio Butter Cups with Pistachio Pieces (2x34g),NB Cups,b2b fc aug26,b2b fc,34066,2026-08-01,2026-06-01,"Copy of Retail Forecast Model 12mr - 2026 - June 8, 10_14 AM - Productlevel FC.csv"
Available,010420,"NutButter Cups  MixBox, 10 stk",NB Cups,b2b fc aug26,b2b fc,0,2026-08-01,2026-06-01,"Copy of Retail Forecast Model 12mr - 2026 - June 8, 10_14 AM - Productlevel FC.csv"
NPD,010421,NutButter Cups  MixBox - Limited Edition (6x 34g),NB Cups,b2b fc aug26,b2b fc,0,2026-08-01,2026-06-01,"Copy of Retail Forecast Model 12mr - 2026 - June 8, 10_14 AM - Productlevel FC.csv"
Available,010501,ahead Soft Baked Cookies Box 4x40g,Cookies,b2b fc aug26,b2b fc,89519,2026-08-01,2026-06-01,"Copy of Retail Forecast Model 12mr - 2026 - June 8, 10_14 AM - Productlevel FC.csv"
NPD,010502,Soft Cookie - Chocolate Chip & Hazelnut 4x40g,Cookies,b2b fc aug26,b2b fc,34240,2026-08-01,2026-06-01,"Copy of Retail Forecast Model 12mr - 2026 - June 8, 10_14 AM - Productlevel FC.csv"
Ordered,010503,"Soft Cookie - Lebkuchen Style, 4x40g",Cookies,b2b fc aug26,b2b fc,43740,2026-08-01,2026-06-01,"Copy of Retail Forecast Model 12mr - 2026 - June 8, 10_14 AM - Productlevel FC.csv"
Available,010601,"ahead Gummies - Cola Bottles, 50g",Gummies,b2b fc aug26,b2b fc,242072,2026-08-01,2026-06-01,"Copy of Retail Forecast Model 12mr - 2026 - June 8, 10_14 AM - Productlevel FC.csv"
Available,010602,"ahead Gummies - Fluffy Hearts, 50g",Gummies,b2b fc aug26,b2b fc,237834,2026-08-01,2026-06-01,"Copy of Retail Forecast Model 12mr - 2026 - June 8, 10_14 AM - Productlevel FC.csv"
Available,010603,"ahead Gummies - Sweet Peaches, 50g",Gummies,b2b fc aug26,b2b fc,125356,2026-08-01,2026-06-01,"Copy of Retail Forecast Model 12mr - 2026 - June 8, 10_14 AM - Productlevel FC.csv"
Available,010604,"ahead Gummies - Sour Cherries, 50g",Gummies,b2b fc aug26,b2b fc,277288,2026-08-01,2026-06-01,"Copy of Retail Forecast Model 12mr - 2026 - June 8, 10_14 AM - Productlevel FC.csv"
Ordered,010605,"ahead Gummies - Vampires, 50g",Gummies,b2b fc aug26,b2b fc,93126,2026-08-01,2026-06-01,"Copy of Retail Forecast Model 12mr - 2026 - June 8, 10_14 AM - Productlevel FC.csv"
Available,010606,"ahead Gummies - Green Apples, 50g",Gummies,b2b fc aug26,b2b fc,272104,2026-08-01,2026-06-01,"Copy of Retail Forecast Model 12mr - 2026 - June 8, 10_14 AM - Productlevel FC.csv"
NPD,010607,"Gummies - Sour Worms, 50g",Gummies,b2b fc aug26,b2b fc,98275,2026-08-01,2026-06-01,"Copy of Retail Forecast Model 12mr - 2026 - June 8, 10_14 AM - Productlevel FC.csv"
NPD,010608,"Gummies - Crazy Frogs, 50g",Gummies,b2b fc aug26,b2b fc,110543,2026-08-01,2026-06-01,"Copy of Retail Forecast Model 12mr - 2026 - June 8, 10_14 AM - Productlevel FC.csv"
Ordered,010609,"Gummies - Goldbären, 50g",Gummies,b2b fc aug26,b2b fc,140250,2026-08-01,2026-06-01,"Copy of Retail Forecast Model 12mr - 2026 - June 8, 10_14 AM - Productlevel FC.csv"
Available,010610,"Gummies - Winter Friends, 50g",Gummies,b2b fc aug26,b2b fc,318620,2026-08-01,2026-06-01,"Copy of Retail Forecast Model 12mr - 2026 - June 8, 10_14 AM - Productlevel FC.csv"
Available,010611,"Gummies - Winter Magic, 50g",Gummies,b2b fc aug26,b2b fc,284120,2026-08-01,2026-06-01,"Copy of Retail Forecast Model 12mr - 2026 - June 8, 10_14 AM - Productlevel FC.csv"
Available,010612,"Gummies - Sweet Hearts, 50g",Gummies,b2b fc aug26,b2b fc,70031,2026-08-01,2026-06-01,"Copy of Retail Forecast Model 12mr - 2026 - June 8, 10_14 AM - Productlevel FC.csv"
NPD,010613,"Gummies - Sweet Champions, 50g",Gummies,b2b fc aug26,b2b fc,0,2026-08-01,2026-06-01,"Copy of Retail Forecast Model 12mr - 2026 - June 8, 10_14 AM - Productlevel FC.csv"
Available,010620,"ahead Gummies - Mix Box, 12x50g",Gummies,b2b fc aug26,b2b fc,0,2026-08-01,2026-06-01,"Copy of Retail Forecast Model 12mr - 2026 - June 8, 10_14 AM - Productlevel FC.csv"
Available,010701,"Hazelnut Crunch Caramel Bar, 38g",Caramel Bars,b2b fc aug26,b2b fc,36808,2026-08-01,2026-06-01,"Copy of Retail Forecast Model 12mr - 2026 - June 8, 10_14 AM - Productlevel FC.csv"
Available,010702,"Popcorn Crunch Caramel Bar, 38g",Caramel Bars,b2b fc aug26,b2b fc,33093,2026-08-01,2026-06-01,"Copy of Retail Forecast Model 12mr - 2026 - June 8, 10_14 AM - Productlevel FC.csv"
Ordered,010703,"Peanut Crunch Caramel Bar, 38g",Caramel Bars,b2b fc aug26,b2b fc,0,2026-08-01,2026-06-01,"Copy of Retail Forecast Model 12mr - 2026 - June 8, 10_14 AM - Productlevel FC.csv"
Available,010801,"Chocolate Chunks - Dark Chocolate, 175g",Chocolate Chunks,b2b fc aug26,b2b fc,0,2026-08-01,2026-06-01,"Copy of Retail Forecast Model 12mr - 2026 - June 8, 10_14 AM - Productlevel FC.csv"
Available,010801-B150,"Chocolate Chunks - Dark Chocolate, 150g",Chocolate Chunks,b2b fc aug26,b2b fc,0,2026-08-01,2026-06-01,"Copy of Retail Forecast Model 12mr - 2026 - June 8, 10_14 AM - Productlevel FC.csv"
Available,010802,"Chocolate Chunks - White Chocolate, 175g",Chocolate Chunks,b2b fc aug26,b2b fc,0,2026-08-01,2026-06-01,"Copy of Retail Forecast Model 12mr - 2026 - June 8, 10_14 AM - Productlevel FC.csv"
Available,010802-B150,"Chocolate Chunks - White Chocolate, 150g",Chocolate Chunks,b2b fc aug26,b2b fc,0,2026-08-01,2026-06-01,"Copy of Retail Forecast Model 12mr - 2026 - June 8, 10_14 AM - Productlevel FC.csv"
Available,010803,"Chocolate Chunks - Marbled Chocolate, 175g",Chocolate Chunks,b2b fc aug26,b2b fc,0,2026-08-01,2026-06-01,"Copy of Retail Forecast Model 12mr - 2026 - June 8, 10_14 AM - Productlevel FC.csv"
Available,010803-B150,"Chocolate Chunks - Marbled Chocolate, 150g",Chocolate Chunks,b2b fc aug26,b2b fc,0,2026-08-01,2026-06-01,"Copy of Retail Forecast Model 12mr - 2026 - June 8, 10_14 AM - Productlevel FC.csv"
Available,010804,"Chocolate Chunks - Strawberry Yoghurt Flavour, 150g",Chocolate Chunks,b2b fc aug26,b2b fc,0,2026-08-01,2026-06-01,"Copy of Retail Forecast Model 12mr - 2026 - June 8, 10_14 AM - Productlevel FC.csv"
Available,010805,"Chocolate Chunks - Milk Chocolate, 150g",Chocolate Chunks,b2b fc aug26,b2b fc,0,2026-08-01,2026-06-01,"Copy of Retail Forecast Model 12mr - 2026 - June 8, 10_14 AM - Productlevel FC.csv"
Available,010806,"Coco Chunks - White Coconut, 150g",Chocolate Chunks,b2b fc aug26,b2b fc,0,2026-08-01,2026-06-01,"Copy of Retail Forecast Model 12mr - 2026 - June 8, 10_14 AM - Productlevel FC.csv"
Available,010901,"Wafer Bar - Crazy Hazel, 30g",Wafer Bars,b2b fc aug26,b2b fc,32221,2026-08-01,2026-06-01,"Copy of Retail Forecast Model 12mr - 2026 - June 8, 10_14 AM - Productlevel FC.csv"
Available,010902,"Wafer Bar - Crazy Hazel White, 30g",Wafer Bars,b2b fc aug26,b2b fc,41555,2026-08-01,2026-06-01,"Copy of Retail Forecast Model 12mr - 2026 - June 8, 10_14 AM - Productlevel FC.csv"
Available,010903,"Wafer Bar - Crazy Pistachio, 30g",Wafer Bars,b2b fc aug26,b2b fc,34292,2026-08-01,2026-06-01,"Copy of Retail Forecast Model 12mr - 2026 - June 8, 10_14 AM - Productlevel FC.csv"
Available,010920,Wafer Bar Mix Box (12x30g),Wafer Bars,b2b fc aug26,b2b fc,0,2026-08-01,2026-06-01,"Copy of Retail Forecast Model 12mr - 2026 - June 8, 10_14 AM - Productlevel FC.csv"
Ordered,011901,"NAS Cookies - Dark Cocoa, 176g",NAS Oreos,b2b fc aug26,b2b fc,0,2026-08-01,2026-06-01,"Copy of Retail Forecast Model 12mr - 2026 - June 8, 10_14 AM - Productlevel FC.csv"
Ordered,011902,"NAS Cookies - Light Vanilla, 176g",NAS Oreos,b2b fc aug26,b2b fc,0,2026-08-01,2026-06-01,"Copy of Retail Forecast Model 12mr - 2026 - June 8, 10_14 AM - Productlevel FC.csv"
Available,020101,"ahead Crispies Paprika, 50g",Crispies,b2b fc aug26,b2b fc,45300,2026-08-01,2026-06-01,"Copy of Retail Forecast Model 12mr - 2026 - June 8, 10_14 AM - Productlevel FC.csv"
Available,020102,"ahead Crispies Cheese, 50g",Crispies,b2b fc aug26,b2b fc,48205,2026-08-01,2026-06-01,"Copy of Retail Forecast Model 12mr - 2026 - June 8, 10_14 AM - Productlevel FC.csv"
Available,020103,"ahead Crispies Sour Cream, 50g",Crispies,b2b fc aug26,b2b fc,51795,2026-08-01,2026-06-01,"Copy of Retail Forecast Model 12mr - 2026 - June 8, 10_14 AM - Productlevel FC.csv"
NPD,020106,"Protein Flips - Truffle, 50g",Crispies,b2b fc aug26,b2b fc,23413,2026-08-01,2026-06-01,"Copy of Retail Forecast Model 12mr - 2026 - June 8, 10_14 AM - Productlevel FC.csv"
NPD,020107,"Protein Flips - (Salt & Vinegar), 50g",Crispies,b2b fc aug26,b2b fc,23413,2026-08-01,2026-06-01,"Copy of Retail Forecast Model 12mr - 2026 - June 8, 10_14 AM - Productlevel FC.csv"
Available,020120,"Crispies Mix Box, 6x50g",Crispies,b2b fc aug26,b2b fc,0,2026-08-01,2026-06-01,"Copy of Retail Forecast Model 12mr - 2026 - June 8, 10_14 AM - Productlevel FC.csv"
NPD,020201,"Protein Chips - Sweet Chili, 50g",Crispies,b2b fc aug26,b2b fc,0,2026-08-01,2026-06-01,"Copy of Retail Forecast Model 12mr - 2026 - June 8, 10_14 AM - Productlevel FC.csv"
NPD,020202,"Protein Chips - BBQ, 50g",Crispies,b2b fc aug26,b2b fc,0,2026-08-01,2026-06-01,"Copy of Retail Forecast Model 12mr - 2026 - June 8, 10_14 AM - Productlevel FC.csv"
NPD,020301,"Popped Tortilla Chips - Sour Cream & Green Onion, 60g",Popped Chips,b2b fc aug26,b2b fc,0,2026-08-01,2026-06-01,"Copy of Retail Forecast Model 12mr - 2026 - June 8, 10_14 AM - Productlevel FC.csv"
NPD,020302,"Popped Tortilla Chips - Sundried Tomato & Black Olive Flavour, 60g",Popped Chips,b2b fc aug26,b2b fc,0,2026-08-01,2026-06-01,"Copy of Retail Forecast Model 12mr - 2026 - June 8, 10_14 AM - Productlevel FC.csv"
NPD,020303,"Popped Tortilla Chips - Barbecue Flavour, 60g",Popped Chips,b2b fc aug26,b2b fc,0,2026-08-01,2026-06-01,"Copy of Retail Forecast Model 12mr - 2026 - June 8, 10_14 AM - Productlevel FC.csv"
NPD,020304,"Popped Tortilla Chips - Nacho Cheese & Jalapeno, 60g",Popped Chips,b2b fc aug26,b2b fc,0,2026-08-01,2026-06-01,"Copy of Retail Forecast Model 12mr - 2026 - June 8, 10_14 AM - Productlevel FC.csv"
Available,030201,Peach Ice Tea Zero Sugar Sirup 48ml,ZeroSugar Sirup,b2b fc aug26,b2b fc,45114,2026-08-01,2026-06-01,"Copy of Retail Forecast Model 12mr - 2026 - June 8, 10_14 AM - Productlevel FC.csv"
Available,030202,Lemon Zero Sugar Sirup 48ml,ZeroSugar Sirup,b2b fc aug26,b2b fc,20025,2026-08-01,2026-06-01,"Copy of Retail Forecast Model 12mr - 2026 - June 8, 10_14 AM - Productlevel FC.csv"
Available,030203,Cherry Zero Sugar Sirup  48ml,ZeroSugar Sirup,b2b fc aug26,b2b fc,24734,2026-08-01,2026-06-01,"Copy of Retail Forecast Model 12mr - 2026 - June 8, 10_14 AM - Productlevel FC.csv"
Available,030204,Mango Passionfruit Zero Sugar Sirup 48ml,ZeroSugar Sirup,b2b fc aug26,b2b fc,31049,2026-08-01,2026-06-01,"Copy of Retail Forecast Model 12mr - 2026 - June 8, 10_14 AM - Productlevel FC.csv"
Available,030205,Apple Zero Sugar Sirup 48ml,ZeroSugar Sirup,b2b fc aug26,b2b fc,18945,2026-08-01,2026-06-01,"Copy of Retail Forecast Model 12mr - 2026 - June 8, 10_14 AM - Productlevel FC.csv"
Available,030206,Holunderblüte Zero Sugar Sirup 48ml,ZeroSugar Sirup,b2b fc aug26,b2b fc,18287,2026-08-01,2026-06-01,"Copy of Retail Forecast Model 12mr - 2026 - June 8, 10_14 AM - Productlevel FC.csv"
Available,030207,Orange Zero Sugar Sirup 48ml,ZeroSugar Sirup,b2b fc aug26,b2b fc,16408,2026-08-01,2026-06-01,"Copy of Retail Forecast Model 12mr - 2026 - June 8, 10_14 AM - Productlevel FC.csv"
Available,030208,Bitter Lemon Zero Sugar Sirup 48ml,ZeroSugar Sirup,b2b fc aug26,b2b fc,9288,2026-08-01,2026-06-01,"Copy of Retail Forecast Model 12mr - 2026 - June 8, 10_14 AM - Productlevel FC.csv"
Available,030209,Watermelon Zero Sugar Sirup 48ml,ZeroSugar Sirup,b2b fc aug26,b2b fc,20103,2026-08-01,2026-06-01,"Copy of Retail Forecast Model 12mr - 2026 - June 8, 10_14 AM - Productlevel FC.csv"
Available,030210,Lime-Mint Zero Sugar Sirup 48ml,ZeroSugar Sirup,b2b fc aug26,b2b fc,12349,2026-08-01,2026-06-01,"Copy of Retail Forecast Model 12mr - 2026 - June 8, 10_14 AM - Productlevel FC.csv"
Available,030211,Strawberry Lemonade Zero Sugar Sirup 48ml,ZeroSugar Sirup,b2b fc aug26,b2b fc,13688,2026-08-01,2026-06-01,"Copy of Retail Forecast Model 12mr - 2026 - June 8, 10_14 AM - Productlevel FC.csv"
Available,030212,Green Apple Zero Sugar Sirup 48ml,ZeroSugar Sirup,b2b fc aug26,b2b fc,12196,2026-08-01,2026-06-01,"Copy of Retail Forecast Model 12mr - 2026 - June 8, 10_14 AM - Productlevel FC.csv"
NPD,030213,Grapfruit Zero sugar Sirup 48ml,ZeroSugar Sirup,b2b fc aug26,b2b fc,13126,2026-08-01,2026-06-01,"Copy of Retail Forecast Model 12mr - 2026 - June 8, 10_14 AM - Productlevel FC.csv"
Available,030214,Waldmeister Zero Sugar 48ml,ZeroSugar Sirup,b2b fc aug26,b2b fc,12938,2026-08-01,2026-06-01,"Copy of Retail Forecast Model 12mr - 2026 - June 8, 10_14 AM - Productlevel FC.csv"
Available,030215,Caramel Zero Sugar 48ml,ZeroSugar Sirup,b2b fc aug26,b2b fc,1295,2026-08-01,2026-06-01,"Copy of Retail Forecast Model 12mr - 2026 - June 8, 10_14 AM - Productlevel FC.csv"
Available,030216,Pumpkin Spice Zero Sugar 48ml,ZeroSugar Sirup,b2b fc aug26,b2b fc,484,2026-08-01,2026-06-01,"Copy of Retail Forecast Model 12mr - 2026 - June 8, 10_14 AM - Productlevel FC.csv"
Available,030217,Hazelnut Zero Sugar 48ml,ZeroSugar Sirup,b2b fc aug26,b2b fc,1267,2026-08-01,2026-06-01,"Copy of Retail Forecast Model 12mr - 2026 - June 8, 10_14 AM - Productlevel FC.csv"
Available,030218,Vanilla Zero Sugar 48ml,ZeroSugar Sirup,b2b fc aug26,b2b fc,1231,2026-08-01,2026-06-01,"Copy of Retail Forecast Model 12mr - 2026 - June 8, 10_14 AM - Productlevel FC.csv"
NPD,030219,Zero sugar syrup - Cassis Flavour 48ml,ZeroSugar Sirup,b2b fc aug26,b2b fc,3246,2026-08-01,2026-06-01,"Copy of Retail Forecast Model 12mr - 2026 - June 8, 10_14 AM - Productlevel FC.csv"
Available,030301,NAS Sirup - Chocolate,ZeroSugar Sirup,b2b fc aug26,b2b fc,0,2026-08-01,2026-06-01,"Copy of Retail Forecast Model 12mr - 2026 - June 8, 10_14 AM - Productlevel FC.csv"
NPD,030302,NAS Sauce - Strawberry,ZeroSugar Sirup,b2b fc aug26,b2b fc,0,2026-08-01,2026-06-01,"Copy of Retail Forecast Model 12mr - 2026 - June 8, 10_14 AM - Productlevel FC.csv"
NPD,030303,NAS Sauce - Caramel,ZeroSugar Sirup,b2b fc aug26,b2b fc,0,2026-08-01,2026-06-01,"Copy of Retail Forecast Model 12mr - 2026 - June 8, 10_14 AM - Productlevel FC.csv"
NPD,030420,"Wassereis - Mixbox 10 x 40 ml (Cherry, Peach, Waldmeister, Cola & Lemon)",Wassereis,b2b fc aug26,b2b fc,0,2026-08-01,2026-06-01,"Copy of Retail Forecast Model 12mr - 2026 - June 8, 10_14 AM - Productlevel FC.csv"
Available,040301,"Flavour Powder - Vanilla, 250g",Flavor Powder,b2b fc aug26,b2b fc,910,2026-08-01,2026-06-01,"Copy of Retail Forecast Model 12mr - 2026 - June 8, 10_14 AM - Productlevel FC.csv"
Available,040301-B,"Flavour Powder - Vanilla, Bulk",Bulk,b2b fc aug26,b2b fc,0,2026-08-01,2026-06-01,"Copy of Retail Forecast Model 12mr - 2026 - June 8, 10_14 AM - Productlevel FC.csv"
Available,040301-S,"Flavour Powder - Vanilla, Sachet",Sachet,b2b fc aug26,b2b fc,0,2026-08-01,2026-06-01,"Copy of Retail Forecast Model 12mr - 2026 - June 8, 10_14 AM - Productlevel FC.csv"
Available,040302,"Flavour Powder - Cherry, 250g",Flavor Powder,b2b fc aug26,b2b fc,332,2026-08-01,2026-06-01,"Copy of Retail Forecast Model 12mr - 2026 - June 8, 10_14 AM - Productlevel FC.csv"
Available,040302-B,"Flavour Powder - Cherry, Bulk",Bulk,b2b fc aug26,b2b fc,0,2026-08-01,2026-06-01,"Copy of Retail Forecast Model 12mr - 2026 - June 8, 10_14 AM - Productlevel FC.csv"
Available,040302-S,"Flavour Powder - Cherry, Sachet",Sachet,b2b fc aug26,b2b fc,0,2026-08-01,2026-06-01,"Copy of Retail Forecast Model 12mr - 2026 - June 8, 10_14 AM - Productlevel FC.csv"
Available,040303,"Flavour Powder - Stracciatella, 250g",Flavor Powder,b2b fc aug26,b2b fc,635,2026-08-01,2026-06-01,"Copy of Retail Forecast Model 12mr - 2026 - June 8, 10_14 AM - Productlevel FC.csv"
Available,040303-B,"Flavour Powder - Stracciatella, Bulk",Bulk,b2b fc aug26,b2b fc,0,2026-08-01,2026-06-01,"Copy of Retail Forecast Model 12mr - 2026 - June 8, 10_14 AM - Productlevel FC.csv"
Available,040303-S,"Flavour Powder - Stracciatella, Sachet",Sachet,b2b fc aug26,b2b fc,0,2026-08-01,2026-06-01,"Copy of Retail Forecast Model 12mr - 2026 - June 8, 10_14 AM - Productlevel FC.csv"
Available,040304,"Flavour Powder - Chocolate Cookie, 250g",Flavor Powder,b2b fc aug26,b2b fc,966,2026-08-01,2026-06-01,"Copy of Retail Forecast Model 12mr - 2026 - June 8, 10_14 AM - Productlevel FC.csv"
Available,040304-B,"Flavor Powder - Chocolate Cookie, Bulk",Bulk,b2b fc aug26,b2b fc,0,2026-08-01,2026-06-01,"Copy of Retail Forecast Model 12mr - 2026 - June 8, 10_14 AM - Productlevel FC.csv"
Available,040304-S,"Flavour Powder - Chocolate Cookie, Sachet",Sachet,b2b fc aug26,b2b fc,0,2026-08-01,2026-06-01,"Copy of Retail Forecast Model 12mr - 2026 - June 8, 10_14 AM - Productlevel FC.csv"
Available,040305,"Flavour Powder - Strawberry Chocolate, 250g",Flavor Powder,b2b fc aug26,b2b fc,1044,2026-08-01,2026-06-01,"Copy of Retail Forecast Model 12mr - 2026 - June 8, 10_14 AM - Productlevel FC.csv"
Available,040305-B,"Flavour Powder - Strawberry Chocolate, Bulk",Bulk,b2b fc aug26,b2b fc,0,2026-08-01,2026-06-01,"Copy of Retail Forecast Model 12mr - 2026 - June 8, 10_14 AM - Productlevel FC.csv"
Available,040305-S,"Flavour Powder - Strawberry chocolate, Sachet",Sachet,b2b fc aug26,b2b fc,0,2026-08-01,2026-06-01,"Copy of Retail Forecast Model 12mr - 2026 - June 8, 10_14 AM - Productlevel FC.csv"
Available,040306,"Flavour Powder - Cinnamon Crunch, 250g",Flavor Powder,b2b fc aug26,b2b fc,415,2026-08-01,2026-06-01,"Copy of Retail Forecast Model 12mr - 2026 - June 8, 10_14 AM - Productlevel FC.csv"
Available,040306-B,"Flavour Powder - Cinnamon Crunch, Bulk",Bulk,b2b fc aug26,b2b fc,0,2026-08-01,2026-06-01,"Copy of Retail Forecast Model 12mr - 2026 - June 8, 10_14 AM - Productlevel FC.csv"
Available,040306-S,"Flavour Powder - Cinnamon Crunch, Sachet",Sachet,b2b fc aug26,b2b fc,0,2026-08-01,2026-06-01,"Copy of Retail Forecast Model 12mr - 2026 - June 8, 10_14 AM - Productlevel FC.csv"
Available,040307,Flavour Powder - Apfel Strudel,Flavor Powder,b2b fc aug26,b2b fc,0,2026-08-01,2026-06-01,"Copy of Retail Forecast Model 12mr - 2026 - June 8, 10_14 AM - Productlevel FC.csv"
Available,040307-1,"Flavour Powder - Apfel Strudel, 2x250g",Flavor Powder,b2b fc aug26,b2b fc,0,2026-08-01,2026-06-01,"Copy of Retail Forecast Model 12mr - 2026 - June 8, 10_14 AM - Productlevel FC.csv"
Available,040307-B,"Flavour Powder - Apfel Strudel, Bulk",Bulk,b2b fc aug26,b2b fc,0,2026-08-01,2026-06-01,"Copy of Retail Forecast Model 12mr - 2026 - June 8, 10_14 AM - Productlevel FC.csv"
Available,040307-S,"Flavour Powder - Apfelstrudel, Sachet",Sachet,b2b fc aug26,b2b fc,0,2026-08-01,2026-06-01,"Copy of Retail Forecast Model 12mr - 2026 - June 8, 10_14 AM - Productlevel FC.csv"
Available,040308,Flavour Powder - Spekulatius,Flavor Powder,b2b fc aug26,b2b fc,0,2026-08-01,2026-06-01,"Copy of Retail Forecast Model 12mr - 2026 - June 8, 10_14 AM - Productlevel FC.csv"
Available,040308-1,Flavour Powder - Spekulatius 2x250g,Flavor Powder,b2b fc aug26,b2b fc,0,2026-08-01,2026-06-01,"Copy of Retail Forecast Model 12mr - 2026 - June 8, 10_14 AM - Productlevel FC.csv"
Available,040308-B,"Flavour Powder - Spekulatius, Bulk",Bulk,b2b fc aug26,b2b fc,0,2026-08-01,2026-06-01,"Copy of Retail Forecast Model 12mr - 2026 - June 8, 10_14 AM - Productlevel FC.csv"
Available,040308-S,"Flavour Powder - Spekulatius Crunch, Sachet",Sachet,b2b fc aug26,b2b fc,0,2026-08-01,2026-06-01,"Copy of Retail Forecast Model 12mr - 2026 - June 8, 10_14 AM - Productlevel FC.csv"
Available,040320,"Flavor Powder - Mix Box, Sachets",MixBox,b2b fc aug26,b2b fc,0,2026-08-01,2026-06-01,"Copy of Retail Forecast Model 12mr - 2026 - June 8, 10_14 AM - Productlevel FC.csv"
Available,040321,B2B Sachet Mix Box,MixBox,b2b fc aug26,b2b fc,0,2026-08-01,2026-06-01,"Copy of Retail Forecast Model 12mr - 2026 - June 8, 10_14 AM - Productlevel FC.csv"
Available,040401-B,"Clear Whey - Peach Ice Tea, Bulk",Bulk,b2b fc aug26,b2b fc,0,2026-08-01,2026-06-01,"Copy of Retail Forecast Model 12mr - 2026 - June 8, 10_14 AM - Productlevel FC.csv"
Available,040401-J500,"Clear Whey - Peach Ice Tea, 500g",Clear Whey Protein Powder,b2b fc aug26,b2b fc,600,2026-08-01,2026-06-01,"Copy of Retail Forecast Model 12mr - 2026 - June 8, 10_14 AM - Productlevel FC.csv"
Available,040401-S,"Clear Whey - Peach Ice Tea, Sachet",Sachet,b2b fc aug26,b2b fc,0,2026-08-01,2026-06-01,"Copy of Retail Forecast Model 12mr - 2026 - June 8, 10_14 AM - Productlevel FC.csv"
Available,040402-B,"Clear Whey - Green Apple, Bulk",Bulk,b2b fc aug26,b2b fc,0,2026-08-01,2026-06-01,"Copy of Retail Forecast Model 12mr - 2026 - June 8, 10_14 AM - Productlevel FC.csv"
Available,040402-J500,"Clear Whey - Green Apple, 500g",Clear Whey Protein Powder,b2b fc aug26,b2b fc,432,2026-08-01,2026-06-01,"Copy of Retail Forecast Model 12mr - 2026 - June 8, 10_14 AM - Productlevel FC.csv"
Available,040402-S,"Clear Whey - Green Apple, Sachet",Sachet,b2b fc aug26,b2b fc,0,2026-08-01,2026-06-01,"Copy of Retail Forecast Model 12mr - 2026 - June 8, 10_14 AM - Productlevel FC.csv"
Available,040403-B,"Clear Whey - Lemon Ice Tea, Bulk",Bulk,b2b fc aug26,b2b fc,0,2026-08-01,2026-06-01,"Copy of Retail Forecast Model 12mr - 2026 - June 8, 10_14 AM - Productlevel FC.csv"
Available,040403-J500,"Clear Whey - Lemon Ice Tea, 500g",Clear Whey Protein Powder,b2b fc aug26,b2b fc,436,2026-08-01,2026-06-01,"Copy of Retail Forecast Model 12mr - 2026 - June 8, 10_14 AM - Productlevel FC.csv"
Available,040403-S,"Clear Whey - Lemon Ice Tea, Sachet",Sachet,b2b fc aug26,b2b fc,0,2026-08-01,2026-06-01,"Copy of Retail Forecast Model 12mr - 2026 - June 8, 10_14 AM - Productlevel FC.csv"
Available,040404-B,"Clear Whey - Orange, Bulk",Bulk,b2b fc aug26,b2b fc,0,2026-08-01,2026-06-01,"Copy of Retail Forecast Model 12mr - 2026 - June 8, 10_14 AM - Productlevel FC.csv"
Available,040404-J500,"Clear Whey - Orange, 500g",Clear Whey Protein Powder,b2b fc aug26,b2b fc,339,2026-08-01,2026-06-01,"Copy of Retail Forecast Model 12mr - 2026 - June 8, 10_14 AM - Productlevel FC.csv"
Available,040404-S,"Clear Whey - Orange, Sachet",Sachet,b2b fc aug26,b2b fc,0,2026-08-01,2026-06-01,"Copy of Retail Forecast Model 12mr - 2026 - June 8, 10_14 AM - Productlevel FC.csv"
Available,040405-B,"Clear Whey - Cherry, Bulk",Bulk,b2b fc aug26,b2b fc,0,2026-08-01,2026-06-01,"Copy of Retail Forecast Model 12mr - 2026 - June 8, 10_14 AM - Productlevel FC.csv"
Available,040405-J500,"Clear Whey - Cherry, 500g",Clear Whey Protein Powder,b2b fc aug26,b2b fc,632,2026-08-01,2026-06-01,"Copy of Retail Forecast Model 12mr - 2026 - June 8, 10_14 AM - Productlevel FC.csv"
Available,040405-S,"Clear Whey - Cherry, Sachet",Sachet,b2b fc aug26,b2b fc,0,2026-08-01,2026-06-01,"Copy of Retail Forecast Model 12mr - 2026 - June 8, 10_14 AM - Productlevel FC.csv"
Available,040406-B,"Clear Why - Apfelpunsch, Bulk",Bulk,b2b fc aug26,b2b fc,0,2026-08-01,2026-06-01,"Copy of Retail Forecast Model 12mr - 2026 - June 8, 10_14 AM - Productlevel FC.csv"
Available,040406-J500,"Clear Whey - Apfelpunsch, 500g",Clear Whey Protein Powder,b2b fc aug26,b2b fc,0,2026-08-01,2026-06-01,"Copy of Retail Forecast Model 12mr - 2026 - June 8, 10_14 AM - Productlevel FC.csv"
Available,040406-J500-1,"Clear Whey - Apfelpunsch, 2x500g",Clear Whey Protein Powder,b2b fc aug26,b2b fc,0,2026-08-01,2026-06-01,"Copy of Retail Forecast Model 12mr - 2026 - June 8, 10_14 AM - Productlevel FC.csv"
Available,040406-S,"Clear Whey - Apfelpunsh, Sachet",Sachet,b2b fc aug26,b2b fc,0,2026-08-01,2026-06-01,"Copy of Retail Forecast Model 12mr - 2026 - June 8, 10_14 AM - Productlevel FC.csv"
Available,040407-B,"Clear Whey - Winterpunsch, Bulk",Bulk,b2b fc aug26,b2b fc,0,2026-08-01,2026-06-01,"Copy of Retail Forecast Model 12mr - 2026 - June 8, 10_14 AM - Productlevel FC.csv"
Available,040407-J500,"Clear Whey - Winterpunsch, 500g",Clear Whey Protein Powder,b2b fc aug26,b2b fc,0,2026-08-01,2026-06-01,"Copy of Retail Forecast Model 12mr - 2026 - June 8, 10_14 AM - Productlevel FC.csv"
Available,040407-J500-1,"Clear Whey - Winterpunsch, 2x500g",Clear Whey Protein Powder,b2b fc aug26,b2b fc,0,2026-08-01,2026-06-01,"Copy of Retail Forecast Model 12mr - 2026 - June 8, 10_14 AM - Productlevel FC.csv"
Available,040407-S,"Clear Whey - Winterpunsch, Sachet",Sachet,b2b fc aug26,b2b fc,0,2026-08-01,2026-06-01,"Copy of Retail Forecast Model 12mr - 2026 - June 8, 10_14 AM - Productlevel FC.csv"
Available,040408-B,"Clear Protein - Mixed Berry, Bulk",Bulk,b2b fc aug26,b2b fc,0,2026-08-01,2026-06-01,"Copy of Retail Forecast Model 12mr - 2026 - June 8, 10_14 AM - Productlevel FC.csv"
Available,040408-J500,"Clear Protein - Mixed Berry, 500g",Clear Whey Protein Powder,b2b fc aug26,b2b fc,0,2026-08-01,2026-06-01,"Copy of Retail Forecast Model 12mr - 2026 - June 8, 10_14 AM - Productlevel FC.csv"
Available,040408-S,"Clear Protein - Mixed Berry, Sachet",Sachet,b2b fc aug26,b2b fc,0,2026-08-01,2026-06-01,"Copy of Retail Forecast Model 12mr - 2026 - June 8, 10_14 AM - Productlevel FC.csv"
Available,040409-B,"Clear Protein - Lemon & Lime, Bulk",Bulk,b2b fc aug26,b2b fc,0,2026-08-01,2026-06-01,"Copy of Retail Forecast Model 12mr - 2026 - June 8, 10_14 AM - Productlevel FC.csv"
Available,040409-J500,"Clear Protein - Lemon & Lime, 500g",Clear Whey Protein Powder,b2b fc aug26,b2b fc,0,2026-08-01,2026-06-01,"Copy of Retail Forecast Model 12mr - 2026 - June 8, 10_14 AM - Productlevel FC.csv"
Available,040409-S,"Clear Protein - Lemon & Lime, Sachet",Sachet,b2b fc aug26,b2b fc,0,2026-08-01,2026-06-01,"Copy of Retail Forecast Model 12mr - 2026 - June 8, 10_14 AM - Productlevel FC.csv"
NPD,040410-B,"Clear Protein - Mochito, Bulk",Bulk,b2b fc aug26,b2b fc,0,2026-08-01,2026-06-01,"Copy of Retail Forecast Model 12mr - 2026 - June 8, 10_14 AM - Productlevel FC.csv"
NPD,040410-J500,"Clear Protein - Mojito, 500g",Clear Whey Protein Powder,b2b fc aug26,b2b fc,0,2026-08-01,2026-06-01,"Copy of Retail Forecast Model 12mr - 2026 - June 8, 10_14 AM - Productlevel FC.csv"
NPD,040410-S,"Clear Protein - Mochito, Sachet",Sachet,b2b fc aug26,b2b fc,0,2026-08-01,2026-06-01,"Copy of Retail Forecast Model 12mr - 2026 - June 8, 10_14 AM - Productlevel FC.csv"
Available,040411-B,"Clear Protein - Pornstar Martini, Bulk",Bulk,b2b fc aug26,b2b fc,0,2026-08-01,2026-06-01,"Copy of Retail Forecast Model 12mr - 2026 - June 8, 10_14 AM - Productlevel FC.csv"
Available,040411-J500,"Clear Protein -  Pornstar Martini, 500g",Clear Whey Protein Powder,b2b fc aug26,b2b fc,0,2026-08-01,2026-06-01,"Copy of Retail Forecast Model 12mr - 2026 - June 8, 10_14 AM - Productlevel FC.csv"
Available,040411-S,"Clear Protein -  Pornstar Martinio, Sachet",Sachet,b2b fc aug26,b2b fc,0,2026-08-01,2026-06-01,"Copy of Retail Forecast Model 12mr - 2026 - June 8, 10_14 AM - Productlevel FC.csv"
Available,040420,"Clear Whey - Mix Box, 5x1 Sachets",MixBox,b2b fc aug26,b2b fc,0,2026-08-01,2026-06-01,"Copy of Retail Forecast Model 12mr - 2026 - June 8, 10_14 AM - Productlevel FC.csv"
Available,040501-B,"Whey - Double Chocolate, Bulk",Bulk,b2b fc aug26,b2b fc,0,2026-08-01,2026-06-01,"Copy of Retail Forecast Model 12mr - 2026 - June 8, 10_14 AM - Productlevel FC.csv"
Available,040501-J1000,"Whey - Double Chocolate, 1000g",Whey Protein Powder,b2b fc aug26,b2b fc,0,2026-08-01,2026-06-01,"Copy of Retail Forecast Model 12mr - 2026 - June 8, 10_14 AM - Productlevel FC.csv"
Available,040501-J500,"Whey - Double Chocolate, 500g",Whey Protein Powder,b2b fc aug26,b2b fc,825,2026-08-01,2026-06-01,"Copy of Retail Forecast Model 12mr - 2026 - June 8, 10_14 AM - Productlevel FC.csv"
Available,040501-S,"Whey - Double Chocolate, Sachet",Sachet,b2b fc aug26,b2b fc,0,2026-08-01,2026-06-01,"Copy of Retail Forecast Model 12mr - 2026 - June 8, 10_14 AM - Productlevel FC.csv"
Available,040502-B,"Whey - Vanilla, Bulk",Bulk,b2b fc aug26,b2b fc,0,2026-08-01,2026-06-01,"Copy of Retail Forecast Model 12mr - 2026 - June 8, 10_14 AM - Productlevel FC.csv"
Available,040502-J1000,"Whey - Vanilla, 1000g",Whey Protein Powder,b2b fc aug26,b2b fc,0,2026-08-01,2026-06-01,"Copy of Retail Forecast Model 12mr - 2026 - June 8, 10_14 AM - Productlevel FC.csv"
Available,040502-J500,"Whey - Vanilla, 500g",Whey Protein Powder,b2b fc aug26,b2b fc,580,2026-08-01,2026-06-01,"Copy of Retail Forecast Model 12mr - 2026 - June 8, 10_14 AM - Productlevel FC.csv"
Available,040502-S,"Whey - Vanilla, Sachet",Sachet,b2b fc aug26,b2b fc,0,2026-08-01,2026-06-01,"Copy of Retail Forecast Model 12mr - 2026 - June 8, 10_14 AM - Productlevel FC.csv"
Available,040503-B,"Whey - Caramel Crunch, Bulk",Bulk,b2b fc aug26,b2b fc,0,2026-08-01,2026-06-01,"Copy of Retail Forecast Model 12mr - 2026 - June 8, 10_14 AM - Productlevel FC.csv"
Available,040503-J1000,"Whey - Caramel Crunch, 1000g",Whey Protein Powder,b2b fc aug26,b2b fc,0,2026-08-01,2026-06-01,"Copy of Retail Forecast Model 12mr - 2026 - June 8, 10_14 AM - Productlevel FC.csv"
Available,040503-J500,"Whey - Caramel Crunch, 500g",Whey Protein Powder,b2b fc aug26,b2b fc,264,2026-08-01,2026-06-01,"Copy of Retail Forecast Model 12mr - 2026 - June 8, 10_14 AM - Productlevel FC.csv"
Available,040503-S,"Whey - Caramel Crunch, Sachet",Sachet,b2b fc aug26,b2b fc,0,2026-08-01,2026-06-01,"Copy of Retail Forecast Model 12mr - 2026 - June 8, 10_14 AM - Productlevel FC.csv"
Available,040504-B,"Whey - Strawberry & Cream, Bulk",Bulk,b2b fc aug26,b2b fc,0,2026-08-01,2026-06-01,"Copy of Retail Forecast Model 12mr - 2026 - June 8, 10_14 AM - Productlevel FC.csv"
Available,040504-J1000,"Whey - Strawberry & Cream, 1000g",Whey Protein Powder,b2b fc aug26,b2b fc,0,2026-08-01,2026-06-01,"Copy of Retail Forecast Model 12mr - 2026 - June 8, 10_14 AM - Productlevel FC.csv"
Available,040504-J500,"Whey - Strawberry & Cream, 500g",Whey Protein Powder,b2b fc aug26,b2b fc,651,2026-08-01,2026-06-01,"Copy of Retail Forecast Model 12mr - 2026 - June 8, 10_14 AM - Productlevel FC.csv"
Available,040504-S,"Whey - Strawberry & Cream, Sachet",Sachet,b2b fc aug26,b2b fc,0,2026-08-01,2026-06-01,"Copy of Retail Forecast Model 12mr - 2026 - June 8, 10_14 AM - Productlevel FC.csv"
Available,040505-B,"Whey - Coffee, Bulk",Bulk,b2b fc aug26,b2b fc,0,2026-08-01,2026-06-01,"Copy of Retail Forecast Model 12mr - 2026 - June 8, 10_14 AM - Productlevel FC.csv"
Available,040505-J1000,"Whey - Coffee, 1000g",Whey Protein Powder,b2b fc aug26,b2b fc,0,2026-08-01,2026-06-01,"Copy of Retail Forecast Model 12mr - 2026 - June 8, 10_14 AM - Productlevel FC.csv"
Available,040505-J500,"Whey - Coffee, 500g",Whey Protein Powder,b2b fc aug26,b2b fc,625,2026-08-01,2026-06-01,"Copy of Retail Forecast Model 12mr - 2026 - June 8, 10_14 AM - Productlevel FC.csv"
Available,040505-S,"Whey - Coffee, Sachet",Sachet,b2b fc aug26,b2b fc,0,2026-08-01,2026-06-01,"Copy of Retail Forecast Model 12mr - 2026 - June 8, 10_14 AM - Productlevel FC.csv"
Available,040506-B,"Whey - Unflavoured, Bulk",Bulk,b2b fc aug26,b2b fc,0,2026-08-01,2026-06-01,"Copy of Retail Forecast Model 12mr - 2026 - June 8, 10_14 AM - Productlevel FC.csv"
Available,040506-J1000,"Whey - unflavoured, 1000g",Whey Protein Powder,b2b fc aug26,b2b fc,0,2026-08-01,2026-06-01,"Copy of Retail Forecast Model 12mr - 2026 - June 8, 10_14 AM - Productlevel FC.csv"
Available,040506-J500,"Whey - unflavoured, 500g",Whey Protein Powder,b2b fc aug26,b2b fc,155,2026-08-01,2026-06-01,"Copy of Retail Forecast Model 12mr - 2026 - June 8, 10_14 AM - Productlevel FC.csv"
Available,040506-S,"Whey - unflavoured, Sachet",Sachet,b2b fc aug26,b2b fc,0,2026-08-01,2026-06-01,"Copy of Retail Forecast Model 12mr - 2026 - June 8, 10_14 AM - Productlevel FC.csv"
Available,040507-B,"Whey - Chai Latte, Bulk",Bulk,b2b fc aug26,b2b fc,0,2026-08-01,2026-06-01,"Copy of Retail Forecast Model 12mr - 2026 - June 8, 10_14 AM - Productlevel FC.csv"
Available,040507-J500,"Whey - Chai Latte, 500g",Whey Protein Powder,b2b fc aug26,b2b fc,157,2026-08-01,2026-06-01,"Copy of Retail Forecast Model 12mr - 2026 - June 8, 10_14 AM - Productlevel FC.csv"
Available,040507-S,"Whey - Chai Latte, Sachet",Sachet,b2b fc aug26,b2b fc,0,2026-08-01,2026-06-01,"Copy of Retail Forecast Model 12mr - 2026 - June 8, 10_14 AM - Productlevel FC.csv"
Available,040508-B,"Whey - Spekulatius, Bulk",Bulk,b2b fc aug26,b2b fc,0,2026-08-01,2026-06-01,"Copy of Retail Forecast Model 12mr - 2026 - June 8, 10_14 AM - Productlevel FC.csv"
Available,040508-J500,"Whey - Spekulatius, 500g",Whey Protein Powder,b2b fc aug26,b2b fc,0,2026-08-01,2026-06-01,"Copy of Retail Forecast Model 12mr - 2026 - June 8, 10_14 AM - Productlevel FC.csv"
Available,040508-J500-1,"Whey - Spekulatius, 2x500g",Whey Protein Powder,b2b fc aug26,b2b fc,0,2026-08-01,2026-06-01,"Copy of Retail Forecast Model 12mr - 2026 - June 8, 10_14 AM - Productlevel FC.csv"
Available,040508-S,"Whey - Spekulatius, Sachet",Sachet,b2b fc aug26,b2b fc,0,2026-08-01,2026-06-01,"Copy of Retail Forecast Model 12mr - 2026 - June 8, 10_14 AM - Productlevel FC.csv"
Available,040509-B,"Whey - Hazelnut Nougat, Bulk",Bulk,b2b fc aug26,b2b fc,0,2026-08-01,2026-06-01,"Copy of Retail Forecast Model 12mr - 2026 - June 8, 10_14 AM - Productlevel FC.csv"
Available,040509-J1000,"Whey - Hazelnut Nougat, 1000g",Whey Protein Powder,b2b fc aug26,b2b fc,0,2026-08-01,2026-06-01,"Copy of Retail Forecast Model 12mr - 2026 - June 8, 10_14 AM - Productlevel FC.csv"
Available,040509-J500,"Whey - Hazelnut Nougat, 500g",Whey Protein Powder,b2b fc aug26,b2b fc,0,2026-08-01,2026-06-01,"Copy of Retail Forecast Model 12mr - 2026 - June 8, 10_14 AM - Productlevel FC.csv"
Available,040509-S,"Whey - Hazelnut Nougat, Sachet",Sachet,b2b fc aug26,b2b fc,0,2026-08-01,2026-06-01,"Copy of Retail Forecast Model 12mr - 2026 - June 8, 10_14 AM - Productlevel FC.csv"
Available,040510-B,"Whey - Protein Sahne, Bulk",Bulk,b2b fc aug26,b2b fc,0,2026-08-01,2026-06-01,"Copy of Retail Forecast Model 12mr - 2026 - June 8, 10_14 AM - Productlevel FC.csv"
Available,040510-J1000,"Whey - Protein Sahne, 1000g",Whey Protein Powder,b2b fc aug26,b2b fc,0,2026-08-01,2026-06-01,"Copy of Retail Forecast Model 12mr - 2026 - June 8, 10_14 AM - Productlevel FC.csv"
Available,040510-J500,"Whey - Protein Sahne, 500g",Whey Protein Powder,b2b fc aug26,b2b fc,208,2026-08-01,2026-06-01,"Copy of Retail Forecast Model 12mr - 2026 - June 8, 10_14 AM - Productlevel FC.csv"
Available,040510-J500-1,"Whey - Protein Sahne, 2x500g",Whey Protein Powder,b2b fc aug26,b2b fc,0,2026-08-01,2026-06-01,"Copy of Retail Forecast Model 12mr - 2026 - June 8, 10_14 AM - Productlevel FC.csv"
Available,040510-S,"Whey - Protein Sahne, Sachet",Sachet,b2b fc aug26,b2b fc,0,2026-08-01,2026-06-01,"Copy of Retail Forecast Model 12mr - 2026 - June 8, 10_14 AM - Productlevel FC.csv"
Available,040511-B,"Whey - White Chocolate Pistachio, Bulk",Bulk,b2b fc aug26,b2b fc,0,2026-08-01,2026-06-01,"Copy of Retail Forecast Model 12mr - 2026 - June 8, 10_14 AM - Productlevel FC.csv"
Available,040511-J500,"Whey - White Chocolate Pistachio, 500g",Whey Protein Powder,b2b fc aug26,b2b fc,369,2026-08-01,2026-06-01,"Copy of Retail Forecast Model 12mr - 2026 - June 8, 10_14 AM - Productlevel FC.csv"
Available,040511-J500-1,"Whey - White Chocolate Pistachio, 2x500g",Whey Protein Powder,b2b fc aug26,b2b fc,0,2026-08-01,2026-06-01,"Copy of Retail Forecast Model 12mr - 2026 - June 8, 10_14 AM - Productlevel FC.csv"
Available,040511-S,"Whey - White Chocolate Pistachio, Sachet",Sachet,b2b fc aug26,b2b fc,0,2026-08-01,2026-06-01,"Copy of Retail Forecast Model 12mr - 2026 - June 8, 10_14 AM - Productlevel FC.csv"
Available,040512-B,"Whey Protein - Decaf Iced Coffee, Bulk",Bulk,b2b fc aug26,b2b fc,0,2026-08-01,2026-06-01,"Copy of Retail Forecast Model 12mr - 2026 - June 8, 10_14 AM - Productlevel FC.csv"
Available,040512-J500,"Whey Protein - Decaf Iced Coffee, 500g",Whey Protein Powder,b2b fc aug26,b2b fc,0,2026-08-01,2026-06-01,"Copy of Retail Forecast Model 12mr - 2026 - June 8, 10_14 AM - Productlevel FC.csv"
Available,040512-S,"Whey Protein - Decaf Iced Coffee, Sachet",Sachet,b2b fc aug26,b2b fc,0,2026-08-01,2026-06-01,"Copy of Retail Forecast Model 12mr - 2026 - June 8, 10_14 AM - Productlevel FC.csv"
Available,040513-B,"Whey Protein - Affogato, Bulk",Bulk,b2b fc aug26,b2b fc,0,2026-08-01,2026-06-01,"Copy of Retail Forecast Model 12mr - 2026 - June 8, 10_14 AM - Productlevel FC.csv"
Available,040513-J500,"Whey Protein - Affogato, 500g",Whey Protein Powder,b2b fc aug26,b2b fc,149,2026-08-01,2026-06-01,"Copy of Retail Forecast Model 12mr - 2026 - June 8, 10_14 AM - Productlevel FC.csv"
Available,040513-J500-1,"Whey Protein - Affogato, 2x500g",Whey Protein Powder,b2b fc aug26,b2b fc,0,2026-08-01,2026-06-01,"Copy of Retail Forecast Model 12mr - 2026 - June 8, 10_14 AM - Productlevel FC.csv"
Available,040513-S,"Whey Protein - Affogato, Sachet",Sachet,b2b fc aug26,b2b fc,0,2026-08-01,2026-06-01,"Copy of Retail Forecast Model 12mr - 2026 - June 8, 10_14 AM - Productlevel FC.csv"
Available,040515-B,"Whey Protein Coffee - Mocha, Bulk",Bulk,b2b fc aug26,b2b fc,0,2026-08-01,2026-06-01,"Copy of Retail Forecast Model 12mr - 2026 - June 8, 10_14 AM - Productlevel FC.csv"
Available,040515-J500,"Whey Protein Coffee - Mocha, 500g",Whey Protein Powder,b2b fc aug26,b2b fc,144,2026-08-01,2026-06-01,"Copy of Retail Forecast Model 12mr - 2026 - June 8, 10_14 AM - Productlevel FC.csv"
Available,040515-J500-1,"Whey Protein Coffee - Mocha, 2x500g",Whey Protein Powder,b2b fc aug26,b2b fc,0,2026-08-01,2026-06-01,"Copy of Retail Forecast Model 12mr - 2026 - June 8, 10_14 AM - Productlevel FC.csv"
Available,040515-S,"Whey Protein Coffee - Mocha, Sachet",Sachet,b2b fc aug26,b2b fc,0,2026-08-01,2026-06-01,"Copy of Retail Forecast Model 12mr - 2026 - June 8, 10_14 AM - Productlevel FC.csv"
Available,040517-B,"Whey Protein - Pumpkin Spice, Bulk",Whey Protein Powder,b2b fc aug26,b2b fc,0,2026-08-01,2026-06-01,"Copy of Retail Forecast Model 12mr - 2026 - June 8, 10_14 AM - Productlevel FC.csv"
Available,040517-J500,"Whey Protein - Pumpkin Spice, 500g",Whey Protein Powder,b2b fc aug26,b2b fc,0,2026-08-01,2026-06-01,"Copy of Retail Forecast Model 12mr - 2026 - June 8, 10_14 AM - Productlevel FC.csv"
Available,040517-S,"Whey Protein - Pumpkin Spice, Sachet",Sachet,b2b fc aug26,b2b fc,0,2026-08-01,2026-06-01,"Copy of Retail Forecast Model 12mr - 2026 - June 8, 10_14 AM - Productlevel FC.csv"
Ordered,040518-B,"Whey Protein - Iced Matcha Latte, Bulk",Bulk,b2b fc aug26,b2b fc,0,2026-08-01,2026-06-01,"Copy of Retail Forecast Model 12mr - 2026 - June 8, 10_14 AM - Productlevel FC.csv"
Ordered,040518-J500,"Whey Protein - Iced Matcha Latte, 500g",Whey Protein Powder,b2b fc aug26,b2b fc,138,2026-08-01,2026-06-01,"Copy of Retail Forecast Model 12mr - 2026 - June 8, 10_14 AM - Productlevel FC.csv"
Ordered,040518-S,"Whey Protein - Iced Matcha Latte, Sachet",Sachet,b2b fc aug26,b2b fc,0,2026-08-01,2026-06-01,"Copy of Retail Forecast Model 12mr - 2026 - June 8, 10_14 AM - Productlevel FC.csv"
Ordered,040519-B,"Whey Protein - Mango Matcha Latte, Bulk",Bulk,b2b fc aug26,b2b fc,0,2026-08-01,2026-06-01,"Copy of Retail Forecast Model 12mr - 2026 - June 8, 10_14 AM - Productlevel FC.csv"
Ordered,040519-J500,"Whey Protein - Mango Matcha Latte, 500g",Whey Protein Powder,b2b fc aug26,b2b fc,150,2026-08-01,2026-06-01,"Copy of Retail Forecast Model 12mr - 2026 - June 8, 10_14 AM - Productlevel FC.csv"
Ordered,040519-S,"Whey Protein - Mango Matcha Latte, Sachet",Sachet,b2b fc aug26,b2b fc,0,2026-08-01,2026-06-01,"Copy of Retail Forecast Model 12mr - 2026 - June 8, 10_14 AM - Productlevel FC.csv"
Available,040520,"Whey - MixBox, 5x1 Sachets",MixBox,b2b fc aug26,b2b fc,0,2026-08-01,2026-06-01,"Copy of Retail Forecast Model 12mr - 2026 - June 8, 10_14 AM - Productlevel FC.csv"
Ordered,040521-B,"Whey Protein - Pure/Natural Matcha Latte, Bulk",Bulk,b2b fc aug26,b2b fc,0,2026-08-01,2026-06-01,"Copy of Retail Forecast Model 12mr - 2026 - June 8, 10_14 AM - Productlevel FC.csv"
Ordered,040521-J500,"Whey Protein - Pure/Natural Matcha Latte, 500g",Whey Protein Powder,b2b fc aug26,b2b fc,0,2026-08-01,2026-06-01,"Copy of Retail Forecast Model 12mr - 2026 - June 8, 10_14 AM - Productlevel FC.csv"
Ordered,040521-S,"Whey Protein - Pure/Natural Matcha Latte, Sachet",Sachet,b2b fc aug26,b2b fc,0,2026-08-01,2026-06-01,"Copy of Retail Forecast Model 12mr - 2026 - June 8, 10_14 AM - Productlevel FC.csv"
Ordered,040522-B,"Whey Protein - Vanillekipferl, Bulk",Bulk,b2b fc aug26,b2b fc,0,2026-08-01,2026-06-01,"Copy of Retail Forecast Model 12mr - 2026 - June 8, 10_14 AM - Productlevel FC.csv"
Ordered,040522-J500,"Whey Protein - Vanillekipferl, 500g",Whey Protein Powder,b2b fc aug26,b2b fc,0,2026-08-01,2026-06-01,"Copy of Retail Forecast Model 12mr - 2026 - June 8, 10_14 AM - Productlevel FC.csv"
Ordered,040522-S,"Whey Protein - Vanillekipferl, Sachet",Sachet,b2b fc aug26,b2b fc,0,2026-08-01,2026-06-01,"Copy of Retail Forecast Model 12mr - 2026 - June 8, 10_14 AM - Productlevel FC.csv"
Available,040601-B,"Whey vegan - Stracciatella, Bulk",Bulk,b2b fc aug26,b2b fc,0,2026-08-01,2026-06-01,"Copy of Retail Forecast Model 12mr - 2026 - June 8, 10_14 AM - Productlevel FC.csv"
Available,040601-J500,"Whey vegan - Stracciatella, 500g",Vegan Protein Powder,b2b fc aug26,b2b fc,326,2026-08-01,2026-06-01,"Copy of Retail Forecast Model 12mr - 2026 - June 8, 10_14 AM - Productlevel FC.csv"
Available,040601-S,"Whey vegan - Stracciatella, Sachet",Sachet,b2b fc aug26,b2b fc,0,2026-08-01,2026-06-01,"Copy of Retail Forecast Model 12mr - 2026 - June 8, 10_14 AM - Productlevel FC.csv"
Available,040602-B,"Whey vegan - Chocolate Hazelnut, Bulk",Bulk,b2b fc aug26,b2b fc,0,2026-08-01,2026-06-01,"Copy of Retail Forecast Model 12mr - 2026 - June 8, 10_14 AM - Productlevel FC.csv"
Available,040602-J500,"Whey vegan - Chocolate Hazelnut, 500g",Vegan Protein Powder,b2b fc aug26,b2b fc,246,2026-08-01,2026-06-01,"Copy of Retail Forecast Model 12mr - 2026 - June 8, 10_14 AM - Productlevel FC.csv"
Available,040602-S,"Whey vegan - Chocolate Hazelnut, Sachet",Sachet,b2b fc aug26,b2b fc,0,2026-08-01,2026-06-01,"Copy of Retail Forecast Model 12mr - 2026 - June 8, 10_14 AM - Productlevel FC.csv"
Available,040603-B,"Whey vegan - Cinnamon Roll, Bulk",Bulk,b2b fc aug26,b2b fc,0,2026-08-01,2026-06-01,"Copy of Retail Forecast Model 12mr - 2026 - June 8, 10_14 AM - Productlevel FC.csv"
Available,040603-J500,"Whey vegan - Cinnamon Roll, 500g",Vegan Protein Powder,b2b fc aug26,b2b fc,141,2026-08-01,2026-06-01,"Copy of Retail Forecast Model 12mr - 2026 - June 8, 10_14 AM - Productlevel FC.csv"
Available,040603-J500-1,"Whey vegan - Cinnamon Roll, 2x500g",Vegan Protein Powder,b2b fc aug26,b2b fc,0,2026-08-01,2026-06-01,"Copy of Retail Forecast Model 12mr - 2026 - June 8, 10_14 AM - Productlevel FC.csv"
Available,040603-S,"Whey vegan - Cinnamon Roll, Sachet",Sachet,b2b fc aug26,b2b fc,0,2026-08-01,2026-06-01,"Copy of Retail Forecast Model 12mr - 2026 - June 8, 10_14 AM - Productlevel FC.csv"
Available,040604-B,"Whey vegan - Dark Cookie, Bulk",Bulk,b2b fc aug26,b2b fc,0,2026-08-01,2026-06-01,"Copy of Retail Forecast Model 12mr - 2026 - June 8, 10_14 AM - Productlevel FC.csv"
Available,040604-J500,"Whey vegan - Dark Cookie, 500g",Vegan Protein Powder,b2b fc aug26,b2b fc,175,2026-08-01,2026-06-01,"Copy of Retail Forecast Model 12mr - 2026 - June 8, 10_14 AM - Productlevel FC.csv"
Available,040604-J500-1,"Whey vegan - Dark Cookie, 2x500g",Vegan Protein Powder,b2b fc aug26,b2b fc,0,2026-08-01,2026-06-01,"Copy of Retail Forecast Model 12mr - 2026 - June 8, 10_14 AM - Productlevel FC.csv"
Available,040604-S,"Whey vegan - Dark Cookie, Sachet",Sachet,b2b fc aug26,b2b fc,0,2026-08-01,2026-06-01,"Copy of Retail Forecast Model 12mr - 2026 - June 8, 10_14 AM - Productlevel FC.csv"
Available,040605-B,"Vegan Protein Powder - ICED COFFEE, Bulk",Bulk,b2b fc aug26,b2b fc,0,2026-08-01,2026-06-01,"Copy of Retail Forecast Model 12mr - 2026 - June 8, 10_14 AM - Productlevel FC.csv"
Available,040605-J500,"Vegan Protein Powder - ICED COFFEE, 500g",Vegan Protein Powder,b2b fc aug26,b2b fc,0,2026-08-01,2026-06-01,"Copy of Retail Forecast Model 12mr - 2026 - June 8, 10_14 AM - Productlevel FC.csv"
Available,040605-S,"Vegan Protein Powder - ICED COFFEE, Sachet",Sachet,b2b fc aug26,b2b fc,0,2026-08-01,2026-06-01,"Copy of Retail Forecast Model 12mr - 2026 - June 8, 10_14 AM - Productlevel FC.csv"
Available,040620,"Vegan Whey - Mix Box, Sachets",MixBox,b2b fc aug26,b2b fc,0,2026-08-01,2026-06-01,"Copy of Retail Forecast Model 12mr - 2026 - June 8, 10_14 AM - Productlevel FC.csv"
Available,040801,"NAS Cacao Powder, 400g",Cacao Powder,b2b fc aug26,b2b fc,0,2026-08-01,2026-06-01,"Copy of Retail Forecast Model 12mr - 2026 - June 8, 10_14 AM - Productlevel FC.csv"
Available,040901,"Sugar Replacer, 1000g",Sugar Replacer,b2b fc aug26,b2b fc,0,2026-08-01,2026-06-01,"Copy of Retail Forecast Model 12mr - 2026 - June 8, 10_14 AM - Productlevel FC.csv"
Available,041001,NAS Götterspeise - Waldmeister,Jelly,b2b fc aug26,b2b fc,0,2026-08-01,2026-06-01,"Copy of Retail Forecast Model 12mr - 2026 - June 8, 10_14 AM - Productlevel FC.csv"
Available,041001-B,"NAS Götterspeise - Waldmeister, Bulk",Bulk,b2b fc aug26,b2b fc,0,2026-08-01,2026-06-01,"Copy of Retail Forecast Model 12mr - 2026 - June 8, 10_14 AM - Productlevel FC.csv"
Available,041001-S,"NAS Götterspeise - Waldmeister, Sachet 15g",Sachet,b2b fc aug26,b2b fc,0,2026-08-01,2026-06-01,"Copy of Retail Forecast Model 12mr - 2026 - June 8, 10_14 AM - Productlevel FC.csv"
Available,041002,NAS Götterspeise - Cherry,Jelly,b2b fc aug26,b2b fc,0,2026-08-01,2026-06-01,"Copy of Retail Forecast Model 12mr - 2026 - June 8, 10_14 AM - Productlevel FC.csv"
Available,041002-B,"NAS Götterspeise - Cherry, Bulk",Bulk,b2b fc aug26,b2b fc,0,2026-08-01,2026-06-01,"Copy of Retail Forecast Model 12mr - 2026 - June 8, 10_14 AM - Productlevel FC.csv"
Available,041002-S,"NAS Götterspeise - Cherry, Sachet 15g",Sachet,b2b fc aug26,b2b fc,0,2026-08-01,2026-06-01,"Copy of Retail Forecast Model 12mr - 2026 - June 8, 10_14 AM - Productlevel FC.csv"
Available,041003,NAS Götterspeise - Lemon,Jelly,b2b fc aug26,b2b fc,0,2026-08-01,2026-06-01,"Copy of Retail Forecast Model 12mr - 2026 - June 8, 10_14 AM - Productlevel FC.csv"
Available,041003-B,"NAS Götterspeise - Lemon, Bulk",Bulk,b2b fc aug26,b2b fc,0,2026-08-01,2026-06-01,"Copy of Retail Forecast Model 12mr - 2026 - June 8, 10_14 AM - Productlevel FC.csv"
Available,041003-S,"NAS Götterspeise - Lemon, Sachet 15g",Sachet,b2b fc aug26,b2b fc,0,2026-08-01,2026-06-01,"Copy of Retail Forecast Model 12mr - 2026 - June 8, 10_14 AM - Productlevel FC.csv"
Available,041020,NAS Götterspeise Mix Box - 6 Sachets + 6 Vanilla Sauce,Jelly,b2b fc aug26,b2b fc,0,2026-08-01,2026-06-01,"Copy of Retail Forecast Model 12mr - 2026 - June 8, 10_14 AM - Productlevel FC.csv"
Available,041101-250,"NAS Sauce - Vanilla,  250g",Vanilla Sauce,b2b fc aug26,b2b fc,0,2026-08-01,2026-06-01,"Copy of Retail Forecast Model 12mr - 2026 - June 8, 10_14 AM - Productlevel FC.csv"
Available,041101-B,"NAS Sauce - Vanilla, Bulk",Bulk,b2b fc aug26,b2b fc,0,2026-08-01,2026-06-01,"Copy of Retail Forecast Model 12mr - 2026 - June 8, 10_14 AM - Productlevel FC.csv"
Available,041101-S,"NAS Sauce - Vanilla, Sachet 25g",Sachet,b2b fc aug26,b2b fc,0,2026-08-01,2026-06-01,"Copy of Retail Forecast Model 12mr - 2026 - June 8, 10_14 AM - Productlevel FC.csv"
Available,041120,"Vanilla Sauce MixBox, 5x25g",Vanilla Sauce,b2b fc aug26,b2b fc,0,2026-08-01,2026-06-01,"Copy of Retail Forecast Model 12mr - 2026 - June 8, 10_14 AM - Productlevel FC.csv"
Available,050101,"Crazy Hazel Nougat Cream Low Sugar, 200g",Spreads,b2b fc aug26,b2b fc,45017,2026-08-01,2026-06-01,"Copy of Retail Forecast Model 12mr - 2026 - June 8, 10_14 AM - Productlevel FC.csv"
Available,050101-B,"Crazy Hazel Nougat Cream Low Sugar, Bucket 20kg",Bulk,b2b fc aug26,b2b fc,0,2026-08-01,2026-06-01,"Copy of Retail Forecast Model 12mr - 2026 - June 8, 10_14 AM - Productlevel FC.csv"
Available,050101-J350,"Crazy Hazel Nougat Cream Low Sugar, 350g",Spreads,b2b fc aug26,b2b fc,0,2026-08-01,2026-06-01,"Copy of Retail Forecast Model 12mr - 2026 - June 8, 10_14 AM - Productlevel FC.csv"
Available,050102,"Crazy Hazel vegan Nougat Cream Low Sugar, 200g",Spreads,b2b fc aug26,b2b fc,10496,2026-08-01,2026-06-01,"Copy of Retail Forecast Model 12mr - 2026 - June 8, 10_14 AM - Productlevel FC.csv"
Available,050102-B,"Crazy Hazel vegan Nougat Cream Low Sugar, Bucket 20kg",Bulk,b2b fc aug26,b2b fc,0,2026-08-01,2026-06-01,"Copy of Retail Forecast Model 12mr - 2026 - June 8, 10_14 AM - Productlevel FC.csv"
Available,050103,"Crazy Hazel White Choco Cream, 200g",Spreads,b2b fc aug26,b2b fc,59525,2026-08-01,2026-06-01,"Copy of Retail Forecast Model 12mr - 2026 - June 8, 10_14 AM - Productlevel FC.csv"
Available,050103-B,"Crazy Hazel White Choco Cream, Bucket 20kg",Bulk,b2b fc aug26,b2b fc,0,2026-08-01,2026-06-01,"Copy of Retail Forecast Model 12mr - 2026 - June 8, 10_14 AM - Productlevel FC.csv"
Available,050103-J350,"Crazy Hazel White Choco Cream, 350g",Spreads,b2b fc aug26,b2b fc,0,2026-08-01,2026-06-01,"Copy of Retail Forecast Model 12mr - 2026 - June 8, 10_14 AM - Productlevel FC.csv"
Available,050104,"Crazy Hazel White Crunchy, 200g",Spreads,b2b fc aug26,b2b fc,197,2026-08-01,2026-06-01,"Copy of Retail Forecast Model 12mr - 2026 - June 8, 10_14 AM - Productlevel FC.csv"
Available,050105,"Crazy Pistacchio, 200g",Spreads,b2b fc aug26,b2b fc,20554,2026-08-01,2026-06-01,"Copy of Retail Forecast Model 12mr - 2026 - June 8, 10_14 AM - Productlevel FC.csv"
Available,050105-B,"Crazy Pistacchio, Bucket 20kg",Bulk,b2b fc aug26,b2b fc,0,2026-08-01,2026-06-01,"Copy of Retail Forecast Model 12mr - 2026 - June 8, 10_14 AM - Productlevel FC.csv"
Available,050105-J350,"Crazy Pistacchio, 350g",Spreads,b2b fc aug26,b2b fc,0,2026-08-01,2026-06-01,"Copy of Retail Forecast Model 12mr - 2026 - June 8, 10_14 AM - Productlevel FC.csv"
Available,050106-1,"Spread Tray Bundle (Normal, White, Pistachio), 6x200g",Spreads,b2b fc aug26,b2b fc,0,2026-08-01,2026-06-01,"Copy of Retail Forecast Model 12mr - 2026 - June 8, 10_14 AM - Productlevel FC.csv"
Available,050107,"Crazy Spekulatius, 200g",Spreads,b2b fc aug26,b2b fc,0,2026-08-01,2026-06-01,"Copy of Retail Forecast Model 12mr - 2026 - June 8, 10_14 AM - Productlevel FC.csv"
Available,050108,"Crunchy Crazy Pistachio, 200g",Spreads,b2b fc aug26,b2b fc,0,2026-08-01,2026-06-01,"Copy of Retail Forecast Model 12mr - 2026 - June 8, 10_14 AM - Productlevel FC.csv"
Available,050109,"Crunchy Crazy Hazel, 200g",Spreads,b2b fc aug26,b2b fc,0,2026-08-01,2026-06-01,"Copy of Retail Forecast Model 12mr - 2026 - June 8, 10_14 AM - Productlevel FC.csv"
Available,050202,ahead Crunchies Crazy Hazel 1x 240g,Cereals,b2b fc aug26,b2b fc,5380,2026-08-01,2026-06-01,"Copy of Retail Forecast Model 12mr - 2026 - June 8, 10_14 AM - Productlevel FC.csv"
Available,050203,ahead Crunchies White Crazy Hazel 1x 240g,Cereals,b2b fc aug26,b2b fc,5844,2026-08-01,2026-06-01,"Copy of Retail Forecast Model 12mr - 2026 - June 8, 10_14 AM - Productlevel FC.csv"
NPD,050204,NAS Cereal - Cinnamon Rings/Hoops ('Cinni Minis'),Cereals,b2b fc aug26,b2b fc,4071,2026-08-01,2026-06-01,"Copy of Retail Forecast Model 12mr - 2026 - June 8, 10_14 AM - Productlevel FC.csv"
NPD,050205,NAS Cereal - Chocolate Rings/Hoops,Cereals,b2b fc aug26,b2b fc,0,2026-08-01,2026-06-01,"Copy of Retail Forecast Model 12mr - 2026 - June 8, 10_14 AM - Productlevel FC.csv"
NPD,050208,NAS/Protein Bites (Cereal) - Tutti Frutti Flavour 210g,Cereals,b2b fc aug26,b2b fc,12082,2026-08-01,2026-06-01,"Copy of Retail Forecast Model 12mr - 2026 - June 8, 10_14 AM - Productlevel FC.csv"
Available,050301,"Jam - Strawberry, 200g",Jams,b2b fc aug26,b2b fc,5146,2026-08-01,2026-06-01,"Copy of Retail Forecast Model 12mr - 2026 - June 8, 10_14 AM - Productlevel FC.csv"
Available,050302,"Jam - Raspberry, 200g",Jams,b2b fc aug26,b2b fc,4225,2026-08-01,2026-06-01,"Copy of Retail Forecast Model 12mr - 2026 - June 8, 10_14 AM - Productlevel FC.csv"
Available,050303,"Jam - Black Currant, 200g",Jams,b2b fc aug26,b2b fc,4878,2026-08-01,2026-06-01,"Copy of Retail Forecast Model 12mr - 2026 - June 8, 10_14 AM - Productlevel FC.csv"
Available,050304,"Jam - Cinnamon Plum, 200g",Jams,b2b fc aug26,b2b fc,0,2026-08-01,2026-06-01,"Copy of Retail Forecast Model 12mr - 2026 - June 8, 10_14 AM - Productlevel FC.csv"
Available,050306,"Winter Jam - Sour Cherry, 200g",Jams,b2b fc aug26,b2b fc,0,2026-08-01,2026-06-01,"Copy of Retail Forecast Model 12mr - 2026 - June 8, 10_14 AM - Productlevel FC.csv"
Available,304020,Chocolate Advent Calendar - Filled pralines (200g),,b2b fc aug26,b2b fc,62000,2026-08-01,2026-06-01,"Copy of Retail Forecast Model 12mr - 2026 - June 8, 10_14 AM - Productlevel FC.csv"
Available,304080,"ahead - Partnerships, MixBox",MixBox,b2b fc aug26,b2b fc,0,2026-08-01,2026-06-01,"Copy of Retail Forecast Model 12mr - 2026 - June 8, 10_14 AM - Productlevel FC.csv"
Available,305040,"ahead - Partnerships, Gummies MixBox",MixBox,b2b fc aug26,b2b fc,0,2026-08-01,2026-06-01,"Copy of Retail Forecast Model 12mr - 2026 - June 8, 10_14 AM - Productlevel FC.csv"
Available,010102,ahead Low Sugar Chocolate Bar - Coconut Almond 35g,Chocolate Bars,b2b fc sep26,b2b fc,63679,2026-09-01,2026-07-01,"Copy of Retail Forecast Model 12mr - 2026 - July 9, 3_58 PM - Productlevel FC.csv"
Available,010103,ahead Low Sugar Chocolate Bar - Salted Peanut Caramel 35g,Chocolate Bars,b2b fc sep26,b2b fc,199424,2026-09-01,2026-07-01,"Copy of Retail Forecast Model 12mr - 2026 - July 9, 3_58 PM - Productlevel FC.csv"
Available,010104,ahead Low Sugar Chocolate Bar - Hazelnut Cacao 35g,Chocolate Bars,b2b fc sep26,b2b fc,140389,2026-09-01,2026-07-01,"Copy of Retail Forecast Model 12mr - 2026 - July 9, 3_58 PM - Productlevel FC.csv"
Available,010105,ahead Low Sugar Chocolate Bar - Crunchy Nougat 35g,Chocolate Bars,b2b fc sep26,b2b fc,52571,2026-09-01,2026-07-01,"Copy of Retail Forecast Model 12mr - 2026 - July 9, 3_58 PM - Productlevel FC.csv"
Available,010124,ahead Low Sugar Chocolate Bar - Mix Box 2.0  4x3,Chocolate Bars,b2b fc sep26,b2b fc,0,2026-09-01,2026-07-01,"Copy of Retail Forecast Model 12mr - 2026 - July 9, 3_58 PM - Productlevel FC.csv"
Available,010125,ahead Low Sugar Chocolate Bar - Mix Box 3.0 4x3,Chocolate Bars,b2b fc sep26,b2b fc,0,2026-09-01,2026-07-01,"Copy of Retail Forecast Model 12mr - 2026 - July 9, 3_58 PM - Productlevel FC.csv"
Available,010201,"Ahead Low Sugar Nut Bar - Coconut Almond, 35g",Nut Bars,b2b fc sep26,b2b fc,31590,2026-09-01,2026-07-01,"Copy of Retail Forecast Model 12mr - 2026 - July 9, 3_58 PM - Productlevel FC.csv"
Available,010202,"Ahead Low Sugar Nut Bar - Cashew Pretzel, 35g",Nut Bars,b2b fc sep26,b2b fc,76002,2026-09-01,2026-07-01,"Copy of Retail Forecast Model 12mr - 2026 - July 9, 3_58 PM - Productlevel FC.csv"
Available,010203,"Ahead Low Sugar Nut Bar - Dark & Salty, 35g",Nut Bars,b2b fc sep26,b2b fc,38769,2026-09-01,2026-07-01,"Copy of Retail Forecast Model 12mr - 2026 - July 9, 3_58 PM - Productlevel FC.csv"
Available,010220,ahead Low Sugar Nut Bar - Mix Box 3x4,Nut Bars,b2b fc sep26,b2b fc,0,2026-09-01,2026-07-01,"Copy of Retail Forecast Model 12mr - 2026 - July 9, 3_58 PM - Productlevel FC.csv"
Available,010301,"ahead Protein Bar - COOKIES & CREAM, 45g",Protein Bars,b2b fc sep26,b2b fc,71401,2026-09-01,2026-07-01,"Copy of Retail Forecast Model 12mr - 2026 - July 9, 3_58 PM - Productlevel FC.csv"
Available,010302,"ahead Protein Bar - PEANUT CARAMEL, 45g",Protein Bars,b2b fc sep26,b2b fc,61753,2026-09-01,2026-07-01,"Copy of Retail Forecast Model 12mr - 2026 - July 9, 3_58 PM - Productlevel FC.csv"
Available,010303,"ahead Protein Bar - HAZELNUT NOUGAT, 45g",Protein Bars,b2b fc sep26,b2b fc,50866,2026-09-01,2026-07-01,"Copy of Retail Forecast Model 12mr - 2026 - July 9, 3_58 PM - Productlevel FC.csv"
Available,010304,"ahead Protein Bar - COCONUT ALMOND, 45g",Protein Bars,b2b fc sep26,b2b fc,60059,2026-09-01,2026-07-01,"Copy of Retail Forecast Model 12mr - 2026 - July 9, 3_58 PM - Productlevel FC.csv"
Available,010305,"ahead Protein Bar - FUDGE CHOCOLATE BROWNIE, 45g",Protein Bars,b2b fc sep26,b2b fc,88851,2026-09-01,2026-07-01,"Copy of Retail Forecast Model 12mr - 2026 - July 9, 3_58 PM - Productlevel FC.csv"
Ordered,010306,"ahead Protein Bar - DARK CHOCOLATE RASPBERRY, 45g",Protein Bars,b2b fc sep26,b2b fc,28413,2026-09-01,2026-07-01,"Copy of Retail Forecast Model 12mr - 2026 - July 9, 3_58 PM - Productlevel FC.csv"
Available,010307,"ahead Protein Bar - LEMON CHEESECAKE , 45g",Protein Bars,b2b fc sep26,b2b fc,68060,2026-09-01,2026-07-01,"Copy of Retail Forecast Model 12mr - 2026 - July 9, 3_58 PM - Productlevel FC.csv"
Ordered,010308,"ahead Protein Bar - Strawberry Yogurt, 45g",Protein Bars,b2b fc sep26,b2b fc,30516,2026-09-01,2026-07-01,"Copy of Retail Forecast Model 12mr - 2026 - July 9, 3_58 PM - Productlevel FC.csv"
Available,010309,"ahead Protein Bar - Dominostein, 45g",Protein Bars,b2b fc sep26,b2b fc,93356,2026-09-01,2026-07-01,"Copy of Retail Forecast Model 12mr - 2026 - July 9, 3_58 PM - Productlevel FC.csv"
Available,010310,"ahead Protein Bar - Linzer Flavour, 45g",Protein Bars,b2b fc sep26,b2b fc,46678,2026-09-01,2026-07-01,"Copy of Retail Forecast Model 12mr - 2026 - July 9, 3_58 PM - Productlevel FC.csv"
NPD,010311,"ahead Protein Bar - Winter3, 45g",Protein Bars,b2b fc sep26,b2b fc,46678,2026-09-01,2026-07-01,"Copy of Retail Forecast Model 12mr - 2026 - July 9, 3_58 PM - Productlevel FC.csv"
Available,010320,Protein Mix Box - 12 Bars,Protein Bars,b2b fc sep26,b2b fc,0,2026-09-01,2026-07-01,"Copy of Retail Forecast Model 12mr - 2026 - July 9, 3_58 PM - Productlevel FC.csv"
NPD,010321,Protein MixBox - Limited Edition (6x 45g),Protein Bars,b2b fc sep26,b2b fc,0,2026-09-01,2026-07-01,"Copy of Retail Forecast Model 12mr - 2026 - July 9, 3_58 PM - Productlevel FC.csv"
Available,010401,PB Cups - Milk Chocolate 2x17g,NB Cups,b2b fc sep26,b2b fc,871,2026-09-01,2026-07-01,"Copy of Retail Forecast Model 12mr - 2026 - July 9, 3_58 PM - Productlevel FC.csv"
Available,010402,PB Cups - Dark Chocolate 2x17g,NB Cups,b2b fc sep26,b2b fc,741,2026-09-01,2026-07-01,"Copy of Retail Forecast Model 12mr - 2026 - July 9, 3_58 PM - Productlevel FC.csv"
Available,010403,PB Cups - White Chocolate 2x17g,NB Cups,b2b fc sep26,b2b fc,0,2026-09-01,2026-07-01,"Copy of Retail Forecast Model 12mr - 2026 - July 9, 3_58 PM - Productlevel FC.csv"
Available,010405,PisB Cups - White Chocolate 2x17g,NB Cups,b2b fc sep26,b2b fc,1110,2026-09-01,2026-07-01,"Copy of Retail Forecast Model 12mr - 2026 - July 9, 3_58 PM - Productlevel FC.csv"
Available,010406,Butter Cups - Milk Chocolate Lebkuchen (Gingerbread) 2x17g,NB Cups,b2b fc sep26,b2b fc,0,2026-09-01,2026-07-01,"Copy of Retail Forecast Model 12mr - 2026 - July 9, 3_58 PM - Productlevel FC.csv"
Available,010407,Butter Cups - White Chocolate Vanillekipferl 2x17g,NB Cups,b2b fc sep26,b2b fc,0,2026-09-01,2026-07-01,"Copy of Retail Forecast Model 12mr - 2026 - July 9, 3_58 PM - Productlevel FC.csv"
Available,010408,Butter Cups - Dark Chocolate Marzipan 2x17g,NB Cups,b2b fc sep26,b2b fc,0,2026-09-01,2026-07-01,"Copy of Retail Forecast Model 12mr - 2026 - July 9, 3_58 PM - Productlevel FC.csv"
Ordered,010409,Butter Cups - Pumpkin Spice 2x17g,NB Cups,b2b fc sep26,b2b fc,0,2026-09-01,2026-07-01,"Copy of Retail Forecast Model 12mr - 2026 - July 9, 3_58 PM - Productlevel FC.csv"
NPD,010410,High Protein Peanut Butter Cups with Peanut Pieces (2x34g),NB Cups,b2b fc sep26,b2b fc,39054,2026-09-01,2026-07-01,"Copy of Retail Forecast Model 12mr - 2026 - July 9, 3_58 PM - Productlevel FC.csv"
NPD,010411,High Protein Hazelnut Butter Cups with Hazelnut Pieces (2x34g),NB Cups,b2b fc sep26,b2b fc,21606,2026-09-01,2026-07-01,"Copy of Retail Forecast Model 12mr - 2026 - July 9, 3_58 PM - Productlevel FC.csv"
NPD,010412,High Protein Pistachio Butter Cups with Pistachio Pieces (2x34g),NB Cups,b2b fc sep26,b2b fc,38418,2026-09-01,2026-07-01,"Copy of Retail Forecast Model 12mr - 2026 - July 9, 3_58 PM - Productlevel FC.csv"
Available,010420,"NutButter Cups  MixBox, 10 stk",NB Cups,b2b fc sep26,b2b fc,0,2026-09-01,2026-07-01,"Copy of Retail Forecast Model 12mr - 2026 - July 9, 3_58 PM - Productlevel FC.csv"
NPD,010421,NutButter Cups  MixBox - Limited Edition (6x 34g),NB Cups,b2b fc sep26,b2b fc,0,2026-09-01,2026-07-01,"Copy of Retail Forecast Model 12mr - 2026 - July 9, 3_58 PM - Productlevel FC.csv"
Available,010501,ahead Soft Baked Cookies Box 4x40g,Cookies,b2b fc sep26,b2b fc,57512,2026-09-01,2026-07-01,"Copy of Retail Forecast Model 12mr - 2026 - July 9, 3_58 PM - Productlevel FC.csv"
NPD,010502,Soft Cookie - Chocolate Chip & Hazelnut 4x40g,Cookies,b2b fc sep26,b2b fc,8408,2026-09-01,2026-07-01,"Copy of Retail Forecast Model 12mr - 2026 - July 9, 3_58 PM - Productlevel FC.csv"
Ordered,010503,"Soft Cookie - Lebkuchen Style, 4x40g",Cookies,b2b fc sep26,b2b fc,36408,2026-09-01,2026-07-01,"Copy of Retail Forecast Model 12mr - 2026 - July 9, 3_58 PM - Productlevel FC.csv"
Available,010601,"ahead Gummies - Cola Bottles, 50g",Gummies,b2b fc sep26,b2b fc,232513,2026-09-01,2026-07-01,"Copy of Retail Forecast Model 12mr - 2026 - July 9, 3_58 PM - Productlevel FC.csv"
Available,010602,"ahead Gummies - Fluffy Hearts, 50g",Gummies,b2b fc sep26,b2b fc,235128,2026-09-01,2026-07-01,"Copy of Retail Forecast Model 12mr - 2026 - July 9, 3_58 PM - Productlevel FC.csv"
Available,010603,"ahead Gummies - Sweet Peaches, 50g",Gummies,b2b fc sep26,b2b fc,122174,2026-09-01,2026-07-01,"Copy of Retail Forecast Model 12mr - 2026 - July 9, 3_58 PM - Productlevel FC.csv"
Available,010604,"ahead Gummies - Sour Cherries, 50g",Gummies,b2b fc sep26,b2b fc,257979,2026-09-01,2026-07-01,"Copy of Retail Forecast Model 12mr - 2026 - July 9, 3_58 PM - Productlevel FC.csv"
Ordered,010605,"ahead Gummies - Vampires, 50g",Gummies,b2b fc sep26,b2b fc,111367,2026-09-01,2026-07-01,"Copy of Retail Forecast Model 12mr - 2026 - July 9, 3_58 PM - Productlevel FC.csv"
Available,010606,"ahead Gummies - Green Apples, 50g",Gummies,b2b fc sep26,b2b fc,263132,2026-09-01,2026-07-01,"Copy of Retail Forecast Model 12mr - 2026 - July 9, 3_58 PM - Productlevel FC.csv"
NPD,010607,"Gummies - Sour Worms, 50g",Gummies,b2b fc sep26,b2b fc,94197,2026-09-01,2026-07-01,"Copy of Retail Forecast Model 12mr - 2026 - July 9, 3_58 PM - Productlevel FC.csv"
NPD,010608,"Gummies - Crazy Frogs, 50g",Gummies,b2b fc sep26,b2b fc,97218,2026-09-01,2026-07-01,"Copy of Retail Forecast Model 12mr - 2026 - July 9, 3_58 PM - Productlevel FC.csv"
Ordered,010609,"Gummies - Goldbären, 50g",Gummies,b2b fc sep26,b2b fc,127991,2026-09-01,2026-07-01,"Copy of Retail Forecast Model 12mr - 2026 - July 9, 3_58 PM - Productlevel FC.csv"
Available,010610,"Gummies - Winter Friends, 50g",Gummies,b2b fc sep26,b2b fc,104254,2026-09-01,2026-07-01,"Copy of Retail Forecast Model 12mr - 2026 - July 9, 3_58 PM - Productlevel FC.csv"
Available,010611,"Gummies - Winter Magic, 50g",Gummies,b2b fc sep26,b2b fc,93254,2026-09-01,2026-07-01,"Copy of Retail Forecast Model 12mr - 2026 - July 9, 3_58 PM - Productlevel FC.csv"
Available,010612,"Gummies - Sweet Hearts, 50g",Gummies,b2b fc sep26,b2b fc,73209,2026-09-01,2026-07-01,"Copy of Retail Forecast Model 12mr - 2026 - July 9, 3_58 PM - Productlevel FC.csv"
NPD,010613,"Gummies - Sweet Champions, 50g",Gummies,b2b fc sep26,b2b fc,0,2026-09-01,2026-07-01,"Copy of Retail Forecast Model 12mr - 2026 - July 9, 3_58 PM - Productlevel FC.csv"
Available,010620,"ahead Gummies - Mix Box, 12x50g",Gummies,b2b fc sep26,b2b fc,0,2026-09-01,2026-07-01,"Copy of Retail Forecast Model 12mr - 2026 - July 9, 3_58 PM - Productlevel FC.csv"
Available,010701,"Hazelnut Crunch Caramel Bar, 38g",Caramel Bars,b2b fc sep26,b2b fc,25319,2026-09-01,2026-07-01,"Copy of Retail Forecast Model 12mr - 2026 - July 9, 3_58 PM - Productlevel FC.csv"
Available,010702,"Popcorn Crunch Caramel Bar, 38g",Caramel Bars,b2b fc sep26,b2b fc,21435,2026-09-01,2026-07-01,"Copy of Retail Forecast Model 12mr - 2026 - July 9, 3_58 PM - Productlevel FC.csv"
Ordered,010703,"Peanut Crunch Caramel Bar, 38g",Caramel Bars,b2b fc sep26,b2b fc,0,2026-09-01,2026-07-01,"Copy of Retail Forecast Model 12mr - 2026 - July 9, 3_58 PM - Productlevel FC.csv"
Available,010801,"Chocolate Chunks - Dark Chocolate, 175g",Chocolate Chunks,b2b fc sep26,b2b fc,0,2026-09-01,2026-07-01,"Copy of Retail Forecast Model 12mr - 2026 - July 9, 3_58 PM - Productlevel FC.csv"
Available,010801-B150,"Chocolate Chunks - Dark Chocolate, 150g",Chocolate Chunks,b2b fc sep26,b2b fc,0,2026-09-01,2026-07-01,"Copy of Retail Forecast Model 12mr - 2026 - July 9, 3_58 PM - Productlevel FC.csv"
Available,010802,"Chocolate Chunks - White Chocolate, 175g",Chocolate Chunks,b2b fc sep26,b2b fc,0,2026-09-01,2026-07-01,"Copy of Retail Forecast Model 12mr - 2026 - July 9, 3_58 PM - Productlevel FC.csv"
Available,010802-B150,"Chocolate Chunks - White Chocolate, 150g",Chocolate Chunks,b2b fc sep26,b2b fc,0,2026-09-01,2026-07-01,"Copy of Retail Forecast Model 12mr - 2026 - July 9, 3_58 PM - Productlevel FC.csv"
Available,010803,"Chocolate Chunks - Marbled Chocolate, 175g",Chocolate Chunks,b2b fc sep26,b2b fc,0,2026-09-01,2026-07-01,"Copy of Retail Forecast Model 12mr - 2026 - July 9, 3_58 PM - Productlevel FC.csv"
Available,010803-B150,"Chocolate Chunks - Marbled Chocolate, 150g",Chocolate Chunks,b2b fc sep26,b2b fc,0,2026-09-01,2026-07-01,"Copy of Retail Forecast Model 12mr - 2026 - July 9, 3_58 PM - Productlevel FC.csv"
Available,010804,"Chocolate Chunks - Strawberry Yoghurt Flavour, 150g",Chocolate Chunks,b2b fc sep26,b2b fc,0,2026-09-01,2026-07-01,"Copy of Retail Forecast Model 12mr - 2026 - July 9, 3_58 PM - Productlevel FC.csv"
Available,010805,"Chocolate Chunks - Milk Chocolate, 150g",Chocolate Chunks,b2b fc sep26,b2b fc,0,2026-09-01,2026-07-01,"Copy of Retail Forecast Model 12mr - 2026 - July 9, 3_58 PM - Productlevel FC.csv"
Available,010806,"Coco Chunks - White Coconut, 150g",Chocolate Chunks,b2b fc sep26,b2b fc,0,2026-09-01,2026-07-01,"Copy of Retail Forecast Model 12mr - 2026 - July 9, 3_58 PM - Productlevel FC.csv"
Available,010901,"Wafer Bar - Crazy Hazel, 30g",Wafer Bars,b2b fc sep26,b2b fc,33601,2026-09-01,2026-07-01,"Copy of Retail Forecast Model 12mr - 2026 - July 9, 3_58 PM - Productlevel FC.csv"
Available,010902,"Wafer Bar - Crazy Hazel White, 30g",Wafer Bars,b2b fc sep26,b2b fc,43318,2026-09-01,2026-07-01,"Copy of Retail Forecast Model 12mr - 2026 - July 9, 3_58 PM - Productlevel FC.csv"
Available,010903,"Wafer Bar - Crazy Pistachio, 30g",Wafer Bars,b2b fc sep26,b2b fc,35748,2026-09-01,2026-07-01,"Copy of Retail Forecast Model 12mr - 2026 - July 9, 3_58 PM - Productlevel FC.csv"
Available,010920,Wafer Bar Mix Box (12x30g),Wafer Bars,b2b fc sep26,b2b fc,0,2026-09-01,2026-07-01,"Copy of Retail Forecast Model 12mr - 2026 - July 9, 3_58 PM - Productlevel FC.csv"
Ordered,011901,"NAS Cookies - Dark Cocoa, 176g",NAS Oreos,b2b fc sep26,b2b fc,0,2026-09-01,2026-07-01,"Copy of Retail Forecast Model 12mr - 2026 - July 9, 3_58 PM - Productlevel FC.csv"
Ordered,011902,"NAS Cookies - Light Vanilla, 176g",NAS Oreos,b2b fc sep26,b2b fc,0,2026-09-01,2026-07-01,"Copy of Retail Forecast Model 12mr - 2026 - July 9, 3_58 PM - Productlevel FC.csv"
Available,020101,"ahead Crispies Paprika, 50g",Crispies,b2b fc sep26,b2b fc,38479,2026-09-01,2026-07-01,"Copy of Retail Forecast Model 12mr - 2026 - July 9, 3_58 PM - Productlevel FC.csv"
Available,020102,"ahead Crispies Cheese, 50g",Crispies,b2b fc sep26,b2b fc,41561,2026-09-01,2026-07-01,"Copy of Retail Forecast Model 12mr - 2026 - July 9, 3_58 PM - Productlevel FC.csv"
Available,020103,"ahead Crispies Sour Cream, 50g",Crispies,b2b fc sep26,b2b fc,45077,2026-09-01,2026-07-01,"Copy of Retail Forecast Model 12mr - 2026 - July 9, 3_58 PM - Productlevel FC.csv"
NPD,020106,"Protein Flips - Truffle, 50g",Crispies,b2b fc sep26,b2b fc,24352,2026-09-01,2026-07-01,"Copy of Retail Forecast Model 12mr - 2026 - July 9, 3_58 PM - Productlevel FC.csv"
NPD,020107,"Protein Flips - (Salt & Vinegar), 50g",Crispies,b2b fc sep26,b2b fc,24352,2026-09-01,2026-07-01,"Copy of Retail Forecast Model 12mr - 2026 - July 9, 3_58 PM - Productlevel FC.csv"
Available,020120,"Crispies Mix Box, 6x50g",Crispies,b2b fc sep26,b2b fc,0,2026-09-01,2026-07-01,"Copy of Retail Forecast Model 12mr - 2026 - July 9, 3_58 PM - Productlevel FC.csv"
NPD,020201,"Protein Chips - Sweet Chili, 50g",Crispies,b2b fc sep26,b2b fc,0,2026-09-01,2026-07-01,"Copy of Retail Forecast Model 12mr - 2026 - July 9, 3_58 PM - Productlevel FC.csv"
NPD,020202,"Protein Chips - BBQ, 50g",Crispies,b2b fc sep26,b2b fc,0,2026-09-01,2026-07-01,"Copy of Retail Forecast Model 12mr - 2026 - July 9, 3_58 PM - Productlevel FC.csv"
NPD,020301,"Popped Tortilla Chips - Sour Cream & Green Onion, 60g",Popped Chips,b2b fc sep26,b2b fc,0,2026-09-01,2026-07-01,"Copy of Retail Forecast Model 12mr - 2026 - July 9, 3_58 PM - Productlevel FC.csv"
NPD,020302,"Popped Tortilla Chips - Sundried Tomato & Black Olive Flavour, 60g",Popped Chips,b2b fc sep26,b2b fc,0,2026-09-01,2026-07-01,"Copy of Retail Forecast Model 12mr - 2026 - July 9, 3_58 PM - Productlevel FC.csv"
NPD,020303,"Popped Tortilla Chips - Barbecue Flavour, 60g",Popped Chips,b2b fc sep26,b2b fc,0,2026-09-01,2026-07-01,"Copy of Retail Forecast Model 12mr - 2026 - July 9, 3_58 PM - Productlevel FC.csv"
NPD,020304,"Popped Tortilla Chips - Nacho Cheese & Jalapeno, 60g",Popped Chips,b2b fc sep26,b2b fc,0,2026-09-01,2026-07-01,"Copy of Retail Forecast Model 12mr - 2026 - July 9, 3_58 PM - Productlevel FC.csv"
Available,030201,Peach Ice Tea Zero Sugar Sirup 48ml,ZeroSugar Sirup,b2b fc sep26,b2b fc,30080,2026-09-01,2026-07-01,"Copy of Retail Forecast Model 12mr - 2026 - July 9, 3_58 PM - Productlevel FC.csv"
Available,030202,Lemon Zero Sugar Sirup 48ml,ZeroSugar Sirup,b2b fc sep26,b2b fc,12487,2026-09-01,2026-07-01,"Copy of Retail Forecast Model 12mr - 2026 - July 9, 3_58 PM - Productlevel FC.csv"
Available,030203,Cherry Zero Sugar Sirup  48ml,ZeroSugar Sirup,b2b fc sep26,b2b fc,17307,2026-09-01,2026-07-01,"Copy of Retail Forecast Model 12mr - 2026 - July 9, 3_58 PM - Productlevel FC.csv"
Available,030204,Mango Passionfruit Zero Sugar Sirup 48ml,ZeroSugar Sirup,b2b fc sep26,b2b fc,23854,2026-09-01,2026-07-01,"Copy of Retail Forecast Model 12mr - 2026 - July 9, 3_58 PM - Productlevel FC.csv"
Available,030205,Apple Zero Sugar Sirup 48ml,ZeroSugar Sirup,b2b fc sep26,b2b fc,11281,2026-09-01,2026-07-01,"Copy of Retail Forecast Model 12mr - 2026 - July 9, 3_58 PM - Productlevel FC.csv"
Available,030206,Holunderblüte Zero Sugar Sirup 48ml,ZeroSugar Sirup,b2b fc sep26,b2b fc,10636,2026-09-01,2026-07-01,"Copy of Retail Forecast Model 12mr - 2026 - July 9, 3_58 PM - Productlevel FC.csv"
Available,030207,Orange Zero Sugar Sirup 48ml,ZeroSugar Sirup,b2b fc sep26,b2b fc,8693,2026-09-01,2026-07-01,"Copy of Retail Forecast Model 12mr - 2026 - July 9, 3_58 PM - Productlevel FC.csv"
Available,030208,Bitter Lemon Zero Sugar Sirup 48ml,ZeroSugar Sirup,b2b fc sep26,b2b fc,1296,2026-09-01,2026-07-01,"Copy of Retail Forecast Model 12mr - 2026 - July 9, 3_58 PM - Productlevel FC.csv"
Available,030209,Watermelon Zero Sugar Sirup 48ml,ZeroSugar Sirup,b2b fc sep26,b2b fc,12420,2026-09-01,2026-07-01,"Copy of Retail Forecast Model 12mr - 2026 - July 9, 3_58 PM - Productlevel FC.csv"
Available,030210,Lime-Mint Zero Sugar Sirup 48ml,ZeroSugar Sirup,b2b fc sep26,b2b fc,4485,2026-09-01,2026-07-01,"Copy of Retail Forecast Model 12mr - 2026 - July 9, 3_58 PM - Productlevel FC.csv"
Available,030211,Strawberry Lemonade Zero Sugar Sirup 48ml,ZeroSugar Sirup,b2b fc sep26,b2b fc,5883,2026-09-01,2026-07-01,"Copy of Retail Forecast Model 12mr - 2026 - July 9, 3_58 PM - Productlevel FC.csv"
Available,030212,Green Apple Zero Sugar Sirup 48ml,ZeroSugar Sirup,b2b fc sep26,b2b fc,4323,2026-09-01,2026-07-01,"Copy of Retail Forecast Model 12mr - 2026 - July 9, 3_58 PM - Productlevel FC.csv"
NPD,030213,Grapfruit Zero sugar Sirup 48ml,ZeroSugar Sirup,b2b fc sep26,b2b fc,5310,2026-09-01,2026-07-01,"Copy of Retail Forecast Model 12mr - 2026 - July 9, 3_58 PM - Productlevel FC.csv"
Available,030214,Waldmeister Zero Sugar 48ml,ZeroSugar Sirup,b2b fc sep26,b2b fc,5108,2026-09-01,2026-07-01,"Copy of Retail Forecast Model 12mr - 2026 - July 9, 3_58 PM - Productlevel FC.csv"
Available,030215,Caramel Zero Sugar 48ml,ZeroSugar Sirup,b2b fc sep26,b2b fc,1352,2026-09-01,2026-07-01,"Copy of Retail Forecast Model 12mr - 2026 - July 9, 3_58 PM - Productlevel FC.csv"
Available,030216,Pumpkin Spice Zero Sugar 48ml,ZeroSugar Sirup,b2b fc sep26,b2b fc,10106,2026-09-01,2026-07-01,"Copy of Retail Forecast Model 12mr - 2026 - July 9, 3_58 PM - Productlevel FC.csv"
Available,030217,Hazelnut Zero Sugar 48ml,ZeroSugar Sirup,b2b fc sep26,b2b fc,1324,2026-09-01,2026-07-01,"Copy of Retail Forecast Model 12mr - 2026 - July 9, 3_58 PM - Productlevel FC.csv"
Available,030218,Vanilla Zero Sugar 48ml,ZeroSugar Sirup,b2b fc sep26,b2b fc,1286,2026-09-01,2026-07-01,"Copy of Retail Forecast Model 12mr - 2026 - July 9, 3_58 PM - Productlevel FC.csv"
NPD,030219,Zero sugar syrup - Cassis Flavour 48ml,ZeroSugar Sirup,b2b fc sep26,b2b fc,3394,2026-09-01,2026-07-01,"Copy of Retail Forecast Model 12mr - 2026 - July 9, 3_58 PM - Productlevel FC.csv"
Available,030301,NAS Sirup - Chocolate,ZeroSugar Sirup,b2b fc sep26,b2b fc,0,2026-09-01,2026-07-01,"Copy of Retail Forecast Model 12mr - 2026 - July 9, 3_58 PM - Productlevel FC.csv"
NPD,030302,NAS Sauce - Strawberry,ZeroSugar Sirup,b2b fc sep26,b2b fc,0,2026-09-01,2026-07-01,"Copy of Retail Forecast Model 12mr - 2026 - July 9, 3_58 PM - Productlevel FC.csv"
NPD,030303,NAS Sauce - Caramel,ZeroSugar Sirup,b2b fc sep26,b2b fc,0,2026-09-01,2026-07-01,"Copy of Retail Forecast Model 12mr - 2026 - July 9, 3_58 PM - Productlevel FC.csv"
NPD,030420,"Wassereis - Mixbox 10 x 40 ml (Cherry, Peach, Waldmeister, Cola & Lemon)",Wassereis,b2b fc sep26,b2b fc,0,2026-09-01,2026-07-01,"Copy of Retail Forecast Model 12mr - 2026 - July 9, 3_58 PM - Productlevel FC.csv"
Available,040301,"Flavour Powder - Vanilla, 250g",Flavor Powder,b2b fc sep26,b2b fc,945,2026-09-01,2026-07-01,"Copy of Retail Forecast Model 12mr - 2026 - July 9, 3_58 PM - Productlevel FC.csv"
Available,040301-B,"Flavour Powder - Vanilla, Bulk",Bulk,b2b fc sep26,b2b fc,0,2026-09-01,2026-07-01,"Copy of Retail Forecast Model 12mr - 2026 - July 9, 3_58 PM - Productlevel FC.csv"
Available,040301-S,"Flavour Powder - Vanilla, Sachet",Sachet,b2b fc sep26,b2b fc,0,2026-09-01,2026-07-01,"Copy of Retail Forecast Model 12mr - 2026 - July 9, 3_58 PM - Productlevel FC.csv"
Available,040302,"Flavour Powder - Cherry, 250g",Flavor Powder,b2b fc sep26,b2b fc,347,2026-09-01,2026-07-01,"Copy of Retail Forecast Model 12mr - 2026 - July 9, 3_58 PM - Productlevel FC.csv"
Available,040302-B,"Flavour Powder - Cherry, Bulk",Bulk,b2b fc sep26,b2b fc,0,2026-09-01,2026-07-01,"Copy of Retail Forecast Model 12mr - 2026 - July 9, 3_58 PM - Productlevel FC.csv"
Available,040302-S,"Flavour Powder - Cherry, Sachet",Sachet,b2b fc sep26,b2b fc,0,2026-09-01,2026-07-01,"Copy of Retail Forecast Model 12mr - 2026 - July 9, 3_58 PM - Productlevel FC.csv"
Available,040303,"Flavour Powder - Stracciatella, 250g",Flavor Powder,b2b fc sep26,b2b fc,662,2026-09-01,2026-07-01,"Copy of Retail Forecast Model 12mr - 2026 - July 9, 3_58 PM - Productlevel FC.csv"
Available,040303-B,"Flavour Powder - Stracciatella, Bulk",Bulk,b2b fc sep26,b2b fc,0,2026-09-01,2026-07-01,"Copy of Retail Forecast Model 12mr - 2026 - July 9, 3_58 PM - Productlevel FC.csv"
Available,040303-S,"Flavour Powder - Stracciatella, Sachet",Sachet,b2b fc sep26,b2b fc,0,2026-09-01,2026-07-01,"Copy of Retail Forecast Model 12mr - 2026 - July 9, 3_58 PM - Productlevel FC.csv"
Available,040304,"Flavour Powder - Chocolate Cookie, 250g",Flavor Powder,b2b fc sep26,b2b fc,1007,2026-09-01,2026-07-01,"Copy of Retail Forecast Model 12mr - 2026 - July 9, 3_58 PM - Productlevel FC.csv"
Available,040304-B,"Flavor Powder - Chocolate Cookie, Bulk",Bulk,b2b fc sep26,b2b fc,0,2026-09-01,2026-07-01,"Copy of Retail Forecast Model 12mr - 2026 - July 9, 3_58 PM - Productlevel FC.csv"
Available,040304-S,"Flavour Powder - Chocolate Cookie, Sachet",Sachet,b2b fc sep26,b2b fc,0,2026-09-01,2026-07-01,"Copy of Retail Forecast Model 12mr - 2026 - July 9, 3_58 PM - Productlevel FC.csv"
Available,040305,"Flavour Powder - Strawberry Chocolate, 250g",Flavor Powder,b2b fc sep26,b2b fc,1085,2026-09-01,2026-07-01,"Copy of Retail Forecast Model 12mr - 2026 - July 9, 3_58 PM - Productlevel FC.csv"
Available,040305-B,"Flavour Powder - Strawberry Chocolate, Bulk",Bulk,b2b fc sep26,b2b fc,0,2026-09-01,2026-07-01,"Copy of Retail Forecast Model 12mr - 2026 - July 9, 3_58 PM - Productlevel FC.csv"
Available,040305-S,"Flavour Powder - Strawberry chocolate, Sachet",Sachet,b2b fc sep26,b2b fc,0,2026-09-01,2026-07-01,"Copy of Retail Forecast Model 12mr - 2026 - July 9, 3_58 PM - Productlevel FC.csv"
Available,040306,"Flavour Powder - Cinnamon Crunch, 250g",Flavor Powder,b2b fc sep26,b2b fc,432,2026-09-01,2026-07-01,"Copy of Retail Forecast Model 12mr - 2026 - July 9, 3_58 PM - Productlevel FC.csv"
Available,040306-B,"Flavour Powder - Cinnamon Crunch, Bulk",Bulk,b2b fc sep26,b2b fc,0,2026-09-01,2026-07-01,"Copy of Retail Forecast Model 12mr - 2026 - July 9, 3_58 PM - Productlevel FC.csv"
Available,040306-S,"Flavour Powder - Cinnamon Crunch, Sachet",Sachet,b2b fc sep26,b2b fc,0,2026-09-01,2026-07-01,"Copy of Retail Forecast Model 12mr - 2026 - July 9, 3_58 PM - Productlevel FC.csv"
Available,040307,Flavour Powder - Apfel Strudel,Flavor Powder,b2b fc sep26,b2b fc,0,2026-09-01,2026-07-01,"Copy of Retail Forecast Model 12mr - 2026 - July 9, 3_58 PM - Productlevel FC.csv"
Available,040307-1,"Flavour Powder - Apfel Strudel, 2x250g",Flavor Powder,b2b fc sep26,b2b fc,0,2026-09-01,2026-07-01,"Copy of Retail Forecast Model 12mr - 2026 - July 9, 3_58 PM - Productlevel FC.csv"
Available,040307-B,"Flavour Powder - Apfel Strudel, Bulk",Bulk,b2b fc sep26,b2b fc,0,2026-09-01,2026-07-01,"Copy of Retail Forecast Model 12mr - 2026 - July 9, 3_58 PM - Productlevel FC.csv"
Available,040307-S,"Flavour Powder - Apfelstrudel, Sachet",Sachet,b2b fc sep26,b2b fc,0,2026-09-01,2026-07-01,"Copy of Retail Forecast Model 12mr - 2026 - July 9, 3_58 PM - Productlevel FC.csv"
Available,040308,Flavour Powder - Spekulatius,Flavor Powder,b2b fc sep26,b2b fc,0,2026-09-01,2026-07-01,"Copy of Retail Forecast Model 12mr - 2026 - July 9, 3_58 PM - Productlevel FC.csv"
Available,040308-1,Flavour Powder - Spekulatius 2x250g,Flavor Powder,b2b fc sep26,b2b fc,0,2026-09-01,2026-07-01,"Copy of Retail Forecast Model 12mr - 2026 - July 9, 3_58 PM - Productlevel FC.csv"
Available,040308-B,"Flavour Powder - Spekulatius, Bulk",Bulk,b2b fc sep26,b2b fc,0,2026-09-01,2026-07-01,"Copy of Retail Forecast Model 12mr - 2026 - July 9, 3_58 PM - Productlevel FC.csv"
Available,040308-S,"Flavour Powder - Spekulatius Crunch, Sachet",Sachet,b2b fc sep26,b2b fc,0,2026-09-01,2026-07-01,"Copy of Retail Forecast Model 12mr - 2026 - July 9, 3_58 PM - Productlevel FC.csv"
Available,040320,"Flavor Powder - Mix Box, Sachets",MixBox,b2b fc sep26,b2b fc,0,2026-09-01,2026-07-01,"Copy of Retail Forecast Model 12mr - 2026 - July 9, 3_58 PM - Productlevel FC.csv"
Available,040321,B2B Sachet Mix Box,MixBox,b2b fc sep26,b2b fc,0,2026-09-01,2026-07-01,"Copy of Retail Forecast Model 12mr - 2026 - July 9, 3_58 PM - Productlevel FC.csv"
Available,040401-B,"Clear Whey - Peach Ice Tea, Bulk",Bulk,b2b fc sep26,b2b fc,0,2026-09-01,2026-07-01,"Copy of Retail Forecast Model 12mr - 2026 - July 9, 3_58 PM - Productlevel FC.csv"
Available,040401-J500,"Clear Whey - Peach Ice Tea, 500g",Clear Whey Protein Powder,b2b fc sep26,b2b fc,622,2026-09-01,2026-07-01,"Copy of Retail Forecast Model 12mr - 2026 - July 9, 3_58 PM - Productlevel FC.csv"
Available,040401-S,"Clear Whey - Peach Ice Tea, Sachet",Sachet,b2b fc sep26,b2b fc,0,2026-09-01,2026-07-01,"Copy of Retail Forecast Model 12mr - 2026 - July 9, 3_58 PM - Productlevel FC.csv"
Available,040402-B,"Clear Whey - Green Apple, Bulk",Bulk,b2b fc sep26,b2b fc,0,2026-09-01,2026-07-01,"Copy of Retail Forecast Model 12mr - 2026 - July 9, 3_58 PM - Productlevel FC.csv"
Available,040402-J500,"Clear Whey - Green Apple, 500g",Clear Whey Protein Powder,b2b fc sep26,b2b fc,451,2026-09-01,2026-07-01,"Copy of Retail Forecast Model 12mr - 2026 - July 9, 3_58 PM - Productlevel FC.csv"
Available,040402-S,"Clear Whey - Green Apple, Sachet",Sachet,b2b fc sep26,b2b fc,0,2026-09-01,2026-07-01,"Copy of Retail Forecast Model 12mr - 2026 - July 9, 3_58 PM - Productlevel FC.csv"
Available,040403-B,"Clear Whey - Lemon Ice Tea, Bulk",Bulk,b2b fc sep26,b2b fc,0,2026-09-01,2026-07-01,"Copy of Retail Forecast Model 12mr - 2026 - July 9, 3_58 PM - Productlevel FC.csv"
Available,040403-J500,"Clear Whey - Lemon Ice Tea, 500g",Clear Whey Protein Powder,b2b fc sep26,b2b fc,455,2026-09-01,2026-07-01,"Copy of Retail Forecast Model 12mr - 2026 - July 9, 3_58 PM - Productlevel FC.csv"
Available,040403-S,"Clear Whey - Lemon Ice Tea, Sachet",Sachet,b2b fc sep26,b2b fc,0,2026-09-01,2026-07-01,"Copy of Retail Forecast Model 12mr - 2026 - July 9, 3_58 PM - Productlevel FC.csv"
Available,040404-B,"Clear Whey - Orange, Bulk",Bulk,b2b fc sep26,b2b fc,0,2026-09-01,2026-07-01,"Copy of Retail Forecast Model 12mr - 2026 - July 9, 3_58 PM - Productlevel FC.csv"
Available,040404-J500,"Clear Whey - Orange, 500g",Clear Whey Protein Powder,b2b fc sep26,b2b fc,353,2026-09-01,2026-07-01,"Copy of Retail Forecast Model 12mr - 2026 - July 9, 3_58 PM - Productlevel FC.csv"
Available,040404-S,"Clear Whey - Orange, Sachet",Sachet,b2b fc sep26,b2b fc,0,2026-09-01,2026-07-01,"Copy of Retail Forecast Model 12mr - 2026 - July 9, 3_58 PM - Productlevel FC.csv"
Available,040405-B,"Clear Whey - Cherry, Bulk",Bulk,b2b fc sep26,b2b fc,0,2026-09-01,2026-07-01,"Copy of Retail Forecast Model 12mr - 2026 - July 9, 3_58 PM - Productlevel FC.csv"
Available,040405-J500,"Clear Whey - Cherry, 500g",Clear Whey Protein Powder,b2b fc sep26,b2b fc,659,2026-09-01,2026-07-01,"Copy of Retail Forecast Model 12mr - 2026 - July 9, 3_58 PM - Productlevel FC.csv"
Available,040405-S,"Clear Whey - Cherry, Sachet",Sachet,b2b fc sep26,b2b fc,0,2026-09-01,2026-07-01,"Copy of Retail Forecast Model 12mr - 2026 - July 9, 3_58 PM - Productlevel FC.csv"
Available,040406-B,"Clear Why - Apfelpunsch, Bulk",Bulk,b2b fc sep26,b2b fc,0,2026-09-01,2026-07-01,"Copy of Retail Forecast Model 12mr - 2026 - July 9, 3_58 PM - Productlevel FC.csv"
Available,040406-J500,"Clear Whey - Apfelpunsch, 500g",Clear Whey Protein Powder,b2b fc sep26,b2b fc,0,2026-09-01,2026-07-01,"Copy of Retail Forecast Model 12mr - 2026 - July 9, 3_58 PM - Productlevel FC.csv"
Available,040406-J500-1,"Clear Whey - Apfelpunsch, 2x500g",Clear Whey Protein Powder,b2b fc sep26,b2b fc,0,2026-09-01,2026-07-01,"Copy of Retail Forecast Model 12mr - 2026 - July 9, 3_58 PM - Productlevel FC.csv"
Available,040406-S,"Clear Whey - Apfelpunsh, Sachet",Sachet,b2b fc sep26,b2b fc,0,2026-09-01,2026-07-01,"Copy of Retail Forecast Model 12mr - 2026 - July 9, 3_58 PM - Productlevel FC.csv"
Available,040407-B,"Clear Whey - Winterpunsch, Bulk",Bulk,b2b fc sep26,b2b fc,0,2026-09-01,2026-07-01,"Copy of Retail Forecast Model 12mr - 2026 - July 9, 3_58 PM - Productlevel FC.csv"
Available,040407-J500,"Clear Whey - Winterpunsch, 500g",Clear Whey Protein Powder,b2b fc sep26,b2b fc,0,2026-09-01,2026-07-01,"Copy of Retail Forecast Model 12mr - 2026 - July 9, 3_58 PM - Productlevel FC.csv"
Available,040407-J500-1,"Clear Whey - Winterpunsch, 2x500g",Clear Whey Protein Powder,b2b fc sep26,b2b fc,0,2026-09-01,2026-07-01,"Copy of Retail Forecast Model 12mr - 2026 - July 9, 3_58 PM - Productlevel FC.csv"
Available,040407-S,"Clear Whey - Winterpunsch, Sachet",Sachet,b2b fc sep26,b2b fc,0,2026-09-01,2026-07-01,"Copy of Retail Forecast Model 12mr - 2026 - July 9, 3_58 PM - Productlevel FC.csv"
Available,040408-B,"Clear Protein - Mixed Berry, Bulk",Bulk,b2b fc sep26,b2b fc,0,2026-09-01,2026-07-01,"Copy of Retail Forecast Model 12mr - 2026 - July 9, 3_58 PM - Productlevel FC.csv"
Available,040408-J500,"Clear Protein - Mixed Berry, 500g",Clear Whey Protein Powder,b2b fc sep26,b2b fc,0,2026-09-01,2026-07-01,"Copy of Retail Forecast Model 12mr - 2026 - July 9, 3_58 PM - Productlevel FC.csv"
Available,040408-S,"Clear Protein - Mixed Berry, Sachet",Sachet,b2b fc sep26,b2b fc,0,2026-09-01,2026-07-01,"Copy of Retail Forecast Model 12mr - 2026 - July 9, 3_58 PM - Productlevel FC.csv"
Available,040409-B,"Clear Protein - Lemon & Lime, Bulk",Bulk,b2b fc sep26,b2b fc,0,2026-09-01,2026-07-01,"Copy of Retail Forecast Model 12mr - 2026 - July 9, 3_58 PM - Productlevel FC.csv"
Available,040409-J500,"Clear Protein - Lemon & Lime, 500g",Clear Whey Protein Powder,b2b fc sep26,b2b fc,0,2026-09-01,2026-07-01,"Copy of Retail Forecast Model 12mr - 2026 - July 9, 3_58 PM - Productlevel FC.csv"
Available,040409-S,"Clear Protein - Lemon & Lime, Sachet",Sachet,b2b fc sep26,b2b fc,0,2026-09-01,2026-07-01,"Copy of Retail Forecast Model 12mr - 2026 - July 9, 3_58 PM - Productlevel FC.csv"
NPD,040410-B,"Clear Protein - Mochito, Bulk",Bulk,b2b fc sep26,b2b fc,0,2026-09-01,2026-07-01,"Copy of Retail Forecast Model 12mr - 2026 - July 9, 3_58 PM - Productlevel FC.csv"
NPD,040410-J500,"Clear Protein - Mojito, 500g",Clear Whey Protein Powder,b2b fc sep26,b2b fc,0,2026-09-01,2026-07-01,"Copy of Retail Forecast Model 12mr - 2026 - July 9, 3_58 PM - Productlevel FC.csv"
NPD,040410-S,"Clear Protein - Mochito, Sachet",Sachet,b2b fc sep26,b2b fc,0,2026-09-01,2026-07-01,"Copy of Retail Forecast Model 12mr - 2026 - July 9, 3_58 PM - Productlevel FC.csv"
Available,040411-B,"Clear Protein - Pornstar Martini, Bulk",Bulk,b2b fc sep26,b2b fc,0,2026-09-01,2026-07-01,"Copy of Retail Forecast Model 12mr - 2026 - July 9, 3_58 PM - Productlevel FC.csv"
Available,040411-J500,"Clear Protein -  Pornstar Martini, 500g",Clear Whey Protein Powder,b2b fc sep26,b2b fc,0,2026-09-01,2026-07-01,"Copy of Retail Forecast Model 12mr - 2026 - July 9, 3_58 PM - Productlevel FC.csv"
Available,040411-S,"Clear Protein -  Pornstar Martinio, Sachet",Sachet,b2b fc sep26,b2b fc,0,2026-09-01,2026-07-01,"Copy of Retail Forecast Model 12mr - 2026 - July 9, 3_58 PM - Productlevel FC.csv"
Available,040420,"Clear Whey - Mix Box, 5x1 Sachets",MixBox,b2b fc sep26,b2b fc,0,2026-09-01,2026-07-01,"Copy of Retail Forecast Model 12mr - 2026 - July 9, 3_58 PM - Productlevel FC.csv"
Available,040501-B,"Whey - Double Chocolate, Bulk",Bulk,b2b fc sep26,b2b fc,0,2026-09-01,2026-07-01,"Copy of Retail Forecast Model 12mr - 2026 - July 9, 3_58 PM - Productlevel FC.csv"
Available,040501-J1000,"Whey - Double Chocolate, 1000g",Whey Protein Powder,b2b fc sep26,b2b fc,0,2026-09-01,2026-07-01,"Copy of Retail Forecast Model 12mr - 2026 - July 9, 3_58 PM - Productlevel FC.csv"
Available,040501-J500,"Whey - Double Chocolate, 500g",Whey Protein Powder,b2b fc sep26,b2b fc,855,2026-09-01,2026-07-01,"Copy of Retail Forecast Model 12mr - 2026 - July 9, 3_58 PM - Productlevel FC.csv"
Available,040501-S,"Whey - Double Chocolate, Sachet",Sachet,b2b fc sep26,b2b fc,0,2026-09-01,2026-07-01,"Copy of Retail Forecast Model 12mr - 2026 - July 9, 3_58 PM - Productlevel FC.csv"
Available,040502-B,"Whey - Vanilla, Bulk",Bulk,b2b fc sep26,b2b fc,0,2026-09-01,2026-07-01,"Copy of Retail Forecast Model 12mr - 2026 - July 9, 3_58 PM - Productlevel FC.csv"
Available,040502-J1000,"Whey - Vanilla, 1000g",Whey Protein Powder,b2b fc sep26,b2b fc,0,2026-09-01,2026-07-01,"Copy of Retail Forecast Model 12mr - 2026 - July 9, 3_58 PM - Productlevel FC.csv"
Available,040502-J500,"Whey - Vanilla, 500g",Whey Protein Powder,b2b fc sep26,b2b fc,888,2026-09-01,2026-07-01,"Copy of Retail Forecast Model 12mr - 2026 - July 9, 3_58 PM - Productlevel FC.csv"
Available,040502-S,"Whey - Vanilla, Sachet",Sachet,b2b fc sep26,b2b fc,0,2026-09-01,2026-07-01,"Copy of Retail Forecast Model 12mr - 2026 - July 9, 3_58 PM - Productlevel FC.csv"
Available,040503-B,"Whey - Caramel Crunch, Bulk",Bulk,b2b fc sep26,b2b fc,0,2026-09-01,2026-07-01,"Copy of Retail Forecast Model 12mr - 2026 - July 9, 3_58 PM - Productlevel FC.csv"
Available,040503-J1000,"Whey - Caramel Crunch, 1000g",Whey Protein Powder,b2b fc sep26,b2b fc,0,2026-09-01,2026-07-01,"Copy of Retail Forecast Model 12mr - 2026 - July 9, 3_58 PM - Productlevel FC.csv"
Available,040503-J500,"Whey - Caramel Crunch, 500g",Whey Protein Powder,b2b fc sep26,b2b fc,275,2026-09-01,2026-07-01,"Copy of Retail Forecast Model 12mr - 2026 - July 9, 3_58 PM - Productlevel FC.csv"
Available,040503-S,"Whey - Caramel Crunch, Sachet",Sachet,b2b fc sep26,b2b fc,0,2026-09-01,2026-07-01,"Copy of Retail Forecast Model 12mr - 2026 - July 9, 3_58 PM - Productlevel FC.csv"
Available,040504-B,"Whey - Strawberry & Cream, Bulk",Bulk,b2b fc sep26,b2b fc,0,2026-09-01,2026-07-01,"Copy of Retail Forecast Model 12mr - 2026 - July 9, 3_58 PM - Productlevel FC.csv"
Available,040504-J1000,"Whey - Strawberry & Cream, 1000g",Whey Protein Powder,b2b fc sep26,b2b fc,0,2026-09-01,2026-07-01,"Copy of Retail Forecast Model 12mr - 2026 - July 9, 3_58 PM - Productlevel FC.csv"
Available,040504-J500,"Whey - Strawberry & Cream, 500g",Whey Protein Powder,b2b fc sep26,b2b fc,679,2026-09-01,2026-07-01,"Copy of Retail Forecast Model 12mr - 2026 - July 9, 3_58 PM - Productlevel FC.csv"
Available,040504-S,"Whey - Strawberry & Cream, Sachet",Sachet,b2b fc sep26,b2b fc,0,2026-09-01,2026-07-01,"Copy of Retail Forecast Model 12mr - 2026 - July 9, 3_58 PM - Productlevel FC.csv"
Available,040505-B,"Whey - Coffee, Bulk",Bulk,b2b fc sep26,b2b fc,0,2026-09-01,2026-07-01,"Copy of Retail Forecast Model 12mr - 2026 - July 9, 3_58 PM - Productlevel FC.csv"
Available,040505-J1000,"Whey - Coffee, 1000g",Whey Protein Powder,b2b fc sep26,b2b fc,0,2026-09-01,2026-07-01,"Copy of Retail Forecast Model 12mr - 2026 - July 9, 3_58 PM - Productlevel FC.csv"
Available,040505-J500,"Whey - Coffee, 500g",Whey Protein Powder,b2b fc sep26,b2b fc,647,2026-09-01,2026-07-01,"Copy of Retail Forecast Model 12mr - 2026 - July 9, 3_58 PM - Productlevel FC.csv"
Available,040505-S,"Whey - Coffee, Sachet",Sachet,b2b fc sep26,b2b fc,0,2026-09-01,2026-07-01,"Copy of Retail Forecast Model 12mr - 2026 - July 9, 3_58 PM - Productlevel FC.csv"
Available,040506-B,"Whey - Unflavoured, Bulk",Bulk,b2b fc sep26,b2b fc,0,2026-09-01,2026-07-01,"Copy of Retail Forecast Model 12mr - 2026 - July 9, 3_58 PM - Productlevel FC.csv"
Available,040506-J1000,"Whey - unflavoured, 1000g",Whey Protein Powder,b2b fc sep26,b2b fc,0,2026-09-01,2026-07-01,"Copy of Retail Forecast Model 12mr - 2026 - July 9, 3_58 PM - Productlevel FC.csv"
Available,040506-J500,"Whey - unflavoured, 500g",Whey Protein Powder,b2b fc sep26,b2b fc,161,2026-09-01,2026-07-01,"Copy of Retail Forecast Model 12mr - 2026 - July 9, 3_58 PM - Productlevel FC.csv"
Available,040506-S,"Whey - unflavoured, Sachet",Sachet,b2b fc sep26,b2b fc,0,2026-09-01,2026-07-01,"Copy of Retail Forecast Model 12mr - 2026 - July 9, 3_58 PM - Productlevel FC.csv"
Available,040507-B,"Whey - Chai Latte, Bulk",Bulk,b2b fc sep26,b2b fc,0,2026-09-01,2026-07-01,"Copy of Retail Forecast Model 12mr - 2026 - July 9, 3_58 PM - Productlevel FC.csv"
Available,040507-J500,"Whey - Chai Latte, 500g",Whey Protein Powder,b2b fc sep26,b2b fc,163,2026-09-01,2026-07-01,"Copy of Retail Forecast Model 12mr - 2026 - July 9, 3_58 PM - Productlevel FC.csv"
Available,040507-S,"Whey - Chai Latte, Sachet",Sachet,b2b fc sep26,b2b fc,0,2026-09-01,2026-07-01,"Copy of Retail Forecast Model 12mr - 2026 - July 9, 3_58 PM - Productlevel FC.csv"
Available,040508-B,"Whey - Spekulatius, Bulk",Bulk,b2b fc sep26,b2b fc,0,2026-09-01,2026-07-01,"Copy of Retail Forecast Model 12mr - 2026 - July 9, 3_58 PM - Productlevel FC.csv"
Available,040508-J500,"Whey - Spekulatius, 500g",Whey Protein Powder,b2b fc sep26,b2b fc,0,2026-09-01,2026-07-01,"Copy of Retail Forecast Model 12mr - 2026 - July 9, 3_58 PM - Productlevel FC.csv"
Available,040508-J500-1,"Whey - Spekulatius, 2x500g",Whey Protein Powder,b2b fc sep26,b2b fc,0,2026-09-01,2026-07-01,"Copy of Retail Forecast Model 12mr - 2026 - July 9, 3_58 PM - Productlevel FC.csv"
Available,040508-S,"Whey - Spekulatius, Sachet",Sachet,b2b fc sep26,b2b fc,0,2026-09-01,2026-07-01,"Copy of Retail Forecast Model 12mr - 2026 - July 9, 3_58 PM - Productlevel FC.csv"
Available,040509-B,"Whey - Hazelnut Nougat, Bulk",Bulk,b2b fc sep26,b2b fc,0,2026-09-01,2026-07-01,"Copy of Retail Forecast Model 12mr - 2026 - July 9, 3_58 PM - Productlevel FC.csv"
Available,040509-J1000,"Whey - Hazelnut Nougat, 1000g",Whey Protein Powder,b2b fc sep26,b2b fc,0,2026-09-01,2026-07-01,"Copy of Retail Forecast Model 12mr - 2026 - July 9, 3_58 PM - Productlevel FC.csv"
Available,040509-J500,"Whey - Hazelnut Nougat, 500g",Whey Protein Powder,b2b fc sep26,b2b fc,0,2026-09-01,2026-07-01,"Copy of Retail Forecast Model 12mr - 2026 - July 9, 3_58 PM - Productlevel FC.csv"
Available,040509-S,"Whey - Hazelnut Nougat, Sachet",Sachet,b2b fc sep26,b2b fc,0,2026-09-01,2026-07-01,"Copy of Retail Forecast Model 12mr - 2026 - July 9, 3_58 PM - Productlevel FC.csv"
Available,040510-B,"Whey - Protein Sahne, Bulk",Bulk,b2b fc sep26,b2b fc,0,2026-09-01,2026-07-01,"Copy of Retail Forecast Model 12mr - 2026 - July 9, 3_58 PM - Productlevel FC.csv"
Available,040510-J1000,"Whey - Protein Sahne, 1000g",Whey Protein Powder,b2b fc sep26,b2b fc,0,2026-09-01,2026-07-01,"Copy of Retail Forecast Model 12mr - 2026 - July 9, 3_58 PM - Productlevel FC.csv"
Available,040510-J500,"Whey - Protein Sahne, 500g",Whey Protein Powder,b2b fc sep26,b2b fc,217,2026-09-01,2026-07-01,"Copy of Retail Forecast Model 12mr - 2026 - July 9, 3_58 PM - Productlevel FC.csv"
Available,040510-J500-1,"Whey - Protein Sahne, 2x500g",Whey Protein Powder,b2b fc sep26,b2b fc,0,2026-09-01,2026-07-01,"Copy of Retail Forecast Model 12mr - 2026 - July 9, 3_58 PM - Productlevel FC.csv"
Available,040510-S,"Whey - Protein Sahne, Sachet",Sachet,b2b fc sep26,b2b fc,0,2026-09-01,2026-07-01,"Copy of Retail Forecast Model 12mr - 2026 - July 9, 3_58 PM - Productlevel FC.csv"
Available,040511-B,"Whey - White Chocolate Pistachio, Bulk",Bulk,b2b fc sep26,b2b fc,0,2026-09-01,2026-07-01,"Copy of Retail Forecast Model 12mr - 2026 - July 9, 3_58 PM - Productlevel FC.csv"
Available,040511-J500,"Whey - White Chocolate Pistachio, 500g",Whey Protein Powder,b2b fc sep26,b2b fc,603,2026-09-01,2026-07-01,"Copy of Retail Forecast Model 12mr - 2026 - July 9, 3_58 PM - Productlevel FC.csv"
Available,040511-J500-1,"Whey - White Chocolate Pistachio, 2x500g",Whey Protein Powder,b2b fc sep26,b2b fc,0,2026-09-01,2026-07-01,"Copy of Retail Forecast Model 12mr - 2026 - July 9, 3_58 PM - Productlevel FC.csv"
Available,040511-S,"Whey - White Chocolate Pistachio, Sachet",Sachet,b2b fc sep26,b2b fc,0,2026-09-01,2026-07-01,"Copy of Retail Forecast Model 12mr - 2026 - July 9, 3_58 PM - Productlevel FC.csv"
Available,040512-B,"Whey Protein - Decaf Iced Coffee, Bulk",Bulk,b2b fc sep26,b2b fc,0,2026-09-01,2026-07-01,"Copy of Retail Forecast Model 12mr - 2026 - July 9, 3_58 PM - Productlevel FC.csv"
Available,040512-J500,"Whey Protein - Decaf Iced Coffee, 500g",Whey Protein Powder,b2b fc sep26,b2b fc,0,2026-09-01,2026-07-01,"Copy of Retail Forecast Model 12mr - 2026 - July 9, 3_58 PM - Productlevel FC.csv"
Available,040512-S,"Whey Protein - Decaf Iced Coffee, Sachet",Sachet,b2b fc sep26,b2b fc,0,2026-09-01,2026-07-01,"Copy of Retail Forecast Model 12mr - 2026 - July 9, 3_58 PM - Productlevel FC.csv"
Available,040513-B,"Whey Protein - Affogato, Bulk",Bulk,b2b fc sep26,b2b fc,0,2026-09-01,2026-07-01,"Copy of Retail Forecast Model 12mr - 2026 - July 9, 3_58 PM - Productlevel FC.csv"
Available,040513-J500,"Whey Protein - Affogato, 500g",Whey Protein Powder,b2b fc sep26,b2b fc,153,2026-09-01,2026-07-01,"Copy of Retail Forecast Model 12mr - 2026 - July 9, 3_58 PM - Productlevel FC.csv"
Available,040513-J500-1,"Whey Protein - Affogato, 2x500g",Whey Protein Powder,b2b fc sep26,b2b fc,0,2026-09-01,2026-07-01,"Copy of Retail Forecast Model 12mr - 2026 - July 9, 3_58 PM - Productlevel FC.csv"
Available,040513-S,"Whey Protein - Affogato, Sachet",Sachet,b2b fc sep26,b2b fc,0,2026-09-01,2026-07-01,"Copy of Retail Forecast Model 12mr - 2026 - July 9, 3_58 PM - Productlevel FC.csv"
Available,040515-B,"Whey Protein Coffee - Mocha, Bulk",Bulk,b2b fc sep26,b2b fc,0,2026-09-01,2026-07-01,"Copy of Retail Forecast Model 12mr - 2026 - July 9, 3_58 PM - Productlevel FC.csv"
Available,040515-J500,"Whey Protein Coffee - Mocha, 500g",Whey Protein Powder,b2b fc sep26,b2b fc,148,2026-09-01,2026-07-01,"Copy of Retail Forecast Model 12mr - 2026 - July 9, 3_58 PM - Productlevel FC.csv"
Available,040515-J500-1,"Whey Protein Coffee - Mocha, 2x500g",Whey Protein Powder,b2b fc sep26,b2b fc,0,2026-09-01,2026-07-01,"Copy of Retail Forecast Model 12mr - 2026 - July 9, 3_58 PM - Productlevel FC.csv"
Available,040515-S,"Whey Protein Coffee - Mocha, Sachet",Sachet,b2b fc sep26,b2b fc,0,2026-09-01,2026-07-01,"Copy of Retail Forecast Model 12mr - 2026 - July 9, 3_58 PM - Productlevel FC.csv"
Available,040517-B,"Whey Protein - Pumpkin Spice, Bulk",Whey Protein Powder,b2b fc sep26,b2b fc,0,2026-09-01,2026-07-01,"Copy of Retail Forecast Model 12mr - 2026 - July 9, 3_58 PM - Productlevel FC.csv"
Available,040517-J500,"Whey Protein - Pumpkin Spice, 500g",Whey Protein Powder,b2b fc sep26,b2b fc,0,2026-09-01,2026-07-01,"Copy of Retail Forecast Model 12mr - 2026 - July 9, 3_58 PM - Productlevel FC.csv"
Available,040517-S,"Whey Protein - Pumpkin Spice, Sachet",Sachet,b2b fc sep26,b2b fc,0,2026-09-01,2026-07-01,"Copy of Retail Forecast Model 12mr - 2026 - July 9, 3_58 PM - Productlevel FC.csv"
Ordered,040518-B,"Whey Protein - Iced Matcha Latte, Bulk",Bulk,b2b fc sep26,b2b fc,0,2026-09-01,2026-07-01,"Copy of Retail Forecast Model 12mr - 2026 - July 9, 3_58 PM - Productlevel FC.csv"
Ordered,040518-J500,"Whey Protein - Iced Matcha Latte, 500g",Whey Protein Powder,b2b fc sep26,b2b fc,697,2026-09-01,2026-07-01,"Copy of Retail Forecast Model 12mr - 2026 - July 9, 3_58 PM - Productlevel FC.csv"
Ordered,040518-S,"Whey Protein - Iced Matcha Latte, Sachet",Sachet,b2b fc sep26,b2b fc,0,2026-09-01,2026-07-01,"Copy of Retail Forecast Model 12mr - 2026 - July 9, 3_58 PM - Productlevel FC.csv"
Ordered,040519-B,"Whey Protein - Mango Matcha Latte, Bulk",Bulk,b2b fc sep26,b2b fc,0,2026-09-01,2026-07-01,"Copy of Retail Forecast Model 12mr - 2026 - July 9, 3_58 PM - Productlevel FC.csv"
Ordered,040519-J500,"Whey Protein - Mango Matcha Latte, 500g",Whey Protein Powder,b2b fc sep26,b2b fc,157,2026-09-01,2026-07-01,"Copy of Retail Forecast Model 12mr - 2026 - July 9, 3_58 PM - Productlevel FC.csv"
Ordered,040519-S,"Whey Protein - Mango Matcha Latte, Sachet",Sachet,b2b fc sep26,b2b fc,0,2026-09-01,2026-07-01,"Copy of Retail Forecast Model 12mr - 2026 - July 9, 3_58 PM - Productlevel FC.csv"
Available,040520,"Whey - MixBox, 5x1 Sachets",MixBox,b2b fc sep26,b2b fc,0,2026-09-01,2026-07-01,"Copy of Retail Forecast Model 12mr - 2026 - July 9, 3_58 PM - Productlevel FC.csv"
Ordered,040521-B,"Whey Protein - Pure/Natural Matcha Latte, Bulk",Bulk,b2b fc sep26,b2b fc,0,2026-09-01,2026-07-01,"Copy of Retail Forecast Model 12mr - 2026 - July 9, 3_58 PM - Productlevel FC.csv"
Ordered,040521-J500,"Whey Protein - Pure/Natural Matcha Latte, 500g",Whey Protein Powder,b2b fc sep26,b2b fc,0,2026-09-01,2026-07-01,"Copy of Retail Forecast Model 12mr - 2026 - July 9, 3_58 PM - Productlevel FC.csv"
Ordered,040521-S,"Whey Protein - Pure/Natural Matcha Latte, Sachet",Sachet,b2b fc sep26,b2b fc,0,2026-09-01,2026-07-01,"Copy of Retail Forecast Model 12mr - 2026 - July 9, 3_58 PM - Productlevel FC.csv"
Ordered,040522-B,"Whey Protein - Vanillekipferl, Bulk",Bulk,b2b fc sep26,b2b fc,0,2026-09-01,2026-07-01,"Copy of Retail Forecast Model 12mr - 2026 - July 9, 3_58 PM - Productlevel FC.csv"
Ordered,040522-J500,"Whey Protein - Vanillekipferl, 500g",Whey Protein Powder,b2b fc sep26,b2b fc,0,2026-09-01,2026-07-01,"Copy of Retail Forecast Model 12mr - 2026 - July 9, 3_58 PM - Productlevel FC.csv"
Ordered,040522-S,"Whey Protein - Vanillekipferl, Sachet",Sachet,b2b fc sep26,b2b fc,0,2026-09-01,2026-07-01,"Copy of Retail Forecast Model 12mr - 2026 - July 9, 3_58 PM - Productlevel FC.csv"
Available,040601-B,"Whey vegan - Stracciatella, Bulk",Bulk,b2b fc sep26,b2b fc,0,2026-09-01,2026-07-01,"Copy of Retail Forecast Model 12mr - 2026 - July 9, 3_58 PM - Productlevel FC.csv"
Available,040601-J500,"Whey vegan - Stracciatella, 500g",Vegan Protein Powder,b2b fc sep26,b2b fc,340,2026-09-01,2026-07-01,"Copy of Retail Forecast Model 12mr - 2026 - July 9, 3_58 PM - Productlevel FC.csv"
Available,040601-S,"Whey vegan - Stracciatella, Sachet",Sachet,b2b fc sep26,b2b fc,0,2026-09-01,2026-07-01,"Copy of Retail Forecast Model 12mr - 2026 - July 9, 3_58 PM - Productlevel FC.csv"
Available,040602-B,"Whey vegan - Chocolate Hazelnut, Bulk",Bulk,b2b fc sep26,b2b fc,0,2026-09-01,2026-07-01,"Copy of Retail Forecast Model 12mr - 2026 - July 9, 3_58 PM - Productlevel FC.csv"
Available,040602-J500,"Whey vegan - Chocolate Hazelnut, 500g",Vegan Protein Powder,b2b fc sep26,b2b fc,257,2026-09-01,2026-07-01,"Copy of Retail Forecast Model 12mr - 2026 - July 9, 3_58 PM - Productlevel FC.csv"
Available,040602-S,"Whey vegan - Chocolate Hazelnut, Sachet",Sachet,b2b fc sep26,b2b fc,0,2026-09-01,2026-07-01,"Copy of Retail Forecast Model 12mr - 2026 - July 9, 3_58 PM - Productlevel FC.csv"
Available,040603-B,"Whey vegan - Cinnamon Roll, Bulk",Bulk,b2b fc sep26,b2b fc,0,2026-09-01,2026-07-01,"Copy of Retail Forecast Model 12mr - 2026 - July 9, 3_58 PM - Productlevel FC.csv"
Available,040603-J500,"Whey vegan - Cinnamon Roll, 500g",Vegan Protein Powder,b2b fc sep26,b2b fc,146,2026-09-01,2026-07-01,"Copy of Retail Forecast Model 12mr - 2026 - July 9, 3_58 PM - Productlevel FC.csv"
Available,040603-J500-1,"Whey vegan - Cinnamon Roll, 2x500g",Vegan Protein Powder,b2b fc sep26,b2b fc,0,2026-09-01,2026-07-01,"Copy of Retail Forecast Model 12mr - 2026 - July 9, 3_58 PM - Productlevel FC.csv"
Available,040603-S,"Whey vegan - Cinnamon Roll, Sachet",Sachet,b2b fc sep26,b2b fc,0,2026-09-01,2026-07-01,"Copy of Retail Forecast Model 12mr - 2026 - July 9, 3_58 PM - Productlevel FC.csv"
Available,040604-B,"Whey vegan - Dark Cookie, Bulk",Bulk,b2b fc sep26,b2b fc,0,2026-09-01,2026-07-01,"Copy of Retail Forecast Model 12mr - 2026 - July 9, 3_58 PM - Productlevel FC.csv"
Available,040604-J500,"Whey vegan - Dark Cookie, 500g",Vegan Protein Powder,b2b fc sep26,b2b fc,183,2026-09-01,2026-07-01,"Copy of Retail Forecast Model 12mr - 2026 - July 9, 3_58 PM - Productlevel FC.csv"
Available,040604-J500-1,"Whey vegan - Dark Cookie, 2x500g",Vegan Protein Powder,b2b fc sep26,b2b fc,0,2026-09-01,2026-07-01,"Copy of Retail Forecast Model 12mr - 2026 - July 9, 3_58 PM - Productlevel FC.csv"
Available,040604-S,"Whey vegan - Dark Cookie, Sachet",Sachet,b2b fc sep26,b2b fc,0,2026-09-01,2026-07-01,"Copy of Retail Forecast Model 12mr - 2026 - July 9, 3_58 PM - Productlevel FC.csv"
Available,040605-B,"Vegan Protein Powder - ICED COFFEE, Bulk",Bulk,b2b fc sep26,b2b fc,0,2026-09-01,2026-07-01,"Copy of Retail Forecast Model 12mr - 2026 - July 9, 3_58 PM - Productlevel FC.csv"
Available,040605-J500,"Vegan Protein Powder - ICED COFFEE, 500g",Vegan Protein Powder,b2b fc sep26,b2b fc,0,2026-09-01,2026-07-01,"Copy of Retail Forecast Model 12mr - 2026 - July 9, 3_58 PM - Productlevel FC.csv"
Available,040605-S,"Vegan Protein Powder - ICED COFFEE, Sachet",Sachet,b2b fc sep26,b2b fc,0,2026-09-01,2026-07-01,"Copy of Retail Forecast Model 12mr - 2026 - July 9, 3_58 PM - Productlevel FC.csv"
Available,040620,"Vegan Whey - Mix Box, Sachets",MixBox,b2b fc sep26,b2b fc,0,2026-09-01,2026-07-01,"Copy of Retail Forecast Model 12mr - 2026 - July 9, 3_58 PM - Productlevel FC.csv"
Available,040801,"NAS Cacao Powder, 400g",Cacao Powder,b2b fc sep26,b2b fc,0,2026-09-01,2026-07-01,"Copy of Retail Forecast Model 12mr - 2026 - July 9, 3_58 PM - Productlevel FC.csv"
Available,040901,"Sugar Replacer, 1000g",Sugar Replacer,b2b fc sep26,b2b fc,0,2026-09-01,2026-07-01,"Copy of Retail Forecast Model 12mr - 2026 - July 9, 3_58 PM - Productlevel FC.csv"
Available,041001,NAS Götterspeise - Waldmeister,Jelly,b2b fc sep26,b2b fc,0,2026-09-01,2026-07-01,"Copy of Retail Forecast Model 12mr - 2026 - July 9, 3_58 PM - Productlevel FC.csv"
Available,041001-B,"NAS Götterspeise - Waldmeister, Bulk",Bulk,b2b fc sep26,b2b fc,0,2026-09-01,2026-07-01,"Copy of Retail Forecast Model 12mr - 2026 - July 9, 3_58 PM - Productlevel FC.csv"
Available,041001-S,"NAS Götterspeise - Waldmeister, Sachet 15g",Sachet,b2b fc sep26,b2b fc,0,2026-09-01,2026-07-01,"Copy of Retail Forecast Model 12mr - 2026 - July 9, 3_58 PM - Productlevel FC.csv"
Available,041002,NAS Götterspeise - Cherry,Jelly,b2b fc sep26,b2b fc,0,2026-09-01,2026-07-01,"Copy of Retail Forecast Model 12mr - 2026 - July 9, 3_58 PM - Productlevel FC.csv"
Available,041002-B,"NAS Götterspeise - Cherry, Bulk",Bulk,b2b fc sep26,b2b fc,0,2026-09-01,2026-07-01,"Copy of Retail Forecast Model 12mr - 2026 - July 9, 3_58 PM - Productlevel FC.csv"
Available,041002-S,"NAS Götterspeise - Cherry, Sachet 15g",Sachet,b2b fc sep26,b2b fc,0,2026-09-01,2026-07-01,"Copy of Retail Forecast Model 12mr - 2026 - July 9, 3_58 PM - Productlevel FC.csv"
Available,041003,NAS Götterspeise - Lemon,Jelly,b2b fc sep26,b2b fc,0,2026-09-01,2026-07-01,"Copy of Retail Forecast Model 12mr - 2026 - July 9, 3_58 PM - Productlevel FC.csv"
Available,041003-B,"NAS Götterspeise - Lemon, Bulk",Bulk,b2b fc sep26,b2b fc,0,2026-09-01,2026-07-01,"Copy of Retail Forecast Model 12mr - 2026 - July 9, 3_58 PM - Productlevel FC.csv"
Available,041003-S,"NAS Götterspeise - Lemon, Sachet 15g",Sachet,b2b fc sep26,b2b fc,0,2026-09-01,2026-07-01,"Copy of Retail Forecast Model 12mr - 2026 - July 9, 3_58 PM - Productlevel FC.csv"
Available,041020,NAS Götterspeise Mix Box - 6 Sachets + 6 Vanilla Sauce,Jelly,b2b fc sep26,b2b fc,0,2026-09-01,2026-07-01,"Copy of Retail Forecast Model 12mr - 2026 - July 9, 3_58 PM - Productlevel FC.csv"
Available,041101-250,"NAS Sauce - Vanilla,  250g",Vanilla Sauce,b2b fc sep26,b2b fc,0,2026-09-01,2026-07-01,"Copy of Retail Forecast Model 12mr - 2026 - July 9, 3_58 PM - Productlevel FC.csv"
Available,041101-B,"NAS Sauce - Vanilla, Bulk",Bulk,b2b fc sep26,b2b fc,0,2026-09-01,2026-07-01,"Copy of Retail Forecast Model 12mr - 2026 - July 9, 3_58 PM - Productlevel FC.csv"
Available,041101-S,"NAS Sauce - Vanilla, Sachet 25g",Sachet,b2b fc sep26,b2b fc,0,2026-09-01,2026-07-01,"Copy of Retail Forecast Model 12mr - 2026 - July 9, 3_58 PM - Productlevel FC.csv"
Available,041120,"Vanilla Sauce MixBox, 5x25g",Vanilla Sauce,b2b fc sep26,b2b fc,0,2026-09-01,2026-07-01,"Copy of Retail Forecast Model 12mr - 2026 - July 9, 3_58 PM - Productlevel FC.csv"
Available,050101,"Crazy Hazel Nougat Cream Low Sugar, 200g",Spreads,b2b fc sep26,b2b fc,47412,2026-09-01,2026-07-01,"Copy of Retail Forecast Model 12mr - 2026 - July 9, 3_58 PM - Productlevel FC.csv"
Available,050101-B,"Crazy Hazel Nougat Cream Low Sugar, Bucket 20kg",Bulk,b2b fc sep26,b2b fc,0,2026-09-01,2026-07-01,"Copy of Retail Forecast Model 12mr - 2026 - July 9, 3_58 PM - Productlevel FC.csv"
Available,050101-J350,"Crazy Hazel Nougat Cream Low Sugar, 350g",Spreads,b2b fc sep26,b2b fc,0,2026-09-01,2026-07-01,"Copy of Retail Forecast Model 12mr - 2026 - July 9, 3_58 PM - Productlevel FC.csv"
Available,050102,"Crazy Hazel vegan Nougat Cream Low Sugar, 200g",Spreads,b2b fc sep26,b2b fc,10948,2026-09-01,2026-07-01,"Copy of Retail Forecast Model 12mr - 2026 - July 9, 3_58 PM - Productlevel FC.csv"
Available,050102-B,"Crazy Hazel vegan Nougat Cream Low Sugar, Bucket 20kg",Bulk,b2b fc sep26,b2b fc,0,2026-09-01,2026-07-01,"Copy of Retail Forecast Model 12mr - 2026 - July 9, 3_58 PM - Productlevel FC.csv"
Available,050103,"Crazy Hazel White Choco Cream, 200g",Spreads,b2b fc sep26,b2b fc,55291,2026-09-01,2026-07-01,"Copy of Retail Forecast Model 12mr - 2026 - July 9, 3_58 PM - Productlevel FC.csv"
Available,050103-B,"Crazy Hazel White Choco Cream, Bucket 20kg",Bulk,b2b fc sep26,b2b fc,0,2026-09-01,2026-07-01,"Copy of Retail Forecast Model 12mr - 2026 - July 9, 3_58 PM - Productlevel FC.csv"
Available,050103-J350,"Crazy Hazel White Choco Cream, 350g",Spreads,b2b fc sep26,b2b fc,0,2026-09-01,2026-07-01,"Copy of Retail Forecast Model 12mr - 2026 - July 9, 3_58 PM - Productlevel FC.csv"
Available,050104,"Crazy Hazel White Crunchy, 200g",Spreads,b2b fc sep26,b2b fc,197,2026-09-01,2026-07-01,"Copy of Retail Forecast Model 12mr - 2026 - July 9, 3_58 PM - Productlevel FC.csv"
Available,050105,"Crazy Pistacchio, 200g",Spreads,b2b fc sep26,b2b fc,22438,2026-09-01,2026-07-01,"Copy of Retail Forecast Model 12mr - 2026 - July 9, 3_58 PM - Productlevel FC.csv"
Available,050105-B,"Crazy Pistacchio, Bucket 20kg",Bulk,b2b fc sep26,b2b fc,0,2026-09-01,2026-07-01,"Copy of Retail Forecast Model 12mr - 2026 - July 9, 3_58 PM - Productlevel FC.csv"
Available,050105-J350,"Crazy Pistacchio, 350g",Spreads,b2b fc sep26,b2b fc,0,2026-09-01,2026-07-01,"Copy of Retail Forecast Model 12mr - 2026 - July 9, 3_58 PM - Productlevel FC.csv"
Available,050106-1,"Spread Tray Bundle (Normal, White, Pistachio), 6x200g",Spreads,b2b fc sep26,b2b fc,0,2026-09-01,2026-07-01,"Copy of Retail Forecast Model 12mr - 2026 - July 9, 3_58 PM - Productlevel FC.csv"
Available,050107,"Crazy Spekulatius, 200g",Spreads,b2b fc sep26,b2b fc,0,2026-09-01,2026-07-01,"Copy of Retail Forecast Model 12mr - 2026 - July 9, 3_58 PM - Productlevel FC.csv"
Available,050108,"Crunchy Crazy Pistachio, 200g",Spreads,b2b fc sep26,b2b fc,0,2026-09-01,2026-07-01,"Copy of Retail Forecast Model 12mr - 2026 - July 9, 3_58 PM - Productlevel FC.csv"
Available,050109,"Crunchy Crazy Hazel, 200g",Spreads,b2b fc sep26,b2b fc,0,2026-09-01,2026-07-01,"Copy of Retail Forecast Model 12mr - 2026 - July 9, 3_58 PM - Productlevel FC.csv"
Available,050202,ahead Crunchies Crazy Hazel 1x 240g,Cereals,b2b fc sep26,b2b fc,6225,2026-09-01,2026-07-01,"Copy of Retail Forecast Model 12mr - 2026 - July 9, 3_58 PM - Productlevel FC.csv"
Available,050203,ahead Crunchies White Crazy Hazel 1x 240g,Cereals,b2b fc sep26,b2b fc,6700,2026-09-01,2026-07-01,"Copy of Retail Forecast Model 12mr - 2026 - July 9, 3_58 PM - Productlevel FC.csv"
NPD,050204,NAS Cereal - Cinnamon Rings/Hoops ('Cinni Minis'),Cereals,b2b fc sep26,b2b fc,4242,2026-09-01,2026-07-01,"Copy of Retail Forecast Model 12mr - 2026 - July 9, 3_58 PM - Productlevel FC.csv"
NPD,050205,NAS Cereal - Chocolate Rings/Hoops,Cereals,b2b fc sep26,b2b fc,0,2026-09-01,2026-07-01,"Copy of Retail Forecast Model 12mr - 2026 - July 9, 3_58 PM - Productlevel FC.csv"
NPD,050208,NAS/Protein Bites (Cereal) - Tutti Frutti Flavour 210g,Cereals,b2b fc sep26,b2b fc,13509,2026-09-01,2026-07-01,"Copy of Retail Forecast Model 12mr - 2026 - July 9, 3_58 PM - Productlevel FC.csv"
Available,050301,"Jam - Strawberry, 200g",Jams,b2b fc sep26,b2b fc,6610,2026-09-01,2026-07-01,"Copy of Retail Forecast Model 12mr - 2026 - July 9, 3_58 PM - Productlevel FC.csv"
Available,050302,"Jam - Raspberry, 200g",Jams,b2b fc sep26,b2b fc,5646,2026-09-01,2026-07-01,"Copy of Retail Forecast Model 12mr - 2026 - July 9, 3_58 PM - Productlevel FC.csv"
Available,050303,"Jam - Black Currant, 200g",Jams,b2b fc sep26,b2b fc,6310,2026-09-01,2026-07-01,"Copy of Retail Forecast Model 12mr - 2026 - July 9, 3_58 PM - Productlevel FC.csv"
Available,050304,"Jam - Cinnamon Plum, 200g",Jams,b2b fc sep26,b2b fc,0,2026-09-01,2026-07-01,"Copy of Retail Forecast Model 12mr - 2026 - July 9, 3_58 PM - Productlevel FC.csv"
Available,050306,"Winter Jam - Sour Cherry, 200g",Jams,b2b fc sep26,b2b fc,0,2026-09-01,2026-07-01,"Copy of Retail Forecast Model 12mr - 2026 - July 9, 3_58 PM - Productlevel FC.csv"
Available,304020,Chocolate Advent Calendar - Filled pralines (200g),,b2b fc sep26,b2b fc,0,2026-09-01,2026-07-01,"Copy of Retail Forecast Model 12mr - 2026 - July 9, 3_58 PM - Productlevel FC.csv"
Available,304080,"ahead - Partnerships, MixBox",MixBox,b2b fc sep26,b2b fc,0,2026-09-01,2026-07-01,"Copy of Retail Forecast Model 12mr - 2026 - July 9, 3_58 PM - Productlevel FC.csv"
Available,305040,"ahead - Partnerships, Gummies MixBox",MixBox,b2b fc sep26,b2b fc,0,2026-09-01,2026-07-01,"Copy of Retail Forecast Model 12mr - 2026 - July 9, 3_58 PM - Productlevel FC.csv"
Available,010102,ahead Low Sugar Chocolate Bar - Coconut Almond 35g,Chocolate Bars,b2b fc oct26,b2b fc,55492,2026-10-01,2026-08-01,"Copy of Retail Forecast Model 12mr - 2026 - August 7, 3_07 PM - Productlevel FC.csv"
Available,010103,ahead Low Sugar Chocolate Bar - Salted Peanut Caramel 35g,Chocolate Bars,b2b fc oct26,b2b fc,169746,2026-10-01,2026-08-01,"Copy of Retail Forecast Model 12mr - 2026 - August 7, 3_07 PM - Productlevel FC.csv"
Available,010104,ahead Low Sugar Chocolate Bar - Hazelnut Cacao 35g,Chocolate Bars,b2b fc oct26,b2b fc,111784,2026-10-01,2026-08-01,"Copy of Retail Forecast Model 12mr - 2026 - August 7, 3_07 PM - Productlevel FC.csv"
Available,010105,ahead Low Sugar Chocolate Bar - Crunchy Nougat 35g,Chocolate Bars,b2b fc oct26,b2b fc,44048,2026-10-01,2026-08-01,"Copy of Retail Forecast Model 12mr - 2026 - August 7, 3_07 PM - Productlevel FC.csv"
Available,010124,ahead Low Sugar Chocolate Bar - Mix Box 2.0  4x3,Chocolate Bars,b2b fc oct26,b2b fc,0,2026-10-01,2026-08-01,"Copy of Retail Forecast Model 12mr - 2026 - August 7, 3_07 PM - Productlevel FC.csv"
Available,010125,ahead Low Sugar Chocolate Bar - Mix Box 3.0 4x3,Chocolate Bars,b2b fc oct26,b2b fc,0,2026-10-01,2026-08-01,"Copy of Retail Forecast Model 12mr - 2026 - August 7, 3_07 PM - Productlevel FC.csv"
Available,010201,"Ahead Low Sugar Nut Bar - Coconut Almond, 35g",Nut Bars,b2b fc oct26,b2b fc,32780,2026-10-01,2026-08-01,"Copy of Retail Forecast Model 12mr - 2026 - August 7, 3_07 PM - Productlevel FC.csv"
Available,010202,"Ahead Low Sugar Nut Bar - Cashew Pretzel, 35g",Nut Bars,b2b fc oct26,b2b fc,78052,2026-10-01,2026-08-01,"Copy of Retail Forecast Model 12mr - 2026 - August 7, 3_07 PM - Productlevel FC.csv"
Available,010203,"Ahead Low Sugar Nut Bar - Dark & Salty, 35g",Nut Bars,b2b fc oct26,b2b fc,40258,2026-10-01,2026-08-01,"Copy of Retail Forecast Model 12mr - 2026 - August 7, 3_07 PM - Productlevel FC.csv"
Available,010220,ahead Low Sugar Nut Bar - Mix Box 3x4,Nut Bars,b2b fc oct26,b2b fc,0,2026-10-01,2026-08-01,"Copy of Retail Forecast Model 12mr - 2026 - August 7, 3_07 PM - Productlevel FC.csv"
Available,010301,"ahead Protein Bar - COOKIES & CREAM, 45g",Protein Bars,b2b fc oct26,b2b fc,68350,2026-10-01,2026-08-01,"Copy of Retail Forecast Model 12mr - 2026 - August 7, 3_07 PM - Productlevel FC.csv"
Available,010302,"ahead Protein Bar - PEANUT CARAMEL, 45g",Protein Bars,b2b fc oct26,b2b fc,64092,2026-10-01,2026-08-01,"Copy of Retail Forecast Model 12mr - 2026 - August 7, 3_07 PM - Productlevel FC.csv"
Available,010303,"ahead Protein Bar - HAZELNUT NOUGAT, 45g",Protein Bars,b2b fc oct26,b2b fc,48461,2026-10-01,2026-08-01,"Copy of Retail Forecast Model 12mr - 2026 - August 7, 3_07 PM - Productlevel FC.csv"
Available,010304,"ahead Protein Bar - COCONUT ALMOND, 45g",Protein Bars,b2b fc oct26,b2b fc,60713,2026-10-01,2026-08-01,"Copy of Retail Forecast Model 12mr - 2026 - August 7, 3_07 PM - Productlevel FC.csv"
Available,010305,"ahead Protein Bar - FUDGE CHOCOLATE BROWNIE, 45g",Protein Bars,b2b fc oct26,b2b fc,83957,2026-10-01,2026-08-01,"Copy of Retail Forecast Model 12mr - 2026 - August 7, 3_07 PM - Productlevel FC.csv"
Ordered,010306,"ahead Protein Bar - DARK CHOCOLATE RASPBERRY, 45g",Protein Bars,b2b fc oct26,b2b fc,34409,2026-10-01,2026-08-01,"Copy of Retail Forecast Model 12mr - 2026 - August 7, 3_07 PM - Productlevel FC.csv"
Available,010307,"ahead Protein Bar - LEMON CHEESECAKE , 45g",Protein Bars,b2b fc oct26,b2b fc,73882,2026-10-01,2026-08-01,"Copy of Retail Forecast Model 12mr - 2026 - August 7, 3_07 PM - Productlevel FC.csv"
Ordered,010308,"ahead Protein Bar - Strawberry Yogurt, 45g",Protein Bars,b2b fc oct26,b2b fc,36533,2026-10-01,2026-08-01,"Copy of Retail Forecast Model 12mr - 2026 - August 7, 3_07 PM - Productlevel FC.csv"
Available,010309,"ahead Protein Bar - Dominostein, 45g",Protein Bars,b2b fc oct26,b2b fc,61732,2026-10-01,2026-08-01,"Copy of Retail Forecast Model 12mr - 2026 - August 7, 3_07 PM - Productlevel FC.csv"
Available,010310,"ahead Protein Bar - Linzer Flavour, 45g",Protein Bars,b2b fc oct26,b2b fc,38366,2026-10-01,2026-08-01,"Copy of Retail Forecast Model 12mr - 2026 - August 7, 3_07 PM - Productlevel FC.csv"
NPD,010311,"ahead Protein Bar - Winter3, 45g",Protein Bars,b2b fc oct26,b2b fc,33366,2026-10-01,2026-08-01,"Copy of Retail Forecast Model 12mr - 2026 - August 7, 3_07 PM - Productlevel FC.csv"
Available,010320,Protein Mix Box - 12 Bars,Protein Bars,b2b fc oct26,b2b fc,0,2026-10-01,2026-08-01,"Copy of Retail Forecast Model 12mr - 2026 - August 7, 3_07 PM - Productlevel FC.csv"
NPD,010321,Protein MixBox - Limited Edition (6x 45g),Protein Bars,b2b fc oct26,b2b fc,0,2026-10-01,2026-08-01,"Copy of Retail Forecast Model 12mr - 2026 - August 7, 3_07 PM - Productlevel FC.csv"
Available,010401,PB Cups - Milk Chocolate 2x17g,NB Cups,b2b fc oct26,b2b fc,871,2026-10-01,2026-08-01,"Copy of Retail Forecast Model 12mr - 2026 - August 7, 3_07 PM - Productlevel FC.csv"
Available,010402,PB Cups - Dark Chocolate 2x17g,NB Cups,b2b fc oct26,b2b fc,741,2026-10-01,2026-08-01,"Copy of Retail Forecast Model 12mr - 2026 - August 7, 3_07 PM - Productlevel FC.csv"
Available,010403,PB Cups - White Chocolate 2x17g,NB Cups,b2b fc oct26,b2b fc,0,2026-10-01,2026-08-01,"Copy of Retail Forecast Model 12mr - 2026 - August 7, 3_07 PM - Productlevel FC.csv"
Available,010405,PisB Cups - White Chocolate 2x17g,NB Cups,b2b fc oct26,b2b fc,1110,2026-10-01,2026-08-01,"Copy of Retail Forecast Model 12mr - 2026 - August 7, 3_07 PM - Productlevel FC.csv"
Available,010406,Butter Cups - Milk Chocolate Lebkuchen (Gingerbread) 2x17g,NB Cups,b2b fc oct26,b2b fc,0,2026-10-01,2026-08-01,"Copy of Retail Forecast Model 12mr - 2026 - August 7, 3_07 PM - Productlevel FC.csv"
Available,010407,Butter Cups - White Chocolate Vanillekipferl 2x17g,NB Cups,b2b fc oct26,b2b fc,0,2026-10-01,2026-08-01,"Copy of Retail Forecast Model 12mr - 2026 - August 7, 3_07 PM - Productlevel FC.csv"
Available,010408,Butter Cups - Dark Chocolate Marzipan 2x17g,NB Cups,b2b fc oct26,b2b fc,0,2026-10-01,2026-08-01,"Copy of Retail Forecast Model 12mr - 2026 - August 7, 3_07 PM - Productlevel FC.csv"
Ordered,010409,Butter Cups - Pumpkin Spice 2x17g,NB Cups,b2b fc oct26,b2b fc,0,2026-10-01,2026-08-01,"Copy of Retail Forecast Model 12mr - 2026 - August 7, 3_07 PM - Productlevel FC.csv"
NPD,010410,High Protein Peanut Butter Cups with Peanut Pieces (2x34g),NB Cups,b2b fc oct26,b2b fc,40037,2026-10-01,2026-08-01,"Copy of Retail Forecast Model 12mr - 2026 - August 7, 3_07 PM - Productlevel FC.csv"
NPD,010411,High Protein Hazelnut Butter Cups with Hazelnut Pieces (2x34g),NB Cups,b2b fc oct26,b2b fc,22535,2026-10-01,2026-08-01,"Copy of Retail Forecast Model 12mr - 2026 - August 7, 3_07 PM - Productlevel FC.csv"
NPD,010412,High Protein Pistachio Butter Cups with Pistachio Pieces (2x34g),NB Cups,b2b fc oct26,b2b fc,39375,2026-10-01,2026-08-01,"Copy of Retail Forecast Model 12mr - 2026 - August 7, 3_07 PM - Productlevel FC.csv"
Available,010420,"NutButter Cups  MixBox, 10 stk",NB Cups,b2b fc oct26,b2b fc,0,2026-10-01,2026-08-01,"Copy of Retail Forecast Model 12mr - 2026 - August 7, 3_07 PM - Productlevel FC.csv"
NPD,010421,NutButter Cups  MixBox - Limited Edition (6x 34g),NB Cups,b2b fc oct26,b2b fc,0,2026-10-01,2026-08-01,"Copy of Retail Forecast Model 12mr - 2026 - August 7, 3_07 PM - Productlevel FC.csv"
Available,010501,ahead Soft Baked Cookies Box 4x40g,Cookies,b2b fc oct26,b2b fc,46003,2026-10-01,2026-08-01,"Copy of Retail Forecast Model 12mr - 2026 - August 7, 3_07 PM - Productlevel FC.csv"
NPD,010502,Soft Cookie - Chocolate Chip & Hazelnut 4x40g,Cookies,b2b fc oct26,b2b fc,3176,2026-10-01,2026-08-01,"Copy of Retail Forecast Model 12mr - 2026 - August 7, 3_07 PM - Productlevel FC.csv"
Ordered,010503,"Soft Cookie - Lebkuchen Style, 4x40g",Cookies,b2b fc oct26,b2b fc,3176,2026-10-01,2026-08-01,"Copy of Retail Forecast Model 12mr - 2026 - August 7, 3_07 PM - Productlevel FC.csv"
Available,010601,"ahead Gummies - Cola Bottles, 50g",Gummies,b2b fc oct26,b2b fc,227406,2026-10-01,2026-08-01,"Copy of Retail Forecast Model 12mr - 2026 - August 7, 3_07 PM - Productlevel FC.csv"
Available,010602,"ahead Gummies - Fluffy Hearts, 50g",Gummies,b2b fc oct26,b2b fc,230295,2026-10-01,2026-08-01,"Copy of Retail Forecast Model 12mr - 2026 - August 7, 3_07 PM - Productlevel FC.csv"
Available,010603,"ahead Gummies - Sweet Peaches, 50g",Gummies,b2b fc oct26,b2b fc,107600,2026-10-01,2026-08-01,"Copy of Retail Forecast Model 12mr - 2026 - August 7, 3_07 PM - Productlevel FC.csv"
Available,010604,"ahead Gummies - Sour Cherries, 50g",Gummies,b2b fc oct26,b2b fc,249685,2026-10-01,2026-08-01,"Copy of Retail Forecast Model 12mr - 2026 - August 7, 3_07 PM - Productlevel FC.csv"
Ordered,010605,"ahead Gummies - Vampires, 50g",Gummies,b2b fc oct26,b2b fc,87286,2026-10-01,2026-08-01,"Copy of Retail Forecast Model 12mr - 2026 - August 7, 3_07 PM - Productlevel FC.csv"
Available,010606,"ahead Gummies - Green Apples, 50g",Gummies,b2b fc oct26,b2b fc,255963,2026-10-01,2026-08-01,"Copy of Retail Forecast Model 12mr - 2026 - August 7, 3_07 PM - Productlevel FC.csv"
NPD,010607,"Gummies - Sour Worms, 50g",Gummies,b2b fc oct26,b2b fc,84217,2026-10-01,2026-08-01,"Copy of Retail Forecast Model 12mr - 2026 - August 7, 3_07 PM - Productlevel FC.csv"
NPD,010608,"Gummies - Crazy Frogs, 50g",Gummies,b2b fc oct26,b2b fc,88438,2026-10-01,2026-08-01,"Copy of Retail Forecast Model 12mr - 2026 - August 7, 3_07 PM - Productlevel FC.csv"
Ordered,010609,"Gummies - Goldbären, 50g",Gummies,b2b fc oct26,b2b fc,117081,2026-10-01,2026-08-01,"Copy of Retail Forecast Model 12mr - 2026 - August 7, 3_07 PM - Productlevel FC.csv"
Available,010610,"Gummies - Winter Friends, 50g",Gummies,b2b fc oct26,b2b fc,68938,2026-10-01,2026-08-01,"Copy of Retail Forecast Model 12mr - 2026 - August 7, 3_07 PM - Productlevel FC.csv"
Available,010611,"Gummies - Winter Magic, 50g",Gummies,b2b fc oct26,b2b fc,67938,2026-10-01,2026-08-01,"Copy of Retail Forecast Model 12mr - 2026 - August 7, 3_07 PM - Productlevel FC.csv"
Available,010612,"Gummies - Sweet Hearts, 50g",Gummies,b2b fc oct26,b2b fc,64992,2026-10-01,2026-08-01,"Copy of Retail Forecast Model 12mr - 2026 - August 7, 3_07 PM - Productlevel FC.csv"
NPD,010613,"Gummies - Sweet Champions, 50g",Gummies,b2b fc oct26,b2b fc,0,2026-10-01,2026-08-01,"Copy of Retail Forecast Model 12mr - 2026 - August 7, 3_07 PM - Productlevel FC.csv"
Available,010620,"ahead Gummies - Mix Box, 12x50g",Gummies,b2b fc oct26,b2b fc,0,2026-10-01,2026-08-01,"Copy of Retail Forecast Model 12mr - 2026 - August 7, 3_07 PM - Productlevel FC.csv"
Available,010701,"Hazelnut Crunch Caramel Bar, 38g",Caramel Bars,b2b fc oct26,b2b fc,19419,2026-10-01,2026-08-01,"Copy of Retail Forecast Model 12mr - 2026 - August 7, 3_07 PM - Productlevel FC.csv"
Available,010702,"Popcorn Crunch Caramel Bar, 38g",Caramel Bars,b2b fc oct26,b2b fc,17009,2026-10-01,2026-08-01,"Copy of Retail Forecast Model 12mr - 2026 - August 7, 3_07 PM - Productlevel FC.csv"
Ordered,010703,"Peanut Crunch Caramel Bar, 38g",Caramel Bars,b2b fc oct26,b2b fc,0,2026-10-01,2026-08-01,"Copy of Retail Forecast Model 12mr - 2026 - August 7, 3_07 PM - Productlevel FC.csv"
Available,010801,"Chocolate Chunks - Dark Chocolate, 175g",Chocolate Chunks,b2b fc oct26,b2b fc,0,2026-10-01,2026-08-01,"Copy of Retail Forecast Model 12mr - 2026 - August 7, 3_07 PM - Productlevel FC.csv"
Available,010801-B150,"Chocolate Chunks - Dark Chocolate, 150g",Chocolate Chunks,b2b fc oct26,b2b fc,0,2026-10-01,2026-08-01,"Copy of Retail Forecast Model 12mr - 2026 - August 7, 3_07 PM - Productlevel FC.csv"
Available,010802,"Chocolate Chunks - White Chocolate, 175g",Chocolate Chunks,b2b fc oct26,b2b fc,0,2026-10-01,2026-08-01,"Copy of Retail Forecast Model 12mr - 2026 - August 7, 3_07 PM - Productlevel FC.csv"
Available,010802-B150,"Chocolate Chunks - White Chocolate, 150g",Chocolate Chunks,b2b fc oct26,b2b fc,0,2026-10-01,2026-08-01,"Copy of Retail Forecast Model 12mr - 2026 - August 7, 3_07 PM - Productlevel FC.csv"
Available,010803,"Chocolate Chunks - Marbled Chocolate, 175g",Chocolate Chunks,b2b fc oct26,b2b fc,0,2026-10-01,2026-08-01,"Copy of Retail Forecast Model 12mr - 2026 - August 7, 3_07 PM - Productlevel FC.csv"
Available,010803-B150,"Chocolate Chunks - Marbled Chocolate, 150g",Chocolate Chunks,b2b fc oct26,b2b fc,0,2026-10-01,2026-08-01,"Copy of Retail Forecast Model 12mr - 2026 - August 7, 3_07 PM - Productlevel FC.csv"
Available,010804,"Chocolate Chunks - Strawberry Yoghurt Flavour, 150g",Chocolate Chunks,b2b fc oct26,b2b fc,0,2026-10-01,2026-08-01,"Copy of Retail Forecast Model 12mr - 2026 - August 7, 3_07 PM - Productlevel FC.csv"
Available,010805,"Chocolate Chunks - Milk Chocolate, 150g",Chocolate Chunks,b2b fc oct26,b2b fc,0,2026-10-01,2026-08-01,"Copy of Retail Forecast Model 12mr - 2026 - August 7, 3_07 PM - Productlevel FC.csv"
Available,010806,"Coco Chunks - White Coconut, 150g",Chocolate Chunks,b2b fc oct26,b2b fc,0,2026-10-01,2026-08-01,"Copy of Retail Forecast Model 12mr - 2026 - August 7, 3_07 PM - Productlevel FC.csv"
Available,010901,"Wafer Bar - Crazy Hazel, 30g",Wafer Bars,b2b fc oct26,b2b fc,27162,2026-10-01,2026-08-01,"Copy of Retail Forecast Model 12mr - 2026 - August 7, 3_07 PM - Productlevel FC.csv"
Available,010902,"Wafer Bar - Crazy Hazel White, 30g",Wafer Bars,b2b fc oct26,b2b fc,31912,2026-10-01,2026-08-01,"Copy of Retail Forecast Model 12mr - 2026 - August 7, 3_07 PM - Productlevel FC.csv"
Available,010903,"Wafer Bar - Crazy Pistachio, 30g",Wafer Bars,b2b fc oct26,b2b fc,28177,2026-10-01,2026-08-01,"Copy of Retail Forecast Model 12mr - 2026 - August 7, 3_07 PM - Productlevel FC.csv"
Available,010920,Wafer Bar Mix Box (12x30g),Wafer Bars,b2b fc oct26,b2b fc,0,2026-10-01,2026-08-01,"Copy of Retail Forecast Model 12mr - 2026 - August 7, 3_07 PM - Productlevel FC.csv"
Ordered,011901,"NAS Cookies - Dark Cocoa, 176g",NAS Oreos,b2b fc oct26,b2b fc,0,2026-10-01,2026-08-01,"Copy of Retail Forecast Model 12mr - 2026 - August 7, 3_07 PM - Productlevel FC.csv"
Ordered,011902,"NAS Cookies - Light Vanilla, 176g",NAS Oreos,b2b fc oct26,b2b fc,0,2026-10-01,2026-08-01,"Copy of Retail Forecast Model 12mr - 2026 - August 7, 3_07 PM - Productlevel FC.csv"
Available,020101,"ahead Crispies Paprika, 50g",Crispies,b2b fc oct26,b2b fc,33297,2026-10-01,2026-08-01,"Copy of Retail Forecast Model 12mr - 2026 - August 7, 3_07 PM - Productlevel FC.csv"
Available,020102,"ahead Crispies Cheese, 50g",Crispies,b2b fc oct26,b2b fc,30314,2026-10-01,2026-08-01,"Copy of Retail Forecast Model 12mr - 2026 - August 7, 3_07 PM - Productlevel FC.csv"
Available,020103,"ahead Crispies Sour Cream, 50g",Crispies,b2b fc oct26,b2b fc,35290,2026-10-01,2026-08-01,"Copy of Retail Forecast Model 12mr - 2026 - August 7, 3_07 PM - Productlevel FC.csv"
NPD,020106,"Protein Flips - Truffle, 50g",Crispies,b2b fc oct26,b2b fc,18399,2026-10-01,2026-08-01,"Copy of Retail Forecast Model 12mr - 2026 - August 7, 3_07 PM - Productlevel FC.csv"
NPD,020107,"Protein Flips - (Salt & Vinegar), 50g",Crispies,b2b fc oct26,b2b fc,18399,2026-10-01,2026-08-01,"Copy of Retail Forecast Model 12mr - 2026 - August 7, 3_07 PM - Productlevel FC.csv"
Available,020120,"Crispies Mix Box, 6x50g",Crispies,b2b fc oct26,b2b fc,0,2026-10-01,2026-08-01,"Copy of Retail Forecast Model 12mr - 2026 - August 7, 3_07 PM - Productlevel FC.csv"
NPD,020201,"Protein Chips - Sweet Chili, 50g",Crispies,b2b fc oct26,b2b fc,0,2026-10-01,2026-08-01,"Copy of Retail Forecast Model 12mr - 2026 - August 7, 3_07 PM - Productlevel FC.csv"
NPD,020202,"Protein Chips - BBQ, 50g",Crispies,b2b fc oct26,b2b fc,0,2026-10-01,2026-08-01,"Copy of Retail Forecast Model 12mr - 2026 - August 7, 3_07 PM - Productlevel FC.csv"
NPD,020301,"Popped Tortilla Chips - Sour Cream & Green Onion, 60g",Popped Chips,b2b fc oct26,b2b fc,0,2026-10-01,2026-08-01,"Copy of Retail Forecast Model 12mr - 2026 - August 7, 3_07 PM - Productlevel FC.csv"
NPD,020302,"Popped Tortilla Chips - Sundried Tomato & Black Olive Flavour, 60g",Popped Chips,b2b fc oct26,b2b fc,0,2026-10-01,2026-08-01,"Copy of Retail Forecast Model 12mr - 2026 - August 7, 3_07 PM - Productlevel FC.csv"
NPD,020303,"Popped Tortilla Chips - Barbecue Flavour, 60g",Popped Chips,b2b fc oct26,b2b fc,0,2026-10-01,2026-08-01,"Copy of Retail Forecast Model 12mr - 2026 - August 7, 3_07 PM - Productlevel FC.csv"
NPD,020304,"Popped Tortilla Chips - Nacho Cheese & Jalapeno, 60g",Popped Chips,b2b fc oct26,b2b fc,0,2026-10-01,2026-08-01,"Copy of Retail Forecast Model 12mr - 2026 - August 7, 3_07 PM - Productlevel FC.csv"
Available,030201,Peach Ice Tea Zero Sugar Sirup 48ml,ZeroSugar Sirup,b2b fc oct26,b2b fc,32919,2026-10-01,2026-08-01,"Copy of Retail Forecast Model 12mr - 2026 - August 7, 3_07 PM - Productlevel FC.csv"
Available,030202,Lemon Zero Sugar Sirup 48ml,ZeroSugar Sirup,b2b fc oct26,b2b fc,9334,2026-10-01,2026-08-01,"Copy of Retail Forecast Model 12mr - 2026 - August 7, 3_07 PM - Productlevel FC.csv"
Available,030203,Cherry Zero Sugar Sirup  48ml,ZeroSugar Sirup,b2b fc oct26,b2b fc,17633,2026-10-01,2026-08-01,"Copy of Retail Forecast Model 12mr - 2026 - August 7, 3_07 PM - Productlevel FC.csv"
Available,030204,Mango Passionfruit Zero Sugar Sirup 48ml,ZeroSugar Sirup,b2b fc oct26,b2b fc,33947,2026-10-01,2026-08-01,"Copy of Retail Forecast Model 12mr - 2026 - August 7, 3_07 PM - Productlevel FC.csv"
Available,030205,Apple Zero Sugar Sirup 48ml,ZeroSugar Sirup,b2b fc oct26,b2b fc,11359,2026-10-01,2026-08-01,"Copy of Retail Forecast Model 12mr - 2026 - August 7, 3_07 PM - Productlevel FC.csv"
Available,030206,Holunderblüte Zero Sugar Sirup 48ml,ZeroSugar Sirup,b2b fc oct26,b2b fc,8050,2026-10-01,2026-08-01,"Copy of Retail Forecast Model 12mr - 2026 - August 7, 3_07 PM - Productlevel FC.csv"
Available,030207,Orange Zero Sugar Sirup 48ml,ZeroSugar Sirup,b2b fc oct26,b2b fc,8718,2026-10-01,2026-08-01,"Copy of Retail Forecast Model 12mr - 2026 - August 7, 3_07 PM - Productlevel FC.csv"
Available,030208,Bitter Lemon Zero Sugar Sirup 48ml,ZeroSugar Sirup,b2b fc oct26,b2b fc,1032,2026-10-01,2026-08-01,"Copy of Retail Forecast Model 12mr - 2026 - August 7, 3_07 PM - Productlevel FC.csv"
Available,030209,Watermelon Zero Sugar Sirup 48ml,ZeroSugar Sirup,b2b fc oct26,b2b fc,12478,2026-10-01,2026-08-01,"Copy of Retail Forecast Model 12mr - 2026 - August 7, 3_07 PM - Productlevel FC.csv"
Available,030210,Lime-Mint Zero Sugar Sirup 48ml,ZeroSugar Sirup,b2b fc oct26,b2b fc,4355,2026-10-01,2026-08-01,"Copy of Retail Forecast Model 12mr - 2026 - August 7, 3_07 PM - Productlevel FC.csv"
Available,030211,Strawberry Lemonade Zero Sugar Sirup 48ml,ZeroSugar Sirup,b2b fc oct26,b2b fc,4422,2026-10-01,2026-08-01,"Copy of Retail Forecast Model 12mr - 2026 - August 7, 3_07 PM - Productlevel FC.csv"
Available,030212,Green Apple Zero Sugar Sirup 48ml,ZeroSugar Sirup,b2b fc oct26,b2b fc,3047,2026-10-01,2026-08-01,"Copy of Retail Forecast Model 12mr - 2026 - August 7, 3_07 PM - Productlevel FC.csv"
NPD,030213,Grapfruit Zero sugar Sirup 48ml,ZeroSugar Sirup,b2b fc oct26,b2b fc,19535,2026-10-01,2026-08-01,"Copy of Retail Forecast Model 12mr - 2026 - August 7, 3_07 PM - Productlevel FC.csv"
Available,030214,Waldmeister Zero Sugar 48ml,ZeroSugar Sirup,b2b fc oct26,b2b fc,5012,2026-10-01,2026-08-01,"Copy of Retail Forecast Model 12mr - 2026 - August 7, 3_07 PM - Productlevel FC.csv"
Available,030215,Caramel Zero Sugar 48ml,ZeroSugar Sirup,b2b fc oct26,b2b fc,1411,2026-10-01,2026-08-01,"Copy of Retail Forecast Model 12mr - 2026 - August 7, 3_07 PM - Productlevel FC.csv"
Available,030216,Pumpkin Spice Zero Sugar 48ml,ZeroSugar Sirup,b2b fc oct26,b2b fc,528,2026-10-01,2026-08-01,"Copy of Retail Forecast Model 12mr - 2026 - August 7, 3_07 PM - Productlevel FC.csv"
Available,030217,Hazelnut Zero Sugar 48ml,ZeroSugar Sirup,b2b fc oct26,b2b fc,1383,2026-10-01,2026-08-01,"Copy of Retail Forecast Model 12mr - 2026 - August 7, 3_07 PM - Productlevel FC.csv"
Available,030218,Vanilla Zero Sugar 48ml,ZeroSugar Sirup,b2b fc oct26,b2b fc,1344,2026-10-01,2026-08-01,"Copy of Retail Forecast Model 12mr - 2026 - August 7, 3_07 PM - Productlevel FC.csv"
NPD,030219,Zero sugar syrup - Cassis Flavour 48ml,ZeroSugar Sirup,b2b fc oct26,b2b fc,3548,2026-10-01,2026-08-01,"Copy of Retail Forecast Model 12mr - 2026 - August 7, 3_07 PM - Productlevel FC.csv"
Available,030301,NAS Sirup - Chocolate,ZeroSugar Sirup,b2b fc oct26,b2b fc,0,2026-10-01,2026-08-01,"Copy of Retail Forecast Model 12mr - 2026 - August 7, 3_07 PM - Productlevel FC.csv"
NPD,030302,NAS Sauce - Strawberry,ZeroSugar Sirup,b2b fc oct26,b2b fc,0,2026-10-01,2026-08-01,"Copy of Retail Forecast Model 12mr - 2026 - August 7, 3_07 PM - Productlevel FC.csv"
NPD,030303,NAS Sauce - Caramel,ZeroSugar Sirup,b2b fc oct26,b2b fc,0,2026-10-01,2026-08-01,"Copy of Retail Forecast Model 12mr - 2026 - August 7, 3_07 PM - Productlevel FC.csv"
NPD,030420,"Wassereis - Mixbox 10 x 40 ml (Cherry, Peach, Waldmeister, Cola & Lemon)",Wassereis,b2b fc oct26,b2b fc,0,2026-10-01,2026-08-01,"Copy of Retail Forecast Model 12mr - 2026 - August 7, 3_07 PM - Productlevel FC.csv"
Available,040301,"Flavour Powder - Vanilla, 250g",Flavor Powder,b2b fc oct26,b2b fc,981,2026-10-01,2026-08-01,"Copy of Retail Forecast Model 12mr - 2026 - August 7, 3_07 PM - Productlevel FC.csv"
Available,040301-B,"Flavour Powder - Vanilla, Bulk",Bulk,b2b fc oct26,b2b fc,0,2026-10-01,2026-08-01,"Copy of Retail Forecast Model 12mr - 2026 - August 7, 3_07 PM - Productlevel FC.csv"
Available,040301-S,"Flavour Powder - Vanilla, Sachet",Sachet,b2b fc oct26,b2b fc,0,2026-10-01,2026-08-01,"Copy of Retail Forecast Model 12mr - 2026 - August 7, 3_07 PM - Productlevel FC.csv"
Available,040302,"Flavour Powder - Cherry, 250g",Flavor Powder,b2b fc oct26,b2b fc,363,2026-10-01,2026-08-01,"Copy of Retail Forecast Model 12mr - 2026 - August 7, 3_07 PM - Productlevel FC.csv"
Available,040302-B,"Flavour Powder - Cherry, Bulk",Bulk,b2b fc oct26,b2b fc,0,2026-10-01,2026-08-01,"Copy of Retail Forecast Model 12mr - 2026 - August 7, 3_07 PM - Productlevel FC.csv"
Available,040302-S,"Flavour Powder - Cherry, Sachet",Sachet,b2b fc oct26,b2b fc,0,2026-10-01,2026-08-01,"Copy of Retail Forecast Model 12mr - 2026 - August 7, 3_07 PM - Productlevel FC.csv"
Available,040303,"Flavour Powder - Stracciatella, 250g",Flavor Powder,b2b fc oct26,b2b fc,691,2026-10-01,2026-08-01,"Copy of Retail Forecast Model 12mr - 2026 - August 7, 3_07 PM - Productlevel FC.csv"
Available,040303-B,"Flavour Powder - Stracciatella, Bulk",Bulk,b2b fc oct26,b2b fc,0,2026-10-01,2026-08-01,"Copy of Retail Forecast Model 12mr - 2026 - August 7, 3_07 PM - Productlevel FC.csv"
Available,040303-S,"Flavour Powder - Stracciatella, Sachet",Sachet,b2b fc oct26,b2b fc,0,2026-10-01,2026-08-01,"Copy of Retail Forecast Model 12mr - 2026 - August 7, 3_07 PM - Productlevel FC.csv"
Available,040304,"Flavour Powder - Chocolate Cookie, 250g",Flavor Powder,b2b fc oct26,b2b fc,1050,2026-10-01,2026-08-01,"Copy of Retail Forecast Model 12mr - 2026 - August 7, 3_07 PM - Productlevel FC.csv"
Available,040304-B,"Flavor Powder - Chocolate Cookie, Bulk",Bulk,b2b fc oct26,b2b fc,0,2026-10-01,2026-08-01,"Copy of Retail Forecast Model 12mr - 2026 - August 7, 3_07 PM - Productlevel FC.csv"
Available,040304-S,"Flavour Powder - Chocolate Cookie, Sachet",Sachet,b2b fc oct26,b2b fc,0,2026-10-01,2026-08-01,"Copy of Retail Forecast Model 12mr - 2026 - August 7, 3_07 PM - Productlevel FC.csv"
Available,040305,"Flavour Powder - Strawberry Chocolate, 250g",Flavor Powder,b2b fc oct26,b2b fc,1127,2026-10-01,2026-08-01,"Copy of Retail Forecast Model 12mr - 2026 - August 7, 3_07 PM - Productlevel FC.csv"
Available,040305-B,"Flavour Powder - Strawberry Chocolate, Bulk",Bulk,b2b fc oct26,b2b fc,0,2026-10-01,2026-08-01,"Copy of Retail Forecast Model 12mr - 2026 - August 7, 3_07 PM - Productlevel FC.csv"
Available,040305-S,"Flavour Powder - Strawberry chocolate, Sachet",Sachet,b2b fc oct26,b2b fc,0,2026-10-01,2026-08-01,"Copy of Retail Forecast Model 12mr - 2026 - August 7, 3_07 PM - Productlevel FC.csv"
Available,040306,"Flavour Powder - Cinnamon Crunch, 250g",Flavor Powder,b2b fc oct26,b2b fc,450,2026-10-01,2026-08-01,"Copy of Retail Forecast Model 12mr - 2026 - August 7, 3_07 PM - Productlevel FC.csv"
Available,040306-B,"Flavour Powder - Cinnamon Crunch, Bulk",Bulk,b2b fc oct26,b2b fc,0,2026-10-01,2026-08-01,"Copy of Retail Forecast Model 12mr - 2026 - August 7, 3_07 PM - Productlevel FC.csv"
Available,040306-S,"Flavour Powder - Cinnamon Crunch, Sachet",Sachet,b2b fc oct26,b2b fc,0,2026-10-01,2026-08-01,"Copy of Retail Forecast Model 12mr - 2026 - August 7, 3_07 PM - Productlevel FC.csv"
Available,040307,Flavour Powder - Apfel Strudel,Flavor Powder,b2b fc oct26,b2b fc,0,2026-10-01,2026-08-01,"Copy of Retail Forecast Model 12mr - 2026 - August 7, 3_07 PM - Productlevel FC.csv"
Available,040307-1,"Flavour Powder - Apfel Strudel, 2x250g",Flavor Powder,b2b fc oct26,b2b fc,0,2026-10-01,2026-08-01,"Copy of Retail Forecast Model 12mr - 2026 - August 7, 3_07 PM - Productlevel FC.csv"
Available,040307-B,"Flavour Powder - Apfel Strudel, Bulk",Bulk,b2b fc oct26,b2b fc,0,2026-10-01,2026-08-01,"Copy of Retail Forecast Model 12mr - 2026 - August 7, 3_07 PM - Productlevel FC.csv"
Available,040307-S,"Flavour Powder - Apfelstrudel, Sachet",Sachet,b2b fc oct26,b2b fc,0,2026-10-01,2026-08-01,"Copy of Retail Forecast Model 12mr - 2026 - August 7, 3_07 PM - Productlevel FC.csv"
Available,040308,Flavour Powder - Spekulatius,Flavor Powder,b2b fc oct26,b2b fc,0,2026-10-01,2026-08-01,"Copy of Retail Forecast Model 12mr - 2026 - August 7, 3_07 PM - Productlevel FC.csv"
Available,040308-1,Flavour Powder - Spekulatius 2x250g,Flavor Powder,b2b fc oct26,b2b fc,0,2026-10-01,2026-08-01,"Copy of Retail Forecast Model 12mr - 2026 - August 7, 3_07 PM - Productlevel FC.csv"
Available,040308-B,"Flavour Powder - Spekulatius, Bulk",Bulk,b2b fc oct26,b2b fc,0,2026-10-01,2026-08-01,"Copy of Retail Forecast Model 12mr - 2026 - August 7, 3_07 PM - Productlevel FC.csv"
Available,040308-S,"Flavour Powder - Spekulatius Crunch, Sachet",Sachet,b2b fc oct26,b2b fc,0,2026-10-01,2026-08-01,"Copy of Retail Forecast Model 12mr - 2026 - August 7, 3_07 PM - Productlevel FC.csv"
Available,040320,"Flavor Powder - Mix Box, Sachets",MixBox,b2b fc oct26,b2b fc,0,2026-10-01,2026-08-01,"Copy of Retail Forecast Model 12mr - 2026 - August 7, 3_07 PM - Productlevel FC.csv"
Available,040321,B2B Sachet Mix Box,MixBox,b2b fc oct26,b2b fc,0,2026-10-01,2026-08-01,"Copy of Retail Forecast Model 12mr - 2026 - August 7, 3_07 PM - Productlevel FC.csv"
Available,040401-B,"Clear Whey - Peach Ice Tea, Bulk",Bulk,b2b fc oct26,b2b fc,0,2026-10-01,2026-08-01,"Copy of Retail Forecast Model 12mr - 2026 - August 7, 3_07 PM - Productlevel FC.csv"
Available,040401-J500,"Clear Whey - Peach Ice Tea, 500g",Clear Whey Protein Powder,b2b fc oct26,b2b fc,848,2026-10-01,2026-08-01,"Copy of Retail Forecast Model 12mr - 2026 - August 7, 3_07 PM - Productlevel FC.csv"
Available,040401-S,"Clear Whey - Peach Ice Tea, Sachet",Sachet,b2b fc oct26,b2b fc,0,2026-10-01,2026-08-01,"Copy of Retail Forecast Model 12mr - 2026 - August 7, 3_07 PM - Productlevel FC.csv"
Available,040402-B,"Clear Whey - Green Apple, Bulk",Bulk,b2b fc oct26,b2b fc,0,2026-10-01,2026-08-01,"Copy of Retail Forecast Model 12mr - 2026 - August 7, 3_07 PM - Productlevel FC.csv"
Available,040402-J500,"Clear Whey - Green Apple, 500g",Clear Whey Protein Powder,b2b fc oct26,b2b fc,470,2026-10-01,2026-08-01,"Copy of Retail Forecast Model 12mr - 2026 - August 7, 3_07 PM - Productlevel FC.csv"
Available,040402-S,"Clear Whey - Green Apple, Sachet",Sachet,b2b fc oct26,b2b fc,0,2026-10-01,2026-08-01,"Copy of Retail Forecast Model 12mr - 2026 - August 7, 3_07 PM - Productlevel FC.csv"
Available,040403-B,"Clear Whey - Lemon Ice Tea, Bulk",Bulk,b2b fc oct26,b2b fc,0,2026-10-01,2026-08-01,"Copy of Retail Forecast Model 12mr - 2026 - August 7, 3_07 PM - Productlevel FC.csv"
Available,040403-J500,"Clear Whey - Lemon Ice Tea, 500g",Clear Whey Protein Powder,b2b fc oct26,b2b fc,357,2026-10-01,2026-08-01,"Copy of Retail Forecast Model 12mr - 2026 - August 7, 3_07 PM - Productlevel FC.csv"
Available,040403-S,"Clear Whey - Lemon Ice Tea, Sachet",Sachet,b2b fc oct26,b2b fc,0,2026-10-01,2026-08-01,"Copy of Retail Forecast Model 12mr - 2026 - August 7, 3_07 PM - Productlevel FC.csv"
Available,040404-B,"Clear Whey - Orange, Bulk",Bulk,b2b fc oct26,b2b fc,0,2026-10-01,2026-08-01,"Copy of Retail Forecast Model 12mr - 2026 - August 7, 3_07 PM - Productlevel FC.csv"
Available,040404-J500,"Clear Whey - Orange, 500g",Clear Whey Protein Powder,b2b fc oct26,b2b fc,1013,2026-10-01,2026-08-01,"Copy of Retail Forecast Model 12mr - 2026 - August 7, 3_07 PM - Productlevel FC.csv"
Available,040404-S,"Clear Whey - Orange, Sachet",Sachet,b2b fc oct26,b2b fc,0,2026-10-01,2026-08-01,"Copy of Retail Forecast Model 12mr - 2026 - August 7, 3_07 PM - Productlevel FC.csv"
Available,040405-B,"Clear Whey - Cherry, Bulk",Bulk,b2b fc oct26,b2b fc,0,2026-10-01,2026-08-01,"Copy of Retail Forecast Model 12mr - 2026 - August 7, 3_07 PM - Productlevel FC.csv"
Available,040405-J500,"Clear Whey - Cherry, 500g",Clear Whey Protein Powder,b2b fc oct26,b2b fc,798,2026-10-01,2026-08-01,"Copy of Retail Forecast Model 12mr - 2026 - August 7, 3_07 PM - Productlevel FC.csv"
Available,040405-S,"Clear Whey - Cherry, Sachet",Sachet,b2b fc oct26,b2b fc,0,2026-10-01,2026-08-01,"Copy of Retail Forecast Model 12mr - 2026 - August 7, 3_07 PM - Productlevel FC.csv"
Available,040406-B,"Clear Why - Apfelpunsch, Bulk",Bulk,b2b fc oct26,b2b fc,0,2026-10-01,2026-08-01,"Copy of Retail Forecast Model 12mr - 2026 - August 7, 3_07 PM - Productlevel FC.csv"
Available,040406-J500,"Clear Whey - Apfelpunsch, 500g",Clear Whey Protein Powder,b2b fc oct26,b2b fc,0,2026-10-01,2026-08-01,"Copy of Retail Forecast Model 12mr - 2026 - August 7, 3_07 PM - Productlevel FC.csv"
Available,040406-J500-1,"Clear Whey - Apfelpunsch, 2x500g",Clear Whey Protein Powder,b2b fc oct26,b2b fc,0,2026-10-01,2026-08-01,"Copy of Retail Forecast Model 12mr - 2026 - August 7, 3_07 PM - Productlevel FC.csv"
Available,040406-S,"Clear Whey - Apfelpunsh, Sachet",Sachet,b2b fc oct26,b2b fc,0,2026-10-01,2026-08-01,"Copy of Retail Forecast Model 12mr - 2026 - August 7, 3_07 PM - Productlevel FC.csv"
Available,040407-B,"Clear Whey - Winterpunsch, Bulk",Bulk,b2b fc oct26,b2b fc,0,2026-10-01,2026-08-01,"Copy of Retail Forecast Model 12mr - 2026 - August 7, 3_07 PM - Productlevel FC.csv"
Available,040407-J500,"Clear Whey - Winterpunsch, 500g",Clear Whey Protein Powder,b2b fc oct26,b2b fc,0,2026-10-01,2026-08-01,"Copy of Retail Forecast Model 12mr - 2026 - August 7, 3_07 PM - Productlevel FC.csv"
Available,040407-J500-1,"Clear Whey - Winterpunsch, 2x500g",Clear Whey Protein Powder,b2b fc oct26,b2b fc,0,2026-10-01,2026-08-01,"Copy of Retail Forecast Model 12mr - 2026 - August 7, 3_07 PM - Productlevel FC.csv"
Available,040407-S,"Clear Whey - Winterpunsch, Sachet",Sachet,b2b fc oct26,b2b fc,0,2026-10-01,2026-08-01,"Copy of Retail Forecast Model 12mr - 2026 - August 7, 3_07 PM - Productlevel FC.csv"
Available,040408-B,"Clear Protein - Mixed Berry, Bulk",Bulk,b2b fc oct26,b2b fc,0,2026-10-01,2026-08-01,"Copy of Retail Forecast Model 12mr - 2026 - August 7, 3_07 PM - Productlevel FC.csv"
Available,040408-J500,"Clear Protein - Mixed Berry, 500g",Clear Whey Protein Powder,b2b fc oct26,b2b fc,0,2026-10-01,2026-08-01,"Copy of Retail Forecast Model 12mr - 2026 - August 7, 3_07 PM - Productlevel FC.csv"
Available,040408-S,"Clear Protein - Mixed Berry, Sachet",Sachet,b2b fc oct26,b2b fc,0,2026-10-01,2026-08-01,"Copy of Retail Forecast Model 12mr - 2026 - August 7, 3_07 PM - Productlevel FC.csv"
Available,040409-B,"Clear Protein - Lemon & Lime, Bulk",Bulk,b2b fc oct26,b2b fc,0,2026-10-01,2026-08-01,"Copy of Retail Forecast Model 12mr - 2026 - August 7, 3_07 PM - Productlevel FC.csv"
Available,040409-J500,"Clear Protein - Lemon & Lime, 500g",Clear Whey Protein Powder,b2b fc oct26,b2b fc,0,2026-10-01,2026-08-01,"Copy of Retail Forecast Model 12mr - 2026 - August 7, 3_07 PM - Productlevel FC.csv"
Available,040409-S,"Clear Protein - Lemon & Lime, Sachet",Sachet,b2b fc oct26,b2b fc,0,2026-10-01,2026-08-01,"Copy of Retail Forecast Model 12mr - 2026 - August 7, 3_07 PM - Productlevel FC.csv"
NPD,040410-B,"Clear Protein - Mochito, Bulk",Bulk,b2b fc oct26,b2b fc,0,2026-10-01,2026-08-01,"Copy of Retail Forecast Model 12mr - 2026 - August 7, 3_07 PM - Productlevel FC.csv"
NPD,040410-J500,"Clear Protein - Mojito, 500g",Clear Whey Protein Powder,b2b fc oct26,b2b fc,0,2026-10-01,2026-08-01,"Copy of Retail Forecast Model 12mr - 2026 - August 7, 3_07 PM - Productlevel FC.csv"
NPD,040410-S,"Clear Protein - Mochito, Sachet",Sachet,b2b fc oct26,b2b fc,0,2026-10-01,2026-08-01,"Copy of Retail Forecast Model 12mr - 2026 - August 7, 3_07 PM - Productlevel FC.csv"
Available,040411-B,"Clear Protein - Pornstar Martini, Bulk",Bulk,b2b fc oct26,b2b fc,0,2026-10-01,2026-08-01,"Copy of Retail Forecast Model 12mr - 2026 - August 7, 3_07 PM - Productlevel FC.csv"
Available,040411-J500,"Clear Protein -  Pornstar Martini, 500g",Clear Whey Protein Powder,b2b fc oct26,b2b fc,0,2026-10-01,2026-08-01,"Copy of Retail Forecast Model 12mr - 2026 - August 7, 3_07 PM - Productlevel FC.csv"
Available,040411-S,"Clear Protein -  Pornstar Martinio, Sachet",Sachet,b2b fc oct26,b2b fc,0,2026-10-01,2026-08-01,"Copy of Retail Forecast Model 12mr - 2026 - August 7, 3_07 PM - Productlevel FC.csv"
Available,040420,"Clear Whey - Mix Box, 5x1 Sachets",MixBox,b2b fc oct26,b2b fc,0,2026-10-01,2026-08-01,"Copy of Retail Forecast Model 12mr - 2026 - August 7, 3_07 PM - Productlevel FC.csv"
Available,040501-B,"Whey - Double Chocolate, Bulk",Bulk,b2b fc oct26,b2b fc,0,2026-10-01,2026-08-01,"Copy of Retail Forecast Model 12mr - 2026 - August 7, 3_07 PM - Productlevel FC.csv"
Available,040501-J1000,"Whey - Double Chocolate, 1000g",Whey Protein Powder,b2b fc oct26,b2b fc,0,2026-10-01,2026-08-01,"Copy of Retail Forecast Model 12mr - 2026 - August 7, 3_07 PM - Productlevel FC.csv"
Available,040501-J500,"Whey - Double Chocolate, 500g",Whey Protein Powder,b2b fc oct26,b2b fc,4298,2026-10-01,2026-08-01,"Copy of Retail Forecast Model 12mr - 2026 - August 7, 3_07 PM - Productlevel FC.csv"
Available,040501-S,"Whey - Double Chocolate, Sachet",Sachet,b2b fc oct26,b2b fc,0,2026-10-01,2026-08-01,"Copy of Retail Forecast Model 12mr - 2026 - August 7, 3_07 PM - Productlevel FC.csv"
Available,040502-B,"Whey - Vanilla, Bulk",Bulk,b2b fc oct26,b2b fc,0,2026-10-01,2026-08-01,"Copy of Retail Forecast Model 12mr - 2026 - August 7, 3_07 PM - Productlevel FC.csv"
Available,040502-J1000,"Whey - Vanilla, 1000g",Whey Protein Powder,b2b fc oct26,b2b fc,0,2026-10-01,2026-08-01,"Copy of Retail Forecast Model 12mr - 2026 - August 7, 3_07 PM - Productlevel FC.csv"
Available,040502-J500,"Whey - Vanilla, 500g",Whey Protein Powder,b2b fc oct26,b2b fc,909,2026-10-01,2026-08-01,"Copy of Retail Forecast Model 12mr - 2026 - August 7, 3_07 PM - Productlevel FC.csv"
Available,040502-S,"Whey - Vanilla, Sachet",Sachet,b2b fc oct26,b2b fc,0,2026-10-01,2026-08-01,"Copy of Retail Forecast Model 12mr - 2026 - August 7, 3_07 PM - Productlevel FC.csv"
Available,040503-B,"Whey - Caramel Crunch, Bulk",Bulk,b2b fc oct26,b2b fc,0,2026-10-01,2026-08-01,"Copy of Retail Forecast Model 12mr - 2026 - August 7, 3_07 PM - Productlevel FC.csv"
Available,040503-J1000,"Whey - Caramel Crunch, 1000g",Whey Protein Powder,b2b fc oct26,b2b fc,0,2026-10-01,2026-08-01,"Copy of Retail Forecast Model 12mr - 2026 - August 7, 3_07 PM - Productlevel FC.csv"
Available,040503-J500,"Whey - Caramel Crunch, 500g",Whey Protein Powder,b2b fc oct26,b2b fc,286,2026-10-01,2026-08-01,"Copy of Retail Forecast Model 12mr - 2026 - August 7, 3_07 PM - Productlevel FC.csv"
Available,040503-S,"Whey - Caramel Crunch, Sachet",Sachet,b2b fc oct26,b2b fc,0,2026-10-01,2026-08-01,"Copy of Retail Forecast Model 12mr - 2026 - August 7, 3_07 PM - Productlevel FC.csv"
Available,040504-B,"Whey - Strawberry & Cream, Bulk",Bulk,b2b fc oct26,b2b fc,0,2026-10-01,2026-08-01,"Copy of Retail Forecast Model 12mr - 2026 - August 7, 3_07 PM - Productlevel FC.csv"
Available,040504-J1000,"Whey - Strawberry & Cream, 1000g",Whey Protein Powder,b2b fc oct26,b2b fc,0,2026-10-01,2026-08-01,"Copy of Retail Forecast Model 12mr - 2026 - August 7, 3_07 PM - Productlevel FC.csv"
Available,040504-J500,"Whey - Strawberry & Cream, 500g",Whey Protein Powder,b2b fc oct26,b2b fc,3140,2026-10-01,2026-08-01,"Copy of Retail Forecast Model 12mr - 2026 - August 7, 3_07 PM - Productlevel FC.csv"
Available,040504-S,"Whey - Strawberry & Cream, Sachet",Sachet,b2b fc oct26,b2b fc,0,2026-10-01,2026-08-01,"Copy of Retail Forecast Model 12mr - 2026 - August 7, 3_07 PM - Productlevel FC.csv"
Available,040505-B,"Whey - Coffee, Bulk",Bulk,b2b fc oct26,b2b fc,0,2026-10-01,2026-08-01,"Copy of Retail Forecast Model 12mr - 2026 - August 7, 3_07 PM - Productlevel FC.csv"
Available,040505-J1000,"Whey - Coffee, 1000g",Whey Protein Powder,b2b fc oct26,b2b fc,0,2026-10-01,2026-08-01,"Copy of Retail Forecast Model 12mr - 2026 - August 7, 3_07 PM - Productlevel FC.csv"
Available,040505-J500,"Whey - Coffee, 500g",Whey Protein Powder,b2b fc oct26,b2b fc,824,2026-10-01,2026-08-01,"Copy of Retail Forecast Model 12mr - 2026 - August 7, 3_07 PM - Productlevel FC.csv"
Available,040505-S,"Whey - Coffee, Sachet",Sachet,b2b fc oct26,b2b fc,0,2026-10-01,2026-08-01,"Copy of Retail Forecast Model 12mr - 2026 - August 7, 3_07 PM - Productlevel FC.csv"
Available,040506-B,"Whey - Unflavoured, Bulk",Bulk,b2b fc oct26,b2b fc,0,2026-10-01,2026-08-01,"Copy of Retail Forecast Model 12mr - 2026 - August 7, 3_07 PM - Productlevel FC.csv"
Available,040506-J1000,"Whey - unflavoured, 1000g",Whey Protein Powder,b2b fc oct26,b2b fc,0,2026-10-01,2026-08-01,"Copy of Retail Forecast Model 12mr - 2026 - August 7, 3_07 PM - Productlevel FC.csv"
Available,040506-J500,"Whey - unflavoured, 500g",Whey Protein Powder,b2b fc oct26,b2b fc,167,2026-10-01,2026-08-01,"Copy of Retail Forecast Model 12mr - 2026 - August 7, 3_07 PM - Productlevel FC.csv"
Available,040506-S,"Whey - unflavoured, Sachet",Sachet,b2b fc oct26,b2b fc,0,2026-10-01,2026-08-01,"Copy of Retail Forecast Model 12mr - 2026 - August 7, 3_07 PM - Productlevel FC.csv"
Available,040507-B,"Whey - Chai Latte, Bulk",Bulk,b2b fc oct26,b2b fc,0,2026-10-01,2026-08-01,"Copy of Retail Forecast Model 12mr - 2026 - August 7, 3_07 PM - Productlevel FC.csv"
Available,040507-J500,"Whey - Chai Latte, 500g",Whey Protein Powder,b2b fc oct26,b2b fc,169,2026-10-01,2026-08-01,"Copy of Retail Forecast Model 12mr - 2026 - August 7, 3_07 PM - Productlevel FC.csv"
Available,040507-S,"Whey - Chai Latte, Sachet",Sachet,b2b fc oct26,b2b fc,0,2026-10-01,2026-08-01,"Copy of Retail Forecast Model 12mr - 2026 - August 7, 3_07 PM - Productlevel FC.csv"
Available,040508-B,"Whey - Spekulatius, Bulk",Bulk,b2b fc oct26,b2b fc,0,2026-10-01,2026-08-01,"Copy of Retail Forecast Model 12mr - 2026 - August 7, 3_07 PM - Productlevel FC.csv"
Available,040508-J500,"Whey - Spekulatius, 500g",Whey Protein Powder,b2b fc oct26,b2b fc,0,2026-10-01,2026-08-01,"Copy of Retail Forecast Model 12mr - 2026 - August 7, 3_07 PM - Productlevel FC.csv"
Available,040508-J500-1,"Whey - Spekulatius, 2x500g",Whey Protein Powder,b2b fc oct26,b2b fc,0,2026-10-01,2026-08-01,"Copy of Retail Forecast Model 12mr - 2026 - August 7, 3_07 PM - Productlevel FC.csv"
Available,040508-S,"Whey - Spekulatius, Sachet",Sachet,b2b fc oct26,b2b fc,0,2026-10-01,2026-08-01,"Copy of Retail Forecast Model 12mr - 2026 - August 7, 3_07 PM - Productlevel FC.csv"
Available,040509-B,"Whey - Hazelnut Nougat, Bulk",Bulk,b2b fc oct26,b2b fc,0,2026-10-01,2026-08-01,"Copy of Retail Forecast Model 12mr - 2026 - August 7, 3_07 PM - Productlevel FC.csv"
Available,040509-J1000,"Whey - Hazelnut Nougat, 1000g",Whey Protein Powder,b2b fc oct26,b2b fc,0,2026-10-01,2026-08-01,"Copy of Retail Forecast Model 12mr - 2026 - August 7, 3_07 PM - Productlevel FC.csv"
Available,040509-J500,"Whey - Hazelnut Nougat, 500g",Whey Protein Powder,b2b fc oct26,b2b fc,0,2026-10-01,2026-08-01,"Copy of Retail Forecast Model 12mr - 2026 - August 7, 3_07 PM - Productlevel FC.csv"
Available,040509-S,"Whey - Hazelnut Nougat, Sachet",Sachet,b2b fc oct26,b2b fc,0,2026-10-01,2026-08-01,"Copy of Retail Forecast Model 12mr - 2026 - August 7, 3_07 PM - Productlevel FC.csv"
Available,040510-B,"Whey - Protein Sahne, Bulk",Bulk,b2b fc oct26,b2b fc,0,2026-10-01,2026-08-01,"Copy of Retail Forecast Model 12mr - 2026 - August 7, 3_07 PM - Productlevel FC.csv"
Available,040510-J1000,"Whey - Protein Sahne, 1000g",Whey Protein Powder,b2b fc oct26,b2b fc,0,2026-10-01,2026-08-01,"Copy of Retail Forecast Model 12mr - 2026 - August 7, 3_07 PM - Productlevel FC.csv"
Available,040510-J500,"Whey - Protein Sahne, 500g",Whey Protein Powder,b2b fc oct26,b2b fc,226,2026-10-01,2026-08-01,"Copy of Retail Forecast Model 12mr - 2026 - August 7, 3_07 PM - Productlevel FC.csv"
Available,040510-J500-1,"Whey - Protein Sahne, 2x500g",Whey Protein Powder,b2b fc oct26,b2b fc,0,2026-10-01,2026-08-01,"Copy of Retail Forecast Model 12mr - 2026 - August 7, 3_07 PM - Productlevel FC.csv"
Available,040510-S,"Whey - Protein Sahne, Sachet",Sachet,b2b fc oct26,b2b fc,0,2026-10-01,2026-08-01,"Copy of Retail Forecast Model 12mr - 2026 - August 7, 3_07 PM - Productlevel FC.csv"
Available,040511-B,"Whey - White Chocolate Pistachio, Bulk",Bulk,b2b fc oct26,b2b fc,0,2026-10-01,2026-08-01,"Copy of Retail Forecast Model 12mr - 2026 - August 7, 3_07 PM - Productlevel FC.csv"
Available,040511-J500,"Whey - White Chocolate Pistachio, 500g",Whey Protein Powder,b2b fc oct26,b2b fc,619,2026-10-01,2026-08-01,"Copy of Retail Forecast Model 12mr - 2026 - August 7, 3_07 PM - Productlevel FC.csv"
Available,040511-J500-1,"Whey - White Chocolate Pistachio, 2x500g",Whey Protein Powder,b2b fc oct26,b2b fc,0,2026-10-01,2026-08-01,"Copy of Retail Forecast Model 12mr - 2026 - August 7, 3_07 PM - Productlevel FC.csv"
Available,040511-S,"Whey - White Chocolate Pistachio, Sachet",Sachet,b2b fc oct26,b2b fc,0,2026-10-01,2026-08-01,"Copy of Retail Forecast Model 12mr - 2026 - August 7, 3_07 PM - Productlevel FC.csv"
Available,040512-B,"Whey Protein - Decaf Iced Coffee, Bulk",Bulk,b2b fc oct26,b2b fc,0,2026-10-01,2026-08-01,"Copy of Retail Forecast Model 12mr - 2026 - August 7, 3_07 PM - Productlevel FC.csv"
Available,040512-J500,"Whey Protein - Decaf Iced Coffee, 500g",Whey Protein Powder,b2b fc oct26,b2b fc,0,2026-10-01,2026-08-01,"Copy of Retail Forecast Model 12mr - 2026 - August 7, 3_07 PM - Productlevel FC.csv"
Available,040512-S,"Whey Protein - Decaf Iced Coffee, Sachet",Sachet,b2b fc oct26,b2b fc,0,2026-10-01,2026-08-01,"Copy of Retail Forecast Model 12mr - 2026 - August 7, 3_07 PM - Productlevel FC.csv"
Available,040513-B,"Whey Protein - Affogato, Bulk",Bulk,b2b fc oct26,b2b fc,0,2026-10-01,2026-08-01,"Copy of Retail Forecast Model 12mr - 2026 - August 7, 3_07 PM - Productlevel FC.csv"
Available,040513-J500,"Whey Protein - Affogato, 500g",Whey Protein Powder,b2b fc oct26,b2b fc,185,2026-10-01,2026-08-01,"Copy of Retail Forecast Model 12mr - 2026 - August 7, 3_07 PM - Productlevel FC.csv"
Available,040513-J500-1,"Whey Protein - Affogato, 2x500g",Whey Protein Powder,b2b fc oct26,b2b fc,0,2026-10-01,2026-08-01,"Copy of Retail Forecast Model 12mr - 2026 - August 7, 3_07 PM - Productlevel FC.csv"
Available,040513-S,"Whey Protein - Affogato, Sachet",Sachet,b2b fc oct26,b2b fc,0,2026-10-01,2026-08-01,"Copy of Retail Forecast Model 12mr - 2026 - August 7, 3_07 PM - Productlevel FC.csv"
Available,040515-B,"Whey Protein Coffee - Mocha, Bulk",Bulk,b2b fc oct26,b2b fc,0,2026-10-01,2026-08-01,"Copy of Retail Forecast Model 12mr - 2026 - August 7, 3_07 PM - Productlevel FC.csv"
Available,040515-J500,"Whey Protein Coffee - Mocha, 500g",Whey Protein Powder,b2b fc oct26,b2b fc,152,2026-10-01,2026-08-01,"Copy of Retail Forecast Model 12mr - 2026 - August 7, 3_07 PM - Productlevel FC.csv"
Available,040515-J500-1,"Whey Protein Coffee - Mocha, 2x500g",Whey Protein Powder,b2b fc oct26,b2b fc,0,2026-10-01,2026-08-01,"Copy of Retail Forecast Model 12mr - 2026 - August 7, 3_07 PM - Productlevel FC.csv"
Available,040515-S,"Whey Protein Coffee - Mocha, Sachet",Sachet,b2b fc oct26,b2b fc,0,2026-10-01,2026-08-01,"Copy of Retail Forecast Model 12mr - 2026 - August 7, 3_07 PM - Productlevel FC.csv"
Available,040517-B,"Whey Protein - Pumpkin Spice, Bulk",Whey Protein Powder,b2b fc oct26,b2b fc,0,2026-10-01,2026-08-01,"Copy of Retail Forecast Model 12mr - 2026 - August 7, 3_07 PM - Productlevel FC.csv"
Available,040517-J500,"Whey Protein - Pumpkin Spice, 500g",Whey Protein Powder,b2b fc oct26,b2b fc,0,2026-10-01,2026-08-01,"Copy of Retail Forecast Model 12mr - 2026 - August 7, 3_07 PM - Productlevel FC.csv"
Available,040517-S,"Whey Protein - Pumpkin Spice, Sachet",Sachet,b2b fc oct26,b2b fc,0,2026-10-01,2026-08-01,"Copy of Retail Forecast Model 12mr - 2026 - August 7, 3_07 PM - Productlevel FC.csv"
Ordered,040518-B,"Whey Protein - Iced Matcha Latte, Bulk",Bulk,b2b fc oct26,b2b fc,0,2026-10-01,2026-08-01,"Copy of Retail Forecast Model 12mr - 2026 - August 7, 3_07 PM - Productlevel FC.csv"
Ordered,040518-J500,"Whey Protein - Iced Matcha Latte, 500g",Whey Protein Powder,b2b fc oct26,b2b fc,3460,2026-10-01,2026-08-01,"Copy of Retail Forecast Model 12mr - 2026 - August 7, 3_07 PM - Productlevel FC.csv"
Ordered,040518-S,"Whey Protein - Iced Matcha Latte, Sachet",Sachet,b2b fc oct26,b2b fc,0,2026-10-01,2026-08-01,"Copy of Retail Forecast Model 12mr - 2026 - August 7, 3_07 PM - Productlevel FC.csv"
Ordered,040519-B,"Whey Protein - Mango Matcha Latte, Bulk",Bulk,b2b fc oct26,b2b fc,0,2026-10-01,2026-08-01,"Copy of Retail Forecast Model 12mr - 2026 - August 7, 3_07 PM - Productlevel FC.csv"
Ordered,040519-J500,"Whey Protein - Mango Matcha Latte, 500g",Whey Protein Powder,b2b fc oct26,b2b fc,121,2026-10-01,2026-08-01,"Copy of Retail Forecast Model 12mr - 2026 - August 7, 3_07 PM - Productlevel FC.csv"
Ordered,040519-S,"Whey Protein - Mango Matcha Latte, Sachet",Sachet,b2b fc oct26,b2b fc,0,2026-10-01,2026-08-01,"Copy of Retail Forecast Model 12mr - 2026 - August 7, 3_07 PM - Productlevel FC.csv"
Available,040520,"Whey - MixBox, 5x1 Sachets",MixBox,b2b fc oct26,b2b fc,0,2026-10-01,2026-08-01,"Copy of Retail Forecast Model 12mr - 2026 - August 7, 3_07 PM - Productlevel FC.csv"
Ordered,040521-B,"Whey Protein - Pure/Natural Matcha Latte, Bulk",Bulk,b2b fc oct26,b2b fc,0,2026-10-01,2026-08-01,"Copy of Retail Forecast Model 12mr - 2026 - August 7, 3_07 PM - Productlevel FC.csv"
Ordered,040521-J500,"Whey Protein - Pure/Natural Matcha Latte, 500g",Whey Protein Powder,b2b fc oct26,b2b fc,0,2026-10-01,2026-08-01,"Copy of Retail Forecast Model 12mr - 2026 - August 7, 3_07 PM - Productlevel FC.csv"
Ordered,040521-S,"Whey Protein - Pure/Natural Matcha Latte, Sachet",Sachet,b2b fc oct26,b2b fc,0,2026-10-01,2026-08-01,"Copy of Retail Forecast Model 12mr - 2026 - August 7, 3_07 PM - Productlevel FC.csv"
Ordered,040522-B,"Whey Protein - Vanillekipferl, Bulk",Bulk,b2b fc oct26,b2b fc,0,2026-10-01,2026-08-01,"Copy of Retail Forecast Model 12mr - 2026 - August 7, 3_07 PM - Productlevel FC.csv"
Ordered,040522-J500,"Whey Protein - Vanillekipferl, 500g",Whey Protein Powder,b2b fc oct26,b2b fc,0,2026-10-01,2026-08-01,"Copy of Retail Forecast Model 12mr - 2026 - August 7, 3_07 PM - Productlevel FC.csv"
Ordered,040522-S,"Whey Protein - Vanillekipferl, Sachet",Sachet,b2b fc oct26,b2b fc,0,2026-10-01,2026-08-01,"Copy of Retail Forecast Model 12mr - 2026 - August 7, 3_07 PM - Productlevel FC.csv"
Available,040601-B,"Whey vegan - Stracciatella, Bulk",Bulk,b2b fc oct26,b2b fc,0,2026-10-01,2026-08-01,"Copy of Retail Forecast Model 12mr - 2026 - August 7, 3_07 PM - Productlevel FC.csv"
Available,040601-J500,"Whey vegan - Stracciatella, 500g",Vegan Protein Powder,b2b fc oct26,b2b fc,355,2026-10-01,2026-08-01,"Copy of Retail Forecast Model 12mr - 2026 - August 7, 3_07 PM - Productlevel FC.csv"
Available,040601-S,"Whey vegan - Stracciatella, Sachet",Sachet,b2b fc oct26,b2b fc,0,2026-10-01,2026-08-01,"Copy of Retail Forecast Model 12mr - 2026 - August 7, 3_07 PM - Productlevel FC.csv"
Available,040602-B,"Whey vegan - Chocolate Hazelnut, Bulk",Bulk,b2b fc oct26,b2b fc,0,2026-10-01,2026-08-01,"Copy of Retail Forecast Model 12mr - 2026 - August 7, 3_07 PM - Productlevel FC.csv"
Available,040602-J500,"Whey vegan - Chocolate Hazelnut, 500g",Vegan Protein Powder,b2b fc oct26,b2b fc,269,2026-10-01,2026-08-01,"Copy of Retail Forecast Model 12mr - 2026 - August 7, 3_07 PM - Productlevel FC.csv"
Available,040602-S,"Whey vegan - Chocolate Hazelnut, Sachet",Sachet,b2b fc oct26,b2b fc,0,2026-10-01,2026-08-01,"Copy of Retail Forecast Model 12mr - 2026 - August 7, 3_07 PM - Productlevel FC.csv"
Available,040603-B,"Whey vegan - Cinnamon Roll, Bulk",Bulk,b2b fc oct26,b2b fc,0,2026-10-01,2026-08-01,"Copy of Retail Forecast Model 12mr - 2026 - August 7, 3_07 PM - Productlevel FC.csv"
Available,040603-J500,"Whey vegan - Cinnamon Roll, 500g",Vegan Protein Powder,b2b fc oct26,b2b fc,152,2026-10-01,2026-08-01,"Copy of Retail Forecast Model 12mr - 2026 - August 7, 3_07 PM - Productlevel FC.csv"
Available,040603-J500-1,"Whey vegan - Cinnamon Roll, 2x500g",Vegan Protein Powder,b2b fc oct26,b2b fc,0,2026-10-01,2026-08-01,"Copy of Retail Forecast Model 12mr - 2026 - August 7, 3_07 PM - Productlevel FC.csv"
Available,040603-S,"Whey vegan - Cinnamon Roll, Sachet",Sachet,b2b fc oct26,b2b fc,0,2026-10-01,2026-08-01,"Copy of Retail Forecast Model 12mr - 2026 - August 7, 3_07 PM - Productlevel FC.csv"
Available,040604-B,"Whey vegan - Dark Cookie, Bulk",Bulk,b2b fc oct26,b2b fc,0,2026-10-01,2026-08-01,"Copy of Retail Forecast Model 12mr - 2026 - August 7, 3_07 PM - Productlevel FC.csv"
Available,040604-J500,"Whey vegan - Dark Cookie, 500g",Vegan Protein Powder,b2b fc oct26,b2b fc,191,2026-10-01,2026-08-01,"Copy of Retail Forecast Model 12mr - 2026 - August 7, 3_07 PM - Productlevel FC.csv"
Available,040604-J500-1,"Whey vegan - Dark Cookie, 2x500g",Vegan Protein Powder,b2b fc oct26,b2b fc,0,2026-10-01,2026-08-01,"Copy of Retail Forecast Model 12mr - 2026 - August 7, 3_07 PM - Productlevel FC.csv"
Available,040604-S,"Whey vegan - Dark Cookie, Sachet",Sachet,b2b fc oct26,b2b fc,0,2026-10-01,2026-08-01,"Copy of Retail Forecast Model 12mr - 2026 - August 7, 3_07 PM - Productlevel FC.csv"
Available,040605-B,"Vegan Protein Powder - ICED COFFEE, Bulk",Bulk,b2b fc oct26,b2b fc,0,2026-10-01,2026-08-01,"Copy of Retail Forecast Model 12mr - 2026 - August 7, 3_07 PM - Productlevel FC.csv"
Available,040605-J500,"Vegan Protein Powder - ICED COFFEE, 500g",Vegan Protein Powder,b2b fc oct26,b2b fc,0,2026-10-01,2026-08-01,"Copy of Retail Forecast Model 12mr - 2026 - August 7, 3_07 PM - Productlevel FC.csv"
Available,040605-S,"Vegan Protein Powder - ICED COFFEE, Sachet",Sachet,b2b fc oct26,b2b fc,0,2026-10-01,2026-08-01,"Copy of Retail Forecast Model 12mr - 2026 - August 7, 3_07 PM - Productlevel FC.csv"
Available,040620,"Vegan Whey - Mix Box, Sachets",MixBox,b2b fc oct26,b2b fc,0,2026-10-01,2026-08-01,"Copy of Retail Forecast Model 12mr - 2026 - August 7, 3_07 PM - Productlevel FC.csv"
Available,040801,"NAS Cacao Powder, 400g",Cacao Powder,b2b fc oct26,b2b fc,0,2026-10-01,2026-08-01,"Copy of Retail Forecast Model 12mr - 2026 - August 7, 3_07 PM - Productlevel FC.csv"
Available,040901,"Sugar Replacer, 1000g",Sugar Replacer,b2b fc oct26,b2b fc,0,2026-10-01,2026-08-01,"Copy of Retail Forecast Model 12mr - 2026 - August 7, 3_07 PM - Productlevel FC.csv"
Available,041001,NAS Götterspeise - Waldmeister,Jelly,b2b fc oct26,b2b fc,0,2026-10-01,2026-08-01,"Copy of Retail Forecast Model 12mr - 2026 - August 7, 3_07 PM - Productlevel FC.csv"
Available,041001-B,"NAS Götterspeise - Waldmeister, Bulk",Bulk,b2b fc oct26,b2b fc,0,2026-10-01,2026-08-01,"Copy of Retail Forecast Model 12mr - 2026 - August 7, 3_07 PM - Productlevel FC.csv"
Available,041001-S,"NAS Götterspeise - Waldmeister, Sachet 15g",Sachet,b2b fc oct26,b2b fc,0,2026-10-01,2026-08-01,"Copy of Retail Forecast Model 12mr - 2026 - August 7, 3_07 PM - Productlevel FC.csv"
Available,041002,NAS Götterspeise - Cherry,Jelly,b2b fc oct26,b2b fc,0,2026-10-01,2026-08-01,"Copy of Retail Forecast Model 12mr - 2026 - August 7, 3_07 PM - Productlevel FC.csv"
Available,041002-B,"NAS Götterspeise - Cherry, Bulk",Bulk,b2b fc oct26,b2b fc,0,2026-10-01,2026-08-01,"Copy of Retail Forecast Model 12mr - 2026 - August 7, 3_07 PM - Productlevel FC.csv"
Available,041002-S,"NAS Götterspeise - Cherry, Sachet 15g",Sachet,b2b fc oct26,b2b fc,0,2026-10-01,2026-08-01,"Copy of Retail Forecast Model 12mr - 2026 - August 7, 3_07 PM - Productlevel FC.csv"
Available,041003,NAS Götterspeise - Lemon,Jelly,b2b fc oct26,b2b fc,0,2026-10-01,2026-08-01,"Copy of Retail Forecast Model 12mr - 2026 - August 7, 3_07 PM - Productlevel FC.csv"
Available,041003-B,"NAS Götterspeise - Lemon, Bulk",Bulk,b2b fc oct26,b2b fc,0,2026-10-01,2026-08-01,"Copy of Retail Forecast Model 12mr - 2026 - August 7, 3_07 PM - Productlevel FC.csv"
Available,041003-S,"NAS Götterspeise - Lemon, Sachet 15g",Sachet,b2b fc oct26,b2b fc,0,2026-10-01,2026-08-01,"Copy of Retail Forecast Model 12mr - 2026 - August 7, 3_07 PM - Productlevel FC.csv"
Available,041020,NAS Götterspeise Mix Box - 6 Sachets + 6 Vanilla Sauce,Jelly,b2b fc oct26,b2b fc,0,2026-10-01,2026-08-01,"Copy of Retail Forecast Model 12mr - 2026 - August 7, 3_07 PM - Productlevel FC.csv"
Available,041101-250,"NAS Sauce - Vanilla,  250g",Vanilla Sauce,b2b fc oct26,b2b fc,0,2026-10-01,2026-08-01,"Copy of Retail Forecast Model 12mr - 2026 - August 7, 3_07 PM - Productlevel FC.csv"
Available,041101-B,"NAS Sauce - Vanilla, Bulk",Bulk,b2b fc oct26,b2b fc,0,2026-10-01,2026-08-01,"Copy of Retail Forecast Model 12mr - 2026 - August 7, 3_07 PM - Productlevel FC.csv"
Available,041101-S,"NAS Sauce - Vanilla, Sachet 25g",Sachet,b2b fc oct26,b2b fc,0,2026-10-01,2026-08-01,"Copy of Retail Forecast Model 12mr - 2026 - August 7, 3_07 PM - Productlevel FC.csv"
Available,041120,"Vanilla Sauce MixBox, 5x25g",Vanilla Sauce,b2b fc oct26,b2b fc,0,2026-10-01,2026-08-01,"Copy of Retail Forecast Model 12mr - 2026 - August 7, 3_07 PM - Productlevel FC.csv"
Available,050101,"Crazy Hazel Nougat Cream Low Sugar, 200g",Spreads,b2b fc oct26,b2b fc,44760,2026-10-01,2026-08-01,"Copy of Retail Forecast Model 12mr - 2026 - August 7, 3_07 PM - Productlevel FC.csv"
Available,050101-B,"Crazy Hazel Nougat Cream Low Sugar, Bucket 20kg",Bulk,b2b fc oct26,b2b fc,0,2026-10-01,2026-08-01,"Copy of Retail Forecast Model 12mr - 2026 - August 7, 3_07 PM - Productlevel FC.csv"
Available,050101-J350,"Crazy Hazel Nougat Cream Low Sugar, 350g",Spreads,b2b fc oct26,b2b fc,0,2026-10-01,2026-08-01,"Copy of Retail Forecast Model 12mr - 2026 - August 7, 3_07 PM - Productlevel FC.csv"
Available,050102,"Crazy Hazel vegan Nougat Cream Low Sugar, 200g",Spreads,b2b fc oct26,b2b fc,8877,2026-10-01,2026-08-01,"Copy of Retail Forecast Model 12mr - 2026 - August 7, 3_07 PM - Productlevel FC.csv"
Available,050102-B,"Crazy Hazel vegan Nougat Cream Low Sugar, Bucket 20kg",Bulk,b2b fc oct26,b2b fc,0,2026-10-01,2026-08-01,"Copy of Retail Forecast Model 12mr - 2026 - August 7, 3_07 PM - Productlevel FC.csv"
Available,050103,"Crazy Hazel White Choco Cream, 200g",Spreads,b2b fc oct26,b2b fc,54898,2026-10-01,2026-08-01,"Copy of Retail Forecast Model 12mr - 2026 - August 7, 3_07 PM - Productlevel FC.csv"
Available,050103-B,"Crazy Hazel White Choco Cream, Bucket 20kg",Bulk,b2b fc oct26,b2b fc,0,2026-10-01,2026-08-01,"Copy of Retail Forecast Model 12mr - 2026 - August 7, 3_07 PM - Productlevel FC.csv"
Available,050103-J350,"Crazy Hazel White Choco Cream, 350g",Spreads,b2b fc oct26,b2b fc,0,2026-10-01,2026-08-01,"Copy of Retail Forecast Model 12mr - 2026 - August 7, 3_07 PM - Productlevel FC.csv"
Available,050104,"Crazy Hazel White Crunchy, 200g",Spreads,b2b fc oct26,b2b fc,197,2026-10-01,2026-08-01,"Copy of Retail Forecast Model 12mr - 2026 - August 7, 3_07 PM - Productlevel FC.csv"
Available,050105,"Crazy Pistacchio, 200g",Spreads,b2b fc oct26,b2b fc,20692,2026-10-01,2026-08-01,"Copy of Retail Forecast Model 12mr - 2026 - August 7, 3_07 PM - Productlevel FC.csv"
Available,050105-B,"Crazy Pistacchio, Bucket 20kg",Bulk,b2b fc oct26,b2b fc,0,2026-10-01,2026-08-01,"Copy of Retail Forecast Model 12mr - 2026 - August 7, 3_07 PM - Productlevel FC.csv"
Available,050105-J350,"Crazy Pistacchio, 350g",Spreads,b2b fc oct26,b2b fc,0,2026-10-01,2026-08-01,"Copy of Retail Forecast Model 12mr - 2026 - August 7, 3_07 PM - Productlevel FC.csv"
Available,050106-1,"Spread Tray Bundle (Normal, White, Pistachio), 6x200g",Spreads,b2b fc oct26,b2b fc,0,2026-10-01,2026-08-01,"Copy of Retail Forecast Model 12mr - 2026 - August 7, 3_07 PM - Productlevel FC.csv"
Available,050107,"Crazy Spekulatius, 200g",Spreads,b2b fc oct26,b2b fc,0,2026-10-01,2026-08-01,"Copy of Retail Forecast Model 12mr - 2026 - August 7, 3_07 PM - Productlevel FC.csv"
Available,050108,"Crunchy Crazy Pistachio, 200g",Spreads,b2b fc oct26,b2b fc,0,2026-10-01,2026-08-01,"Copy of Retail Forecast Model 12mr - 2026 - August 7, 3_07 PM - Productlevel FC.csv"
Available,050109,"Crunchy Crazy Hazel, 200g",Spreads,b2b fc oct26,b2b fc,0,2026-10-01,2026-08-01,"Copy of Retail Forecast Model 12mr - 2026 - August 7, 3_07 PM - Productlevel FC.csv"
Available,050202,ahead Crunchies Crazy Hazel 1x 240g,Cereals,b2b fc oct26,b2b fc,5263,2026-10-01,2026-08-01,"Copy of Retail Forecast Model 12mr - 2026 - August 7, 3_07 PM - Productlevel FC.csv"
Available,050203,ahead Crunchies White Crazy Hazel 1x 240g,Cereals,b2b fc oct26,b2b fc,5685,2026-10-01,2026-08-01,"Copy of Retail Forecast Model 12mr - 2026 - August 7, 3_07 PM - Productlevel FC.csv"
NPD,050204,NAS Cereal - Cinnamon Rings/Hoops ('Cinni Minis'),Cereals,b2b fc oct26,b2b fc,1957,2026-10-01,2026-08-01,"Copy of Retail Forecast Model 12mr - 2026 - August 7, 3_07 PM - Productlevel FC.csv"
NPD,050205,NAS Cereal - Chocolate Rings/Hoops,Cereals,b2b fc oct26,b2b fc,0,2026-10-01,2026-08-01,"Copy of Retail Forecast Model 12mr - 2026 - August 7, 3_07 PM - Productlevel FC.csv"
NPD,050208,NAS/Protein Bites (Cereal) - Tutti Frutti Flavour 210g,Cereals,b2b fc oct26,b2b fc,11344,2026-10-01,2026-08-01,"Copy of Retail Forecast Model 12mr - 2026 - August 7, 3_07 PM - Productlevel FC.csv"
Available,050301,"Jam - Strawberry, 200g",Jams,b2b fc oct26,b2b fc,6784,2026-10-01,2026-08-01,"Copy of Retail Forecast Model 12mr - 2026 - August 7, 3_07 PM - Productlevel FC.csv"
Available,050302,"Jam - Raspberry, 200g",Jams,b2b fc oct26,b2b fc,4791,2026-10-01,2026-08-01,"Copy of Retail Forecast Model 12mr - 2026 - August 7, 3_07 PM - Productlevel FC.csv"
Available,050303,"Jam - Black Currant, 200g",Jams,b2b fc oct26,b2b fc,6452,2026-10-01,2026-08-01,"Copy of Retail Forecast Model 12mr - 2026 - August 7, 3_07 PM - Productlevel FC.csv"
Available,050304,"Jam - Cinnamon Plum, 200g",Jams,b2b fc oct26,b2b fc,0,2026-10-01,2026-08-01,"Copy of Retail Forecast Model 12mr - 2026 - August 7, 3_07 PM - Productlevel FC.csv"
Available,050306,"Winter Jam - Sour Cherry, 200g",Jams,b2b fc oct26,b2b fc,0,2026-10-01,2026-08-01,"Copy of Retail Forecast Model 12mr - 2026 - August 7, 3_07 PM - Productlevel FC.csv"
Available,304020,"Chocolate Advent Calendar, Filled Pralines, 200g",Kalender,b2b fc oct26,b2b fc,0,2026-10-01,2026-08-01,"Copy of Retail Forecast Model 12mr - 2026 - August 7, 3_07 PM - Productlevel FC.csv"
Available,304080,"ahead - Partnerships, MixBox",MixBox,b2b fc oct26,b2b fc,0,2026-10-01,2026-08-01,"Copy of Retail Forecast Model 12mr - 2026 - August 7, 3_07 PM - Productlevel FC.csv"
Available,305040,"ahead - Partnerships, Gummies MixBox",MixBox,b2b fc oct26,b2b fc,0,2026-10-01,2026-08-01,"Copy of Retail Forecast Model 12mr - 2026 - August 7, 3_07 PM - Productlevel FC.csv"
Available,010102,ahead Low Sugar Chocolate Bar - Coconut Almond 35g,Chocolate Bars,b2b fc nov26,b2b fc,54755,2026-11-01,2026-09-01,"Copy of Retail Forecast Model 12mr - 2026 - September 9, 2_15 PM - Productlevel FC.csv"
Available,010103,ahead Low Sugar Chocolate Bar - Salted Peanut Caramel 35g,Chocolate Bars,b2b fc nov26,b2b fc,160706,2026-11-01,2026-09-01,"Copy of Retail Forecast Model 12mr - 2026 - September 9, 2_15 PM - Productlevel FC.csv"
Available,010104,ahead Low Sugar Chocolate Bar - Hazelnut Cacao 35g,Chocolate Bars,b2b fc nov26,b2b fc,106806,2026-11-01,2026-09-01,"Copy of Retail Forecast Model 12mr - 2026 - September 9, 2_15 PM - Productlevel FC.csv"
Available,010105,ahead Low Sugar Chocolate Bar - Crunchy Nougat 35g,Chocolate Bars,b2b fc nov26,b2b fc,43209,2026-11-01,2026-09-01,"Copy of Retail Forecast Model 12mr - 2026 - September 9, 2_15 PM - Productlevel FC.csv"
Available,010124,ahead Low Sugar Chocolate Bar - Mix Box 2.0  4x3,Chocolate Bars,b2b fc nov26,b2b fc,0,2026-11-01,2026-09-01,"Copy of Retail Forecast Model 12mr - 2026 - September 9, 2_15 PM - Productlevel FC.csv"
Available,010125,ahead Low Sugar Chocolate Bar - Mix Box 3.0 4x3,Chocolate Bars,b2b fc nov26,b2b fc,10,2026-11-01,2026-09-01,"Copy of Retail Forecast Model 12mr - 2026 - September 9, 2_15 PM - Productlevel FC.csv"
Available,010201,"Ahead Low Sugar Nut Bar - Coconut Almond, 35g",Nut Bars,b2b fc nov26,b2b fc,24795,2026-11-01,2026-09-01,"Copy of Retail Forecast Model 12mr - 2026 - September 9, 2_15 PM - Productlevel FC.csv"
Available,010202,"Ahead Low Sugar Nut Bar - Cashew Pretzel, 35g",Nut Bars,b2b fc nov26,b2b fc,69706,2026-11-01,2026-09-01,"Copy of Retail Forecast Model 12mr - 2026 - September 9, 2_15 PM - Productlevel FC.csv"
Available,010203,"Ahead Low Sugar Nut Bar - Dark & Salty, 35g",Nut Bars,b2b fc nov26,b2b fc,31080,2026-11-01,2026-09-01,"Copy of Retail Forecast Model 12mr - 2026 - September 9, 2_15 PM - Productlevel FC.csv"
Available,010220,ahead Low Sugar Nut Bar - Mix Box 3x4,Nut Bars,b2b fc nov26,b2b fc,10,2026-11-01,2026-09-01,"Copy of Retail Forecast Model 12mr - 2026 - September 9, 2_15 PM - Productlevel FC.csv"
Available,010301,"ahead Protein Bar - COOKIES & CREAM, 45g",Protein Bars,b2b fc nov26,b2b fc,57885,2026-11-01,2026-09-01,"Copy of Retail Forecast Model 12mr - 2026 - September 9, 2_15 PM - Productlevel FC.csv"
Available,010302,"ahead Protein Bar - PEANUT CARAMEL, 45g",Protein Bars,b2b fc nov26,b2b fc,50053,2026-11-01,2026-09-01,"Copy of Retail Forecast Model 12mr - 2026 - September 9, 2_15 PM - Productlevel FC.csv"
Available,010303,"ahead Protein Bar - HAZELNUT NOUGAT, 45g",Protein Bars,b2b fc nov26,b2b fc,34235,2026-11-01,2026-09-01,"Copy of Retail Forecast Model 12mr - 2026 - September 9, 2_15 PM - Productlevel FC.csv"
Available,010304,"ahead Protein Bar - COCONUT ALMOND, 45g",Protein Bars,b2b fc nov26,b2b fc,48871,2026-11-01,2026-09-01,"Copy of Retail Forecast Model 12mr - 2026 - September 9, 2_15 PM - Productlevel FC.csv"
Available,010305,"ahead Protein Bar - FUDGE CHOCOLATE BROWNIE, 45g",Protein Bars,b2b fc nov26,b2b fc,70059,2026-11-01,2026-09-01,"Copy of Retail Forecast Model 12mr - 2026 - September 9, 2_15 PM - Productlevel FC.csv"
Ordered,010306,"ahead Protein Bar - DARK CHOCOLATE RASPBERRY, 45g",Protein Bars,b2b fc nov26,b2b fc,39103,2026-11-01,2026-09-01,"Copy of Retail Forecast Model 12mr - 2026 - September 9, 2_15 PM - Productlevel FC.csv"
Available,010307,"ahead Protein Bar - LEMON CHEESECAKE , 45g",Protein Bars,b2b fc nov26,b2b fc,62097,2026-11-01,2026-09-01,"Copy of Retail Forecast Model 12mr - 2026 - September 9, 2_15 PM - Productlevel FC.csv"
Ordered,010308,"ahead Protein Bar - Strawberry Yogurt, 45g",Protein Bars,b2b fc nov26,b2b fc,41248,2026-11-01,2026-09-01,"Copy of Retail Forecast Model 12mr - 2026 - September 9, 2_15 PM - Productlevel FC.csv"
Available,010309,"ahead Protein Bar - Dominostein, 45g",Protein Bars,b2b fc nov26,b2b fc,45220,2026-11-01,2026-09-01,"Copy of Retail Forecast Model 12mr - 2026 - September 9, 2_15 PM - Productlevel FC.csv"
Available,010310,"ahead Protein Bar - Linzer Flavour, 45g",Protein Bars,b2b fc nov26,b2b fc,31860,2026-11-01,2026-09-01,"Copy of Retail Forecast Model 12mr - 2026 - September 9, 2_15 PM - Productlevel FC.csv"
NPD,010311,"Protein Bar, Zimt Stern, 45g",Protein Bars,b2b fc nov26,b2b fc,31360,2026-11-01,2026-09-01,"Copy of Retail Forecast Model 12mr - 2026 - September 9, 2_15 PM - Productlevel FC.csv"
Available,010320,Protein Mix Box - 12 Bars,Protein Bars,b2b fc nov26,b2b fc,10,2026-11-01,2026-09-01,"Copy of Retail Forecast Model 12mr - 2026 - September 9, 2_15 PM - Productlevel FC.csv"
NPD,010321,Protein MixBox - Limited Edition (6x 45g),Protein Bars,b2b fc nov26,b2b fc,0,2026-11-01,2026-09-01,"Copy of Retail Forecast Model 12mr - 2026 - September 9, 2_15 PM - Productlevel FC.csv"
Available,010401,PB Cups - Milk Chocolate 2x17g,NB Cups,b2b fc nov26,b2b fc,871,2026-11-01,2026-09-01,"Copy of Retail Forecast Model 12mr - 2026 - September 9, 2_15 PM - Productlevel FC.csv"
Available,010402,PB Cups - Dark Chocolate 2x17g,NB Cups,b2b fc nov26,b2b fc,741,2026-11-01,2026-09-01,"Copy of Retail Forecast Model 12mr - 2026 - September 9, 2_15 PM - Productlevel FC.csv"
Available,010403,PB Cups - White Chocolate 2x17g,NB Cups,b2b fc nov26,b2b fc,0,2026-11-01,2026-09-01,"Copy of Retail Forecast Model 12mr - 2026 - September 9, 2_15 PM - Productlevel FC.csv"
Available,010405,PisB Cups - White Chocolate 2x17g,NB Cups,b2b fc nov26,b2b fc,1110,2026-11-01,2026-09-01,"Copy of Retail Forecast Model 12mr - 2026 - September 9, 2_15 PM - Productlevel FC.csv"
Available,010406,Butter Cups - Milk Chocolate Lebkuchen (Gingerbread) 2x17g,NB Cups,b2b fc nov26,b2b fc,0,2026-11-01,2026-09-01,"Copy of Retail Forecast Model 12mr - 2026 - September 9, 2_15 PM - Productlevel FC.csv"
Available,010407,Butter Cups - White Chocolate Vanillekipferl 2x17g,NB Cups,b2b fc nov26,b2b fc,0,2026-11-01,2026-09-01,"Copy of Retail Forecast Model 12mr - 2026 - September 9, 2_15 PM - Productlevel FC.csv"
Available,010408,Butter Cups - Dark Chocolate Marzipan 2x17g,NB Cups,b2b fc nov26,b2b fc,0,2026-11-01,2026-09-01,"Copy of Retail Forecast Model 12mr - 2026 - September 9, 2_15 PM - Productlevel FC.csv"
Ordered,010409,Butter Cups - Pumpkin Spice 2x17g,NB Cups,b2b fc nov26,b2b fc,0,2026-11-01,2026-09-01,"Copy of Retail Forecast Model 12mr - 2026 - September 9, 2_15 PM - Productlevel FC.csv"
NPD,010410,High Protein Peanut Butter Cups with Peanut Pieces (2x34g),NB Cups,b2b fc nov26,b2b fc,34603,2026-11-01,2026-09-01,"Copy of Retail Forecast Model 12mr - 2026 - September 9, 2_15 PM - Productlevel FC.csv"
NPD,010411,High Protein Hazelnut Butter Cups with Hazelnut Pieces (2x34g),NB Cups,b2b fc nov26,b2b fc,17403,2026-11-01,2026-09-01,"Copy of Retail Forecast Model 12mr - 2026 - September 9, 2_15 PM - Productlevel FC.csv"
NPD,010412,High Protein Pistachio Butter Cups with Pistachio Pieces (2x34g),NB Cups,b2b fc nov26,b2b fc,34092,2026-11-01,2026-09-01,"Copy of Retail Forecast Model 12mr - 2026 - September 9, 2_15 PM - Productlevel FC.csv"
Available,010420,"NutButter Cups  MixBox, 10 stk",NB Cups,b2b fc nov26,b2b fc,0,2026-11-01,2026-09-01,"Copy of Retail Forecast Model 12mr - 2026 - September 9, 2_15 PM - Productlevel FC.csv"
NPD,010421,NutButter Cups  MixBox - Limited Edition (6x 34g),NB Cups,b2b fc nov26,b2b fc,0,2026-11-01,2026-09-01,"Copy of Retail Forecast Model 12mr - 2026 - September 9, 2_15 PM - Productlevel FC.csv"
Available,010501,ahead Soft Baked Cookies Box 4x40g,Cookies,b2b fc nov26,b2b fc,41951,2026-11-01,2026-09-01,"Copy of Retail Forecast Model 12mr - 2026 - September 9, 2_15 PM - Productlevel FC.csv"
NPD,010502,Soft Cookie - Chocolate Chip & Hazelnut 4x40g,Cookies,b2b fc nov26,b2b fc,2960,2026-11-01,2026-09-01,"Copy of Retail Forecast Model 12mr - 2026 - September 9, 2_15 PM - Productlevel FC.csv"
Ordered,010503,"Soft Cookie - Lebkuchen Style, 4x40g",Cookies,b2b fc nov26,b2b fc,2960,2026-11-01,2026-09-01,"Copy of Retail Forecast Model 12mr - 2026 - September 9, 2_15 PM - Productlevel FC.csv"
Available,010601,"ahead Gummies - Cola Bottles, 50g",Gummies,b2b fc nov26,b2b fc,248362,2026-11-01,2026-09-01,"Copy of Retail Forecast Model 12mr - 2026 - September 9, 2_15 PM - Productlevel FC.csv"
Available,010602,"ahead Gummies - Fluffy Hearts, 50g",Gummies,b2b fc nov26,b2b fc,263251,2026-11-01,2026-09-01,"Copy of Retail Forecast Model 12mr - 2026 - September 9, 2_15 PM - Productlevel FC.csv"
Available,010603,"ahead Gummies - Sweet Peaches, 50g",Gummies,b2b fc nov26,b2b fc,126335,2026-11-01,2026-09-01,"Copy of Retail Forecast Model 12mr - 2026 - September 9, 2_15 PM - Productlevel FC.csv"
Available,010604,"ahead Gummies - Sour Cherries, 50g",Gummies,b2b fc nov26,b2b fc,291676,2026-11-01,2026-09-01,"Copy of Retail Forecast Model 12mr - 2026 - September 9, 2_15 PM - Productlevel FC.csv"
Ordered,010605,"ahead Gummies - Vampires, 50g",Gummies,b2b fc nov26,b2b fc,88816,2026-11-01,2026-09-01,"Copy of Retail Forecast Model 12mr - 2026 - September 9, 2_15 PM - Productlevel FC.csv"
Available,010606,"ahead Gummies - Green Apples, 50g",Gummies,b2b fc nov26,b2b fc,282927,2026-11-01,2026-09-01,"Copy of Retail Forecast Model 12mr - 2026 - September 9, 2_15 PM - Productlevel FC.csv"
NPD,010607,"Gummies - Sour Worms, 50g",Gummies,b2b fc nov26,b2b fc,92193,2026-11-01,2026-09-01,"Copy of Retail Forecast Model 12mr - 2026 - September 9, 2_15 PM - Productlevel FC.csv"
NPD,010608,"Gummies - Crazy Frogs, 50g",Gummies,b2b fc nov26,b2b fc,95242,2026-11-01,2026-09-01,"Copy of Retail Forecast Model 12mr - 2026 - September 9, 2_15 PM - Productlevel FC.csv"
Ordered,010609,"Gummies - Goldbären, 50g",Gummies,b2b fc nov26,b2b fc,135083,2026-11-01,2026-09-01,"Copy of Retail Forecast Model 12mr - 2026 - September 9, 2_15 PM - Productlevel FC.csv"
Available,010610,"Gummies - Winter Friends, 50g",Gummies,b2b fc nov26,b2b fc,50480,2026-11-01,2026-09-01,"Copy of Retail Forecast Model 12mr - 2026 - September 9, 2_15 PM - Productlevel FC.csv"
Available,010611,"Gummies - Winter Magic, 50g",Gummies,b2b fc nov26,b2b fc,40480,2026-11-01,2026-09-01,"Copy of Retail Forecast Model 12mr - 2026 - September 9, 2_15 PM - Productlevel FC.csv"
Available,010612,"Gummies - Sweet Hearts, 50g",Gummies,b2b fc nov26,b2b fc,67995,2026-11-01,2026-09-01,"Copy of Retail Forecast Model 12mr - 2026 - September 9, 2_15 PM - Productlevel FC.csv"
NPD,010613,"Gummies - Sweet Champions, 50g",Gummies,b2b fc nov26,b2b fc,0,2026-11-01,2026-09-01,"Copy of Retail Forecast Model 12mr - 2026 - September 9, 2_15 PM - Productlevel FC.csv"
Available,010620,"ahead Gummies - Mix Box, 12x50g",Gummies,b2b fc nov26,b2b fc,10,2026-11-01,2026-09-01,"Copy of Retail Forecast Model 12mr - 2026 - September 9, 2_15 PM - Productlevel FC.csv"
Available,010701,"Hazelnut Crunch Caramel Bar, 38g",Caramel Bars,b2b fc nov26,b2b fc,16845,2026-11-01,2026-09-01,"Copy of Retail Forecast Model 12mr - 2026 - September 9, 2_15 PM - Productlevel FC.csv"
Available,010702,"Popcorn Crunch Caramel Bar, 38g",Caramel Bars,b2b fc nov26,b2b fc,15202,2026-11-01,2026-09-01,"Copy of Retail Forecast Model 12mr - 2026 - September 9, 2_15 PM - Productlevel FC.csv"
Ordered,010703,"Peanut Crunch Caramel Bar, 38g",Caramel Bars,b2b fc nov26,b2b fc,0,2026-11-01,2026-09-01,"Copy of Retail Forecast Model 12mr - 2026 - September 9, 2_15 PM - Productlevel FC.csv"
Available,010801,"Chocolate Chunks - Dark Chocolate, 175g",Chocolate Chunks,b2b fc nov26,b2b fc,0,2026-11-01,2026-09-01,"Copy of Retail Forecast Model 12mr - 2026 - September 9, 2_15 PM - Productlevel FC.csv"
Available,010801-B150,"Chocolate Chunks - Dark Chocolate, 150g",Chocolate Chunks,b2b fc nov26,b2b fc,0,2026-11-01,2026-09-01,"Copy of Retail Forecast Model 12mr - 2026 - September 9, 2_15 PM - Productlevel FC.csv"
Available,010802,"Chocolate Chunks - White Chocolate, 175g",Chocolate Chunks,b2b fc nov26,b2b fc,0,2026-11-01,2026-09-01,"Copy of Retail Forecast Model 12mr - 2026 - September 9, 2_15 PM - Productlevel FC.csv"
Available,010802-B150,"Chocolate Chunks - White Chocolate, 150g",Chocolate Chunks,b2b fc nov26,b2b fc,0,2026-11-01,2026-09-01,"Copy of Retail Forecast Model 12mr - 2026 - September 9, 2_15 PM - Productlevel FC.csv"
Available,010803,"Chocolate Chunks - Marbled Chocolate, 175g",Chocolate Chunks,b2b fc nov26,b2b fc,0,2026-11-01,2026-09-01,"Copy of Retail Forecast Model 12mr - 2026 - September 9, 2_15 PM - Productlevel FC.csv"
Available,010803-B150,"Chocolate Chunks - Marbled Chocolate, 150g",Chocolate Chunks,b2b fc nov26,b2b fc,0,2026-11-01,2026-09-01,"Copy of Retail Forecast Model 12mr - 2026 - September 9, 2_15 PM - Productlevel FC.csv"
Available,010804,"Chocolate Chunks - Strawberry Yoghurt Flavour, 150g",Chocolate Chunks,b2b fc nov26,b2b fc,0,2026-11-01,2026-09-01,"Copy of Retail Forecast Model 12mr - 2026 - September 9, 2_15 PM - Productlevel FC.csv"
Available,010805,"Chocolate Chunks - Milk Chocolate, 150g",Chocolate Chunks,b2b fc nov26,b2b fc,0,2026-11-01,2026-09-01,"Copy of Retail Forecast Model 12mr - 2026 - September 9, 2_15 PM - Productlevel FC.csv"
Available,010806,"Coco Chunks - White Coconut, 150g",Chocolate Chunks,b2b fc nov26,b2b fc,0,2026-11-01,2026-09-01,"Copy of Retail Forecast Model 12mr - 2026 - September 9, 2_15 PM - Productlevel FC.csv"
Available,010901,"Wafer Bar - Crazy Hazel, 30g",Wafer Bars,b2b fc nov26,b2b fc,29282,2026-11-01,2026-09-01,"Copy of Retail Forecast Model 12mr - 2026 - September 9, 2_15 PM - Productlevel FC.csv"
Available,010902,"Wafer Bar - Crazy Hazel White, 30g",Wafer Bars,b2b fc nov26,b2b fc,33236,2026-11-01,2026-09-01,"Copy of Retail Forecast Model 12mr - 2026 - September 9, 2_15 PM - Productlevel FC.csv"
Available,010903,"Wafer Bar - Crazy Pistachio, 30g",Wafer Bars,b2b fc nov26,b2b fc,29330,2026-11-01,2026-09-01,"Copy of Retail Forecast Model 12mr - 2026 - September 9, 2_15 PM - Productlevel FC.csv"
Available,010920,Wafer Bar Mix Box (12x30g),Wafer Bars,b2b fc nov26,b2b fc,0,2026-11-01,2026-09-01,"Copy of Retail Forecast Model 12mr - 2026 - September 9, 2_15 PM - Productlevel FC.csv"
Ordered,011901,"NAS Cookies - Dark Cocoa, 176g",NAS Oreos,b2b fc nov26,b2b fc,0,2026-11-01,2026-09-01,"Copy of Retail Forecast Model 12mr - 2026 - September 9, 2_15 PM - Productlevel FC.csv"
Ordered,011902,"NAS Cookies - Light Vanilla, 176g",NAS Oreos,b2b fc nov26,b2b fc,0,2026-11-01,2026-09-01,"Copy of Retail Forecast Model 12mr - 2026 - September 9, 2_15 PM - Productlevel FC.csv"
Available,020101,"ahead Crispies Paprika, 50g",Crispies,b2b fc nov26,b2b fc,29510,2026-11-01,2026-09-01,"Copy of Retail Forecast Model 12mr - 2026 - September 9, 2_15 PM - Productlevel FC.csv"
Available,020102,"ahead Crispies Cheese, 50g",Crispies,b2b fc nov26,b2b fc,26434,2026-11-01,2026-09-01,"Copy of Retail Forecast Model 12mr - 2026 - September 9, 2_15 PM - Productlevel FC.csv"
Available,020103,"ahead Crispies Sour Cream, 50g",Crispies,b2b fc nov26,b2b fc,31401,2026-11-01,2026-09-01,"Copy of Retail Forecast Model 12mr - 2026 - September 9, 2_15 PM - Productlevel FC.csv"
NPD,020106,"Protein Flips - Truffle, 50g",Crispies,b2b fc nov26,b2b fc,19733,2026-11-01,2026-09-01,"Copy of Retail Forecast Model 12mr - 2026 - September 9, 2_15 PM - Productlevel FC.csv"
NPD,020107,"Protein Flips - (Salt & Vinegar), 50g",Crispies,b2b fc nov26,b2b fc,19733,2026-11-01,2026-09-01,"Copy of Retail Forecast Model 12mr - 2026 - September 9, 2_15 PM - Productlevel FC.csv"
Available,020120,"Crispies Mix Box, 6x50g",Crispies,b2b fc nov26,b2b fc,0,2026-11-01,2026-09-01,"Copy of Retail Forecast Model 12mr - 2026 - September 9, 2_15 PM - Productlevel FC.csv"
Available,020120-V2,Flips Probieraket 2.0 (6x50g),Crispies,b2b fc nov26,b2b fc,10,2026-11-01,2026-09-01,"Copy of Retail Forecast Model 12mr - 2026 - September 9, 2_15 PM - Productlevel FC.csv"
NPD,020201,"Protein Chips - Sweet Chili, 50g",Crispies,b2b fc nov26,b2b fc,0,2026-11-01,2026-09-01,"Copy of Retail Forecast Model 12mr - 2026 - September 9, 2_15 PM - Productlevel FC.csv"
NPD,020202,"Protein Chips - BBQ, 50g",Crispies,b2b fc nov26,b2b fc,0,2026-11-01,2026-09-01,"Copy of Retail Forecast Model 12mr - 2026 - September 9, 2_15 PM - Productlevel FC.csv"
NPD,020301,"Popped Tortilla Chips - Sour Cream & Green Onion, 60g",Popped Chips,b2b fc nov26,b2b fc,0,2026-11-01,2026-09-01,"Copy of Retail Forecast Model 12mr - 2026 - September 9, 2_15 PM - Productlevel FC.csv"
NPD,020302,"Popped Tortilla Chips - Sundried Tomato & Black Olive Flavour, 60g",Popped Chips,b2b fc nov26,b2b fc,0,2026-11-01,2026-09-01,"Copy of Retail Forecast Model 12mr - 2026 - September 9, 2_15 PM - Productlevel FC.csv"
NPD,020303,"Popped Tortilla Chips - Barbecue Flavour, 60g",Popped Chips,b2b fc nov26,b2b fc,0,2026-11-01,2026-09-01,"Copy of Retail Forecast Model 12mr - 2026 - September 9, 2_15 PM - Productlevel FC.csv"
NPD,020304,"Popped Tortilla Chips - Nacho Cheese & Jalapeno, 60g",Popped Chips,b2b fc nov26,b2b fc,0,2026-11-01,2026-09-01,"Copy of Retail Forecast Model 12mr - 2026 - September 9, 2_15 PM - Productlevel FC.csv"
Available,030201,Peach Ice Tea Zero Sugar Sirup 48ml,ZeroSugar Sirup,b2b fc nov26,b2b fc,34828,2026-11-01,2026-09-01,"Copy of Retail Forecast Model 12mr - 2026 - September 9, 2_15 PM - Productlevel FC.csv"
Available,030202,Lemon Zero Sugar Sirup 48ml,ZeroSugar Sirup,b2b fc nov26,b2b fc,6709,2026-11-01,2026-09-01,"Copy of Retail Forecast Model 12mr - 2026 - September 9, 2_15 PM - Productlevel FC.csv"
Available,030203,Cherry Zero Sugar Sirup  48ml,ZeroSugar Sirup,b2b fc nov26,b2b fc,15155,2026-11-01,2026-09-01,"Copy of Retail Forecast Model 12mr - 2026 - September 9, 2_15 PM - Productlevel FC.csv"
Available,030204,Mango Passionfruit Zero Sugar Sirup 48ml,ZeroSugar Sirup,b2b fc nov26,b2b fc,33738,2026-11-01,2026-09-01,"Copy of Retail Forecast Model 12mr - 2026 - September 9, 2_15 PM - Productlevel FC.csv"
Available,030205,Apple Zero Sugar Sirup 48ml,ZeroSugar Sirup,b2b fc nov26,b2b fc,10300,2026-11-01,2026-09-01,"Copy of Retail Forecast Model 12mr - 2026 - September 9, 2_15 PM - Productlevel FC.csv"
Available,030206,Holunderblüte Zero Sugar Sirup 48ml,ZeroSugar Sirup,b2b fc nov26,b2b fc,6050,2026-11-01,2026-09-01,"Copy of Retail Forecast Model 12mr - 2026 - September 9, 2_15 PM - Productlevel FC.csv"
Available,030207,Orange Zero Sugar Sirup 48ml,ZeroSugar Sirup,b2b fc nov26,b2b fc,7006,2026-11-01,2026-09-01,"Copy of Retail Forecast Model 12mr - 2026 - September 9, 2_15 PM - Productlevel FC.csv"
Available,030208,Bitter Lemon Zero Sugar Sirup 48ml,ZeroSugar Sirup,b2b fc nov26,b2b fc,780,2026-11-01,2026-09-01,"Copy of Retail Forecast Model 12mr - 2026 - September 9, 2_15 PM - Productlevel FC.csv"
Available,030209,Watermelon Zero Sugar Sirup 48ml,ZeroSugar Sirup,b2b fc nov26,b2b fc,12095,2026-11-01,2026-09-01,"Copy of Retail Forecast Model 12mr - 2026 - September 9, 2_15 PM - Productlevel FC.csv"
Available,030210,Lime-Mint Zero Sugar Sirup 48ml,ZeroSugar Sirup,b2b fc nov26,b2b fc,780,2026-11-01,2026-09-01,"Copy of Retail Forecast Model 12mr - 2026 - September 9, 2_15 PM - Productlevel FC.csv"
Available,030211,Strawberry Lemonade Zero Sugar Sirup 48ml,ZeroSugar Sirup,b2b fc nov26,b2b fc,3772,2026-11-01,2026-09-01,"Copy of Retail Forecast Model 12mr - 2026 - September 9, 2_15 PM - Productlevel FC.csv"
Available,030212,Green Apple Zero Sugar Sirup 48ml,ZeroSugar Sirup,b2b fc nov26,b2b fc,3050,2026-11-01,2026-09-01,"Copy of Retail Forecast Model 12mr - 2026 - September 9, 2_15 PM - Productlevel FC.csv"
NPD,030213,Grapfruit Zero sugar Sirup 48ml,ZeroSugar Sirup,b2b fc nov26,b2b fc,22610,2026-11-01,2026-09-01,"Copy of Retail Forecast Model 12mr - 2026 - September 9, 2_15 PM - Productlevel FC.csv"
Available,030214,Waldmeister Zero Sugar 48ml,ZeroSugar Sirup,b2b fc nov26,b2b fc,4937,2026-11-01,2026-09-01,"Copy of Retail Forecast Model 12mr - 2026 - September 9, 2_15 PM - Productlevel FC.csv"
Available,030215,Caramel Zero Sugar 48ml,ZeroSugar Sirup,b2b fc nov26,b2b fc,1473,2026-11-01,2026-09-01,"Copy of Retail Forecast Model 12mr - 2026 - September 9, 2_15 PM - Productlevel FC.csv"
Available,030216,Pumpkin Spice Zero Sugar 48ml,ZeroSugar Sirup,b2b fc nov26,b2b fc,551,2026-11-01,2026-09-01,"Copy of Retail Forecast Model 12mr - 2026 - September 9, 2_15 PM - Productlevel FC.csv"
Available,030217,Hazelnut Zero Sugar 48ml,ZeroSugar Sirup,b2b fc nov26,b2b fc,1445,2026-11-01,2026-09-01,"Copy of Retail Forecast Model 12mr - 2026 - September 9, 2_15 PM - Productlevel FC.csv"
Available,030218,Vanilla Zero Sugar 48ml,ZeroSugar Sirup,b2b fc nov26,b2b fc,1404,2026-11-01,2026-09-01,"Copy of Retail Forecast Model 12mr - 2026 - September 9, 2_15 PM - Productlevel FC.csv"
NPD,030219,Zero sugar syrup - Cassis Flavour 48ml,ZeroSugar Sirup,b2b fc nov26,b2b fc,3710,2026-11-01,2026-09-01,"Copy of Retail Forecast Model 12mr - 2026 - September 9, 2_15 PM - Productlevel FC.csv"
Available,030301,NAS Sirup - Chocolate,ZeroSugar Sirup,b2b fc nov26,b2b fc,0,2026-11-01,2026-09-01,"Copy of Retail Forecast Model 12mr - 2026 - September 9, 2_15 PM - Productlevel FC.csv"
NPD,030302,NAS Sauce - Strawberry,ZeroSugar Sirup,b2b fc nov26,b2b fc,0,2026-11-01,2026-09-01,"Copy of Retail Forecast Model 12mr - 2026 - September 9, 2_15 PM - Productlevel FC.csv"
NPD,030303,NAS Sauce - Caramel,ZeroSugar Sirup,b2b fc nov26,b2b fc,0,2026-11-01,2026-09-01,"Copy of Retail Forecast Model 12mr - 2026 - September 9, 2_15 PM - Productlevel FC.csv"
NPD,030420,"Wassereis - Mixbox 10 x 40 ml (Cherry, Peach, Waldmeister, Cola & Lemon)",Wassereis,b2b fc nov26,b2b fc,0,2026-11-01,2026-09-01,"Copy of Retail Forecast Model 12mr - 2026 - September 9, 2_15 PM - Productlevel FC.csv"
Available,040301,"Flavour Powder - Vanilla, 250g",Flavor Powder,b2b fc nov26,b2b fc,836,2026-11-01,2026-09-01,"Copy of Retail Forecast Model 12mr - 2026 - September 9, 2_15 PM - Productlevel FC.csv"
Available,040301-B,"Flavour Powder - Vanilla, Bulk",Bulk,b2b fc nov26,b2b fc,0,2026-11-01,2026-09-01,"Copy of Retail Forecast Model 12mr - 2026 - September 9, 2_15 PM - Productlevel FC.csv"
Available,040301-S,"Flavour Powder - Vanilla, Sachet",Sachet,b2b fc nov26,b2b fc,0,2026-11-01,2026-09-01,"Copy of Retail Forecast Model 12mr - 2026 - September 9, 2_15 PM - Productlevel FC.csv"
Available,040302,"Flavour Powder - Cherry, 250g",Flavor Powder,b2b fc nov26,b2b fc,231,2026-11-01,2026-09-01,"Copy of Retail Forecast Model 12mr - 2026 - September 9, 2_15 PM - Productlevel FC.csv"
Available,040302-B,"Flavour Powder - Cherry, Bulk",Bulk,b2b fc nov26,b2b fc,0,2026-11-01,2026-09-01,"Copy of Retail Forecast Model 12mr - 2026 - September 9, 2_15 PM - Productlevel FC.csv"
Available,040302-S,"Flavour Powder - Cherry, Sachet",Sachet,b2b fc nov26,b2b fc,0,2026-11-01,2026-09-01,"Copy of Retail Forecast Model 12mr - 2026 - September 9, 2_15 PM - Productlevel FC.csv"
Available,040303,"Flavour Powder - Stracciatella, 250g",Flavor Powder,b2b fc nov26,b2b fc,775,2026-11-01,2026-09-01,"Copy of Retail Forecast Model 12mr - 2026 - September 9, 2_15 PM - Productlevel FC.csv"
Available,040303-B,"Flavour Powder - Stracciatella, Bulk",Bulk,b2b fc nov26,b2b fc,0,2026-11-01,2026-09-01,"Copy of Retail Forecast Model 12mr - 2026 - September 9, 2_15 PM - Productlevel FC.csv"
Available,040303-S,"Flavour Powder - Stracciatella, Sachet",Sachet,b2b fc nov26,b2b fc,0,2026-11-01,2026-09-01,"Copy of Retail Forecast Model 12mr - 2026 - September 9, 2_15 PM - Productlevel FC.csv"
Available,040304,"Flavour Powder - Chocolate Cookie, 250g",Flavor Powder,b2b fc nov26,b2b fc,936,2026-11-01,2026-09-01,"Copy of Retail Forecast Model 12mr - 2026 - September 9, 2_15 PM - Productlevel FC.csv"
Available,040304-B,"Flavor Powder - Chocolate Cookie, Bulk",Bulk,b2b fc nov26,b2b fc,0,2026-11-01,2026-09-01,"Copy of Retail Forecast Model 12mr - 2026 - September 9, 2_15 PM - Productlevel FC.csv"
Available,040304-S,"Flavour Powder - Chocolate Cookie, Sachet",Sachet,b2b fc nov26,b2b fc,0,2026-11-01,2026-09-01,"Copy of Retail Forecast Model 12mr - 2026 - September 9, 2_15 PM - Productlevel FC.csv"
Available,040305,"Flavour Powder - Strawberry Chocolate, 250g",Flavor Powder,b2b fc nov26,b2b fc,871,2026-11-01,2026-09-01,"Copy of Retail Forecast Model 12mr - 2026 - September 9, 2_15 PM - Productlevel FC.csv"
Available,040305-B,"Flavour Powder - Strawberry Chocolate, Bulk",Bulk,b2b fc nov26,b2b fc,0,2026-11-01,2026-09-01,"Copy of Retail Forecast Model 12mr - 2026 - September 9, 2_15 PM - Productlevel FC.csv"
Available,040305-S,"Flavour Powder - Strawberry chocolate, Sachet",Sachet,b2b fc nov26,b2b fc,0,2026-11-01,2026-09-01,"Copy of Retail Forecast Model 12mr - 2026 - September 9, 2_15 PM - Productlevel FC.csv"
Available,040306,"Flavour Powder - Cinnamon Crunch, 250g",Flavor Powder,b2b fc nov26,b2b fc,469,2026-11-01,2026-09-01,"Copy of Retail Forecast Model 12mr - 2026 - September 9, 2_15 PM - Productlevel FC.csv"
Available,040306-B,"Flavour Powder - Cinnamon Crunch, Bulk",Bulk,b2b fc nov26,b2b fc,0,2026-11-01,2026-09-01,"Copy of Retail Forecast Model 12mr - 2026 - September 9, 2_15 PM - Productlevel FC.csv"
Available,040306-S,"Flavour Powder - Cinnamon Crunch, Sachet",Sachet,b2b fc nov26,b2b fc,0,2026-11-01,2026-09-01,"Copy of Retail Forecast Model 12mr - 2026 - September 9, 2_15 PM - Productlevel FC.csv"
Available,040307,Flavour Powder - Apfel Strudel,Flavor Powder,b2b fc nov26,b2b fc,0,2026-11-01,2026-09-01,"Copy of Retail Forecast Model 12mr - 2026 - September 9, 2_15 PM - Productlevel FC.csv"
Available,040307-1,"Flavour Powder - Apfel Strudel, 2x250g",Flavor Powder,b2b fc nov26,b2b fc,0,2026-11-01,2026-09-01,"Copy of Retail Forecast Model 12mr - 2026 - September 9, 2_15 PM - Productlevel FC.csv"
Available,040307-B,"Flavour Powder - Apfel Strudel, Bulk",Bulk,b2b fc nov26,b2b fc,0,2026-11-01,2026-09-01,"Copy of Retail Forecast Model 12mr - 2026 - September 9, 2_15 PM - Productlevel FC.csv"
Available,040307-S,"Flavour Powder - Apfelstrudel, Sachet",Sachet,b2b fc nov26,b2b fc,0,2026-11-01,2026-09-01,"Copy of Retail Forecast Model 12mr - 2026 - September 9, 2_15 PM - Productlevel FC.csv"
Available,040308,Flavour Powder - Spekulatius,Flavor Powder,b2b fc nov26,b2b fc,0,2026-11-01,2026-09-01,"Copy of Retail Forecast Model 12mr - 2026 - September 9, 2_15 PM - Productlevel FC.csv"
Available,040308-1,Flavour Powder - Spekulatius 2x250g,Flavor Powder,b2b fc nov26,b2b fc,0,2026-11-01,2026-09-01,"Copy of Retail Forecast Model 12mr - 2026 - September 9, 2_15 PM - Productlevel FC.csv"
Available,040308-B,"Flavour Powder - Spekulatius, Bulk",Bulk,b2b fc nov26,b2b fc,0,2026-11-01,2026-09-01,"Copy of Retail Forecast Model 12mr - 2026 - September 9, 2_15 PM - Productlevel FC.csv"
Available,040308-S,"Flavour Powder - Spekulatius Crunch, Sachet",Sachet,b2b fc nov26,b2b fc,0,2026-11-01,2026-09-01,"Copy of Retail Forecast Model 12mr - 2026 - September 9, 2_15 PM - Productlevel FC.csv"
Available,040320,"Flavor Powder - Mix Box, Sachets",MixBox,b2b fc nov26,b2b fc,0,2026-11-01,2026-09-01,"Copy of Retail Forecast Model 12mr - 2026 - September 9, 2_15 PM - Productlevel FC.csv"
Available,040321,B2B Sachet Mix Box,MixBox,b2b fc nov26,b2b fc,0,2026-11-01,2026-09-01,"Copy of Retail Forecast Model 12mr - 2026 - September 9, 2_15 PM - Productlevel FC.csv"
Available,040401-B,"Clear Whey - Peach Ice Tea, Bulk",Bulk,b2b fc nov26,b2b fc,0,2026-11-01,2026-09-01,"Copy of Retail Forecast Model 12mr - 2026 - September 9, 2_15 PM - Productlevel FC.csv"
Available,040401-J500,"Clear Whey - Peach Ice Tea, 500g",Clear Whey Protein Powder,b2b fc nov26,b2b fc,944,2026-11-01,2026-09-01,"Copy of Retail Forecast Model 12mr - 2026 - September 9, 2_15 PM - Productlevel FC.csv"
Available,040401-S,"Clear Whey - Peach Ice Tea, Sachet",Sachet,b2b fc nov26,b2b fc,0,2026-11-01,2026-09-01,"Copy of Retail Forecast Model 12mr - 2026 - September 9, 2_15 PM - Productlevel FC.csv"
Available,040402-B,"Clear Whey - Green Apple, Bulk",Bulk,b2b fc nov26,b2b fc,0,2026-11-01,2026-09-01,"Copy of Retail Forecast Model 12mr - 2026 - September 9, 2_15 PM - Productlevel FC.csv"
Available,040402-J500,"Clear Whey - Green Apple, 500g",Clear Whey Protein Powder,b2b fc nov26,b2b fc,0,2026-11-01,2026-09-01,"Copy of Retail Forecast Model 12mr - 2026 - September 9, 2_15 PM - Productlevel FC.csv"
Available,040402-S,"Clear Whey - Green Apple, Sachet",Sachet,b2b fc nov26,b2b fc,0,2026-11-01,2026-09-01,"Copy of Retail Forecast Model 12mr - 2026 - September 9, 2_15 PM - Productlevel FC.csv"
Available,040403-B,"Clear Whey - Lemon Ice Tea, Bulk",Bulk,b2b fc nov26,b2b fc,0,2026-11-01,2026-09-01,"Copy of Retail Forecast Model 12mr - 2026 - September 9, 2_15 PM - Productlevel FC.csv"
Available,040403-J500,"Clear Whey - Lemon Ice Tea, 500g",Clear Whey Protein Powder,b2b fc nov26,b2b fc,385,2026-11-01,2026-09-01,"Copy of Retail Forecast Model 12mr - 2026 - September 9, 2_15 PM - Productlevel FC.csv"
Available,040403-S,"Clear Whey - Lemon Ice Tea, Sachet",Sachet,b2b fc nov26,b2b fc,0,2026-11-01,2026-09-01,"Copy of Retail Forecast Model 12mr - 2026 - September 9, 2_15 PM - Productlevel FC.csv"
Available,040404-B,"Clear Whey - Orange, Bulk",Bulk,b2b fc nov26,b2b fc,0,2026-11-01,2026-09-01,"Copy of Retail Forecast Model 12mr - 2026 - September 9, 2_15 PM - Productlevel FC.csv"
Available,040404-J500,"Clear Whey - Orange, 500g",Clear Whey Protein Powder,b2b fc nov26,b2b fc,1182,2026-11-01,2026-09-01,"Copy of Retail Forecast Model 12mr - 2026 - September 9, 2_15 PM - Productlevel FC.csv"
Available,040404-S,"Clear Whey - Orange, Sachet",Sachet,b2b fc nov26,b2b fc,0,2026-11-01,2026-09-01,"Copy of Retail Forecast Model 12mr - 2026 - September 9, 2_15 PM - Productlevel FC.csv"
Available,040405-B,"Clear Whey - Cherry, Bulk",Bulk,b2b fc nov26,b2b fc,0,2026-11-01,2026-09-01,"Copy of Retail Forecast Model 12mr - 2026 - September 9, 2_15 PM - Productlevel FC.csv"
Available,040405-J500,"Clear Whey - Cherry, 500g",Clear Whey Protein Powder,b2b fc nov26,b2b fc,896,2026-11-01,2026-09-01,"Copy of Retail Forecast Model 12mr - 2026 - September 9, 2_15 PM - Productlevel FC.csv"
Available,040405-S,"Clear Whey - Cherry, Sachet",Sachet,b2b fc nov26,b2b fc,0,2026-11-01,2026-09-01,"Copy of Retail Forecast Model 12mr - 2026 - September 9, 2_15 PM - Productlevel FC.csv"
Available,040406-B,"Clear Why - Apfelpunsch, Bulk",Bulk,b2b fc nov26,b2b fc,0,2026-11-01,2026-09-01,"Copy of Retail Forecast Model 12mr - 2026 - September 9, 2_15 PM - Productlevel FC.csv"
Available,040406-J500,"Clear Whey - Apfelpunsch, 500g",Clear Whey Protein Powder,b2b fc nov26,b2b fc,0,2026-11-01,2026-09-01,"Copy of Retail Forecast Model 12mr - 2026 - September 9, 2_15 PM - Productlevel FC.csv"
Available,040406-J500-1,"Clear Whey - Apfelpunsch, 2x500g",Clear Whey Protein Powder,b2b fc nov26,b2b fc,0,2026-11-01,2026-09-01,"Copy of Retail Forecast Model 12mr - 2026 - September 9, 2_15 PM - Productlevel FC.csv"
Available,040406-S,"Clear Whey - Apfelpunsh, Sachet",Sachet,b2b fc nov26,b2b fc,0,2026-11-01,2026-09-01,"Copy of Retail Forecast Model 12mr - 2026 - September 9, 2_15 PM - Productlevel FC.csv"
Available,040407-B,"Clear Whey - Winterpunsch, Bulk",Bulk,b2b fc nov26,b2b fc,0,2026-11-01,2026-09-01,"Copy of Retail Forecast Model 12mr - 2026 - September 9, 2_15 PM - Productlevel FC.csv"
Available,040407-J500,"Clear Whey - Winterpunsch, 500g",Clear Whey Protein Powder,b2b fc nov26,b2b fc,0,2026-11-01,2026-09-01,"Copy of Retail Forecast Model 12mr - 2026 - September 9, 2_15 PM - Productlevel FC.csv"
Available,040407-J500-1,"Clear Whey - Winterpunsch, 2x500g",Clear Whey Protein Powder,b2b fc nov26,b2b fc,0,2026-11-01,2026-09-01,"Copy of Retail Forecast Model 12mr - 2026 - September 9, 2_15 PM - Productlevel FC.csv"
Available,040407-S,"Clear Whey - Winterpunsch, Sachet",Sachet,b2b fc nov26,b2b fc,0,2026-11-01,2026-09-01,"Copy of Retail Forecast Model 12mr - 2026 - September 9, 2_15 PM - Productlevel FC.csv"
Available,040408-B,"Clear Protein - Mixed Berry, Bulk",Bulk,b2b fc nov26,b2b fc,0,2026-11-01,2026-09-01,"Copy of Retail Forecast Model 12mr - 2026 - September 9, 2_15 PM - Productlevel FC.csv"
Available,040408-J500,"Clear Protein - Mixed Berry, 500g",Clear Whey Protein Powder,b2b fc nov26,b2b fc,0,2026-11-01,2026-09-01,"Copy of Retail Forecast Model 12mr - 2026 - September 9, 2_15 PM - Productlevel FC.csv"
Available,040408-S,"Clear Protein - Mixed Berry, Sachet",Sachet,b2b fc nov26,b2b fc,0,2026-11-01,2026-09-01,"Copy of Retail Forecast Model 12mr - 2026 - September 9, 2_15 PM - Productlevel FC.csv"
Available,040409-B,"Clear Protein - Lemon & Lime, Bulk",Bulk,b2b fc nov26,b2b fc,0,2026-11-01,2026-09-01,"Copy of Retail Forecast Model 12mr - 2026 - September 9, 2_15 PM - Productlevel FC.csv"
Available,040409-J500,"Clear Protein - Lemon & Lime, 500g",Clear Whey Protein Powder,b2b fc nov26,b2b fc,0,2026-11-01,2026-09-01,"Copy of Retail Forecast Model 12mr - 2026 - September 9, 2_15 PM - Productlevel FC.csv"
Available,040409-S,"Clear Protein - Lemon & Lime, Sachet",Sachet,b2b fc nov26,b2b fc,0,2026-11-01,2026-09-01,"Copy of Retail Forecast Model 12mr - 2026 - September 9, 2_15 PM - Productlevel FC.csv"
NPD,040410-B,"Clear Protein - Mochito, Bulk",Bulk,b2b fc nov26,b2b fc,0,2026-11-01,2026-09-01,"Copy of Retail Forecast Model 12mr - 2026 - September 9, 2_15 PM - Productlevel FC.csv"
NPD,040410-J500,"Clear Protein - Mojito, 500g",Clear Whey Protein Powder,b2b fc nov26,b2b fc,0,2026-11-01,2026-09-01,"Copy of Retail Forecast Model 12mr - 2026 - September 9, 2_15 PM - Productlevel FC.csv"
NPD,040410-S,"Clear Protein - Mochito, Sachet",Sachet,b2b fc nov26,b2b fc,0,2026-11-01,2026-09-01,"Copy of Retail Forecast Model 12mr - 2026 - September 9, 2_15 PM - Productlevel FC.csv"
Available,040411-B,"Clear Protein - Pornstar Martini, Bulk",Bulk,b2b fc nov26,b2b fc,0,2026-11-01,2026-09-01,"Copy of Retail Forecast Model 12mr - 2026 - September 9, 2_15 PM - Productlevel FC.csv"
Available,040411-J500,"Clear Protein -  Pornstar Martini, 500g",Clear Whey Protein Powder,b2b fc nov26,b2b fc,0,2026-11-01,2026-09-01,"Copy of Retail Forecast Model 12mr - 2026 - September 9, 2_15 PM - Productlevel FC.csv"
Available,040411-S,"Clear Protein -  Pornstar Martinio, Sachet",Sachet,b2b fc nov26,b2b fc,0,2026-11-01,2026-09-01,"Copy of Retail Forecast Model 12mr - 2026 - September 9, 2_15 PM - Productlevel FC.csv"
Available,040420,"Clear Whey - Mix Box, 5x1 Sachets",MixBox,b2b fc nov26,b2b fc,0,2026-11-01,2026-09-01,"Copy of Retail Forecast Model 12mr - 2026 - September 9, 2_15 PM - Productlevel FC.csv"
Available,040501-B,"Whey - Double Chocolate, Bulk",Bulk,b2b fc nov26,b2b fc,0,2026-11-01,2026-09-01,"Copy of Retail Forecast Model 12mr - 2026 - September 9, 2_15 PM - Productlevel FC.csv"
Available,040501-J1000,"Whey - Double Chocolate, 1000g",Whey Protein Powder,b2b fc nov26,b2b fc,0,2026-11-01,2026-09-01,"Copy of Retail Forecast Model 12mr - 2026 - September 9, 2_15 PM - Productlevel FC.csv"
Available,040501-J500,"Whey - Double Chocolate, 500g",Whey Protein Powder,b2b fc nov26,b2b fc,5053,2026-11-01,2026-09-01,"Copy of Retail Forecast Model 12mr - 2026 - September 9, 2_15 PM - Productlevel FC.csv"
Available,040501-S,"Whey - Double Chocolate, Sachet",Sachet,b2b fc nov26,b2b fc,0,2026-11-01,2026-09-01,"Copy of Retail Forecast Model 12mr - 2026 - September 9, 2_15 PM - Productlevel FC.csv"
Available,040502-B,"Whey - Vanilla, Bulk",Bulk,b2b fc nov26,b2b fc,0,2026-11-01,2026-09-01,"Copy of Retail Forecast Model 12mr - 2026 - September 9, 2_15 PM - Productlevel FC.csv"
Available,040502-J1000,"Whey - Vanilla, 1000g",Whey Protein Powder,b2b fc nov26,b2b fc,0,2026-11-01,2026-09-01,"Copy of Retail Forecast Model 12mr - 2026 - September 9, 2_15 PM - Productlevel FC.csv"
Available,040502-J500,"Whey - Vanilla, 500g",Whey Protein Powder,b2b fc nov26,b2b fc,931,2026-11-01,2026-09-01,"Copy of Retail Forecast Model 12mr - 2026 - September 9, 2_15 PM - Productlevel FC.csv"
Available,040502-S,"Whey - Vanilla, Sachet",Sachet,b2b fc nov26,b2b fc,0,2026-11-01,2026-09-01,"Copy of Retail Forecast Model 12mr - 2026 - September 9, 2_15 PM - Productlevel FC.csv"
Available,040503-B,"Whey - Caramel Crunch, Bulk",Bulk,b2b fc nov26,b2b fc,0,2026-11-01,2026-09-01,"Copy of Retail Forecast Model 12mr - 2026 - September 9, 2_15 PM - Productlevel FC.csv"
Available,040503-J1000,"Whey - Caramel Crunch, 1000g",Whey Protein Powder,b2b fc nov26,b2b fc,0,2026-11-01,2026-09-01,"Copy of Retail Forecast Model 12mr - 2026 - September 9, 2_15 PM - Productlevel FC.csv"
Available,040503-J500,"Whey - Caramel Crunch, 500g",Whey Protein Powder,b2b fc nov26,b2b fc,298,2026-11-01,2026-09-01,"Copy of Retail Forecast Model 12mr - 2026 - September 9, 2_15 PM - Productlevel FC.csv"
Available,040503-S,"Whey - Caramel Crunch, Sachet",Sachet,b2b fc nov26,b2b fc,0,2026-11-01,2026-09-01,"Copy of Retail Forecast Model 12mr - 2026 - September 9, 2_15 PM - Productlevel FC.csv"
Available,040504-B,"Whey - Strawberry & Cream, Bulk",Bulk,b2b fc nov26,b2b fc,0,2026-11-01,2026-09-01,"Copy of Retail Forecast Model 12mr - 2026 - September 9, 2_15 PM - Productlevel FC.csv"
Available,040504-J1000,"Whey - Strawberry & Cream, 1000g",Whey Protein Powder,b2b fc nov26,b2b fc,0,2026-11-01,2026-09-01,"Copy of Retail Forecast Model 12mr - 2026 - September 9, 2_15 PM - Productlevel FC.csv"
Available,040504-J500,"Whey - Strawberry & Cream, 500g",Whey Protein Powder,b2b fc nov26,b2b fc,3695,2026-11-01,2026-09-01,"Copy of Retail Forecast Model 12mr - 2026 - September 9, 2_15 PM - Productlevel FC.csv"
Available,040504-S,"Whey - Strawberry & Cream, Sachet",Sachet,b2b fc nov26,b2b fc,0,2026-11-01,2026-09-01,"Copy of Retail Forecast Model 12mr - 2026 - September 9, 2_15 PM - Productlevel FC.csv"
Available,040505-B,"Whey - Coffee, Bulk",Bulk,b2b fc nov26,b2b fc,0,2026-11-01,2026-09-01,"Copy of Retail Forecast Model 12mr - 2026 - September 9, 2_15 PM - Productlevel FC.csv"
Available,040505-J1000,"Whey - Coffee, 1000g",Whey Protein Powder,b2b fc nov26,b2b fc,0,2026-11-01,2026-09-01,"Copy of Retail Forecast Model 12mr - 2026 - September 9, 2_15 PM - Productlevel FC.csv"
Available,040505-J500,"Whey - Coffee, 500g",Whey Protein Powder,b2b fc nov26,b2b fc,917,2026-11-01,2026-09-01,"Copy of Retail Forecast Model 12mr - 2026 - September 9, 2_15 PM - Productlevel FC.csv"
Available,040505-S,"Whey - Coffee, Sachet",Sachet,b2b fc nov26,b2b fc,0,2026-11-01,2026-09-01,"Copy of Retail Forecast Model 12mr - 2026 - September 9, 2_15 PM - Productlevel FC.csv"
Available,040506-B,"Whey - Unflavoured, Bulk",Bulk,b2b fc nov26,b2b fc,0,2026-11-01,2026-09-01,"Copy of Retail Forecast Model 12mr - 2026 - September 9, 2_15 PM - Productlevel FC.csv"
Available,040506-J1000,"Whey - unflavoured, 1000g",Whey Protein Powder,b2b fc nov26,b2b fc,0,2026-11-01,2026-09-01,"Copy of Retail Forecast Model 12mr - 2026 - September 9, 2_15 PM - Productlevel FC.csv"
Available,040506-J500,"Whey - unflavoured, 500g",Whey Protein Powder,b2b fc nov26,b2b fc,173,2026-11-01,2026-09-01,"Copy of Retail Forecast Model 12mr - 2026 - September 9, 2_15 PM - Productlevel FC.csv"
Available,040506-S,"Whey - unflavoured, Sachet",Sachet,b2b fc nov26,b2b fc,0,2026-11-01,2026-09-01,"Copy of Retail Forecast Model 12mr - 2026 - September 9, 2_15 PM - Productlevel FC.csv"
Available,040507-B,"Whey - Chai Latte, Bulk",Bulk,b2b fc nov26,b2b fc,0,2026-11-01,2026-09-01,"Copy of Retail Forecast Model 12mr - 2026 - September 9, 2_15 PM - Productlevel FC.csv"
Available,040507-J500,"Whey - Chai Latte, 500g",Whey Protein Powder,b2b fc nov26,b2b fc,176,2026-11-01,2026-09-01,"Copy of Retail Forecast Model 12mr - 2026 - September 9, 2_15 PM - Productlevel FC.csv"
Available,040507-S,"Whey - Chai Latte, Sachet",Sachet,b2b fc nov26,b2b fc,0,2026-11-01,2026-09-01,"Copy of Retail Forecast Model 12mr - 2026 - September 9, 2_15 PM - Productlevel FC.csv"
Available,040508-B,"Whey - Spekulatius, Bulk",Bulk,b2b fc nov26,b2b fc,0,2026-11-01,2026-09-01,"Copy of Retail Forecast Model 12mr - 2026 - September 9, 2_15 PM - Productlevel FC.csv"
Available,040508-J500,"Whey - Spekulatius, 500g",Whey Protein Powder,b2b fc nov26,b2b fc,0,2026-11-01,2026-09-01,"Copy of Retail Forecast Model 12mr - 2026 - September 9, 2_15 PM - Productlevel FC.csv"
Available,040508-J500-1,"Whey - Spekulatius, 2x500g",Whey Protein Powder,b2b fc nov26,b2b fc,0,2026-11-01,2026-09-01,"Copy of Retail Forecast Model 12mr - 2026 - September 9, 2_15 PM - Productlevel FC.csv"
Available,040508-S,"Whey - Spekulatius, Sachet",Sachet,b2b fc nov26,b2b fc,0,2026-11-01,2026-09-01,"Copy of Retail Forecast Model 12mr - 2026 - September 9, 2_15 PM - Productlevel FC.csv"
Available,040509-B,"Whey - Hazelnut Nougat, Bulk",Bulk,b2b fc nov26,b2b fc,0,2026-11-01,2026-09-01,"Copy of Retail Forecast Model 12mr - 2026 - September 9, 2_15 PM - Productlevel FC.csv"
Available,040509-J1000,"Whey - Hazelnut Nougat, 1000g",Whey Protein Powder,b2b fc nov26,b2b fc,0,2026-11-01,2026-09-01,"Copy of Retail Forecast Model 12mr - 2026 - September 9, 2_15 PM - Productlevel FC.csv"
Available,040509-J500,"Whey - Hazelnut Nougat, 500g",Whey Protein Powder,b2b fc nov26,b2b fc,0,2026-11-01,2026-09-01,"Copy of Retail Forecast Model 12mr - 2026 - September 9, 2_15 PM - Productlevel FC.csv"
Available,040509-S,"Whey - Hazelnut Nougat, Sachet",Sachet,b2b fc nov26,b2b fc,0,2026-11-01,2026-09-01,"Copy of Retail Forecast Model 12mr - 2026 - September 9, 2_15 PM - Productlevel FC.csv"
Available,040510-B,"Whey - Protein Sahne, Bulk",Bulk,b2b fc nov26,b2b fc,0,2026-11-01,2026-09-01,"Copy of Retail Forecast Model 12mr - 2026 - September 9, 2_15 PM - Productlevel FC.csv"
Available,040510-J1000,"Whey - Protein Sahne, 1000g",Whey Protein Powder,b2b fc nov26,b2b fc,0,2026-11-01,2026-09-01,"Copy of Retail Forecast Model 12mr - 2026 - September 9, 2_15 PM - Productlevel FC.csv"
Available,040510-J500,"Whey - Protein Sahne, 500g",Whey Protein Powder,b2b fc nov26,b2b fc,235,2026-11-01,2026-09-01,"Copy of Retail Forecast Model 12mr - 2026 - September 9, 2_15 PM - Productlevel FC.csv"
Available,040510-J500-1,"Whey - Protein Sahne, 2x500g",Whey Protein Powder,b2b fc nov26,b2b fc,0,2026-11-01,2026-09-01,"Copy of Retail Forecast Model 12mr - 2026 - September 9, 2_15 PM - Productlevel FC.csv"
Available,040510-S,"Whey - Protein Sahne, Sachet",Sachet,b2b fc nov26,b2b fc,0,2026-11-01,2026-09-01,"Copy of Retail Forecast Model 12mr - 2026 - September 9, 2_15 PM - Productlevel FC.csv"
Available,040511-B,"Whey - White Chocolate Pistachio, Bulk",Bulk,b2b fc nov26,b2b fc,0,2026-11-01,2026-09-01,"Copy of Retail Forecast Model 12mr - 2026 - September 9, 2_15 PM - Productlevel FC.csv"
Available,040511-J500,"Whey - White Chocolate Pistachio, 500g",Whey Protein Powder,b2b fc nov26,b2b fc,635,2026-11-01,2026-09-01,"Copy of Retail Forecast Model 12mr - 2026 - September 9, 2_15 PM - Productlevel FC.csv"
Available,040511-J500-1,"Whey - White Chocolate Pistachio, 2x500g",Whey Protein Powder,b2b fc nov26,b2b fc,0,2026-11-01,2026-09-01,"Copy of Retail Forecast Model 12mr - 2026 - September 9, 2_15 PM - Productlevel FC.csv"
Available,040511-S,"Whey - White Chocolate Pistachio, Sachet",Sachet,b2b fc nov26,b2b fc,0,2026-11-01,2026-09-01,"Copy of Retail Forecast Model 12mr - 2026 - September 9, 2_15 PM - Productlevel FC.csv"
Available,040512-B,"Whey Protein - Decaf Iced Coffee, Bulk",Bulk,b2b fc nov26,b2b fc,0,2026-11-01,2026-09-01,"Copy of Retail Forecast Model 12mr - 2026 - September 9, 2_15 PM - Productlevel FC.csv"
Available,040512-J500,"Whey Protein - Decaf Iced Coffee, 500g",Whey Protein Powder,b2b fc nov26,b2b fc,0,2026-11-01,2026-09-01,"Copy of Retail Forecast Model 12mr - 2026 - September 9, 2_15 PM - Productlevel FC.csv"
Available,040512-S,"Whey Protein - Decaf Iced Coffee, Sachet",Sachet,b2b fc nov26,b2b fc,0,2026-11-01,2026-09-01,"Copy of Retail Forecast Model 12mr - 2026 - September 9, 2_15 PM - Productlevel FC.csv"
Available,040513-B,"Whey Protein - Affogato, Bulk",Bulk,b2b fc nov26,b2b fc,0,2026-11-01,2026-09-01,"Copy of Retail Forecast Model 12mr - 2026 - September 9, 2_15 PM - Productlevel FC.csv"
Available,040513-J500,"Whey Protein - Affogato, 500g",Whey Protein Powder,b2b fc nov26,b2b fc,203,2026-11-01,2026-09-01,"Copy of Retail Forecast Model 12mr - 2026 - September 9, 2_15 PM - Productlevel FC.csv"
Available,040513-J500-1,"Whey Protein - Affogato, 2x500g",Whey Protein Powder,b2b fc nov26,b2b fc,0,2026-11-01,2026-09-01,"Copy of Retail Forecast Model 12mr - 2026 - September 9, 2_15 PM - Productlevel FC.csv"
Available,040513-S,"Whey Protein - Affogato, Sachet",Sachet,b2b fc nov26,b2b fc,0,2026-11-01,2026-09-01,"Copy of Retail Forecast Model 12mr - 2026 - September 9, 2_15 PM - Productlevel FC.csv"
Available,040515-B,"Whey Protein Coffee - Mocha, Bulk",Bulk,b2b fc nov26,b2b fc,0,2026-11-01,2026-09-01,"Copy of Retail Forecast Model 12mr - 2026 - September 9, 2_15 PM - Productlevel FC.csv"
Available,040515-J500,"Whey Protein Coffee - Mocha, 500g",Whey Protein Powder,b2b fc nov26,b2b fc,156,2026-11-01,2026-09-01,"Copy of Retail Forecast Model 12mr - 2026 - September 9, 2_15 PM - Productlevel FC.csv"
Available,040515-J500-1,"Whey Protein Coffee - Mocha, 2x500g",Whey Protein Powder,b2b fc nov26,b2b fc,0,2026-11-01,2026-09-01,"Copy of Retail Forecast Model 12mr - 2026 - September 9, 2_15 PM - Productlevel FC.csv"
Available,040515-S,"Whey Protein Coffee - Mocha, Sachet",Sachet,b2b fc nov26,b2b fc,0,2026-11-01,2026-09-01,"Copy of Retail Forecast Model 12mr - 2026 - September 9, 2_15 PM - Productlevel FC.csv"
Available,040517-B,"Whey Protein - Pumpkin Spice, Bulk",Whey Protein Powder,b2b fc nov26,b2b fc,0,2026-11-01,2026-09-01,"Copy of Retail Forecast Model 12mr - 2026 - September 9, 2_15 PM - Productlevel FC.csv"
Available,040517-J500,"Whey Protein - Pumpkin Spice, 500g",Whey Protein Powder,b2b fc nov26,b2b fc,0,2026-11-01,2026-09-01,"Copy of Retail Forecast Model 12mr - 2026 - September 9, 2_15 PM - Productlevel FC.csv"
Available,040517-S,"Whey Protein - Pumpkin Spice, Sachet",Sachet,b2b fc nov26,b2b fc,0,2026-11-01,2026-09-01,"Copy of Retail Forecast Model 12mr - 2026 - September 9, 2_15 PM - Productlevel FC.csv"
Ordered,040518-B,"Whey Protein - Iced Matcha Latte, Bulk",Bulk,b2b fc nov26,b2b fc,0,2026-11-01,2026-09-01,"Copy of Retail Forecast Model 12mr - 2026 - September 9, 2_15 PM - Productlevel FC.csv"
Ordered,040518-J500,"Whey Protein - Iced Matcha Latte, 500g",Whey Protein Powder,b2b fc nov26,b2b fc,4031,2026-11-01,2026-09-01,"Copy of Retail Forecast Model 12mr - 2026 - September 9, 2_15 PM - Productlevel FC.csv"
Ordered,040518-S,"Whey Protein - Iced Matcha Latte, Sachet",Sachet,b2b fc nov26,b2b fc,0,2026-11-01,2026-09-01,"Copy of Retail Forecast Model 12mr - 2026 - September 9, 2_15 PM - Productlevel FC.csv"
Ordered,040519-B,"Whey Protein - Mango Matcha Latte, Bulk",Bulk,b2b fc nov26,b2b fc,0,2026-11-01,2026-09-01,"Copy of Retail Forecast Model 12mr - 2026 - September 9, 2_15 PM - Productlevel FC.csv"
Ordered,040519-J500,"Whey Protein - Mango Matcha Latte, 500g",Whey Protein Powder,b2b fc nov26,b2b fc,134,2026-11-01,2026-09-01,"Copy of Retail Forecast Model 12mr - 2026 - September 9, 2_15 PM - Productlevel FC.csv"
Ordered,040519-S,"Whey Protein - Mango Matcha Latte, Sachet",Sachet,b2b fc nov26,b2b fc,0,2026-11-01,2026-09-01,"Copy of Retail Forecast Model 12mr - 2026 - September 9, 2_15 PM - Productlevel FC.csv"
Available,040520,"Whey - MixBox, 5x1 Sachets",MixBox,b2b fc nov26,b2b fc,0,2026-11-01,2026-09-01,"Copy of Retail Forecast Model 12mr - 2026 - September 9, 2_15 PM - Productlevel FC.csv"
Ordered,040521-B,"Whey Protein - Pure/Natural Matcha Latte, Bulk",Bulk,b2b fc nov26,b2b fc,0,2026-11-01,2026-09-01,"Copy of Retail Forecast Model 12mr - 2026 - September 9, 2_15 PM - Productlevel FC.csv"
Ordered,040521-J500,"Whey Protein - Pure/Natural Matcha Latte, 500g",Whey Protein Powder,b2b fc nov26,b2b fc,0,2026-11-01,2026-09-01,"Copy of Retail Forecast Model 12mr - 2026 - September 9, 2_15 PM - Productlevel FC.csv"
Ordered,040521-S,"Whey Protein - Pure/Natural Matcha Latte, Sachet",Sachet,b2b fc nov26,b2b fc,0,2026-11-01,2026-09-01,"Copy of Retail Forecast Model 12mr - 2026 - September 9, 2_15 PM - Productlevel FC.csv"
Ordered,040522-B,"Whey Protein - Vanillekipferl, Bulk",Bulk,b2b fc nov26,b2b fc,0,2026-11-01,2026-09-01,"Copy of Retail Forecast Model 12mr - 2026 - September 9, 2_15 PM - Productlevel FC.csv"
Ordered,040522-J500,"Whey Protein - Vanillekipferl, 500g",Whey Protein Powder,b2b fc nov26,b2b fc,0,2026-11-01,2026-09-01,"Copy of Retail Forecast Model 12mr - 2026 - September 9, 2_15 PM - Productlevel FC.csv"
Ordered,040522-S,"Whey Protein - Vanillekipferl, Sachet",Sachet,b2b fc nov26,b2b fc,0,2026-11-01,2026-09-01,"Copy of Retail Forecast Model 12mr - 2026 - September 9, 2_15 PM - Productlevel FC.csv"
Available,040601-B,"Whey vegan - Stracciatella, Bulk",Bulk,b2b fc nov26,b2b fc,0,2026-11-01,2026-09-01,"Copy of Retail Forecast Model 12mr - 2026 - September 9, 2_15 PM - Productlevel FC.csv"
Available,040601-J500,"Whey vegan - Stracciatella, 500g",Vegan Protein Powder,b2b fc nov26,b2b fc,371,2026-11-01,2026-09-01,"Copy of Retail Forecast Model 12mr - 2026 - September 9, 2_15 PM - Productlevel FC.csv"
Available,040601-S,"Whey vegan - Stracciatella, Sachet",Sachet,b2b fc nov26,b2b fc,0,2026-11-01,2026-09-01,"Copy of Retail Forecast Model 12mr - 2026 - September 9, 2_15 PM - Productlevel FC.csv"
Available,040602-B,"Whey vegan - Chocolate Hazelnut, Bulk",Bulk,b2b fc nov26,b2b fc,0,2026-11-01,2026-09-01,"Copy of Retail Forecast Model 12mr - 2026 - September 9, 2_15 PM - Productlevel FC.csv"
Available,040602-J500,"Whey vegan - Chocolate Hazelnut, 500g",Vegan Protein Powder,b2b fc nov26,b2b fc,281,2026-11-01,2026-09-01,"Copy of Retail Forecast Model 12mr - 2026 - September 9, 2_15 PM - Productlevel FC.csv"
Available,040602-S,"Whey vegan - Chocolate Hazelnut, Sachet",Sachet,b2b fc nov26,b2b fc,0,2026-11-01,2026-09-01,"Copy of Retail Forecast Model 12mr - 2026 - September 9, 2_15 PM - Productlevel FC.csv"
Available,040603-B,"Whey vegan - Cinnamon Roll, Bulk",Bulk,b2b fc nov26,b2b fc,0,2026-11-01,2026-09-01,"Copy of Retail Forecast Model 12mr - 2026 - September 9, 2_15 PM - Productlevel FC.csv"
Available,040603-J500,"Whey vegan - Cinnamon Roll, 500g",Vegan Protein Powder,b2b fc nov26,b2b fc,158,2026-11-01,2026-09-01,"Copy of Retail Forecast Model 12mr - 2026 - September 9, 2_15 PM - Productlevel FC.csv"
Available,040603-J500-1,"Whey vegan - Cinnamon Roll, 2x500g",Vegan Protein Powder,b2b fc nov26,b2b fc,0,2026-11-01,2026-09-01,"Copy of Retail Forecast Model 12mr - 2026 - September 9, 2_15 PM - Productlevel FC.csv"
Available,040603-S,"Whey vegan - Cinnamon Roll, Sachet",Sachet,b2b fc nov26,b2b fc,0,2026-11-01,2026-09-01,"Copy of Retail Forecast Model 12mr - 2026 - September 9, 2_15 PM - Productlevel FC.csv"
Available,040604-B,"Whey vegan - Dark Cookie, Bulk",Bulk,b2b fc nov26,b2b fc,0,2026-11-01,2026-09-01,"Copy of Retail Forecast Model 12mr - 2026 - September 9, 2_15 PM - Productlevel FC.csv"
Available,040604-J500,"Whey vegan - Dark Cookie, 500g",Vegan Protein Powder,b2b fc nov26,b2b fc,200,2026-11-01,2026-09-01,"Copy of Retail Forecast Model 12mr - 2026 - September 9, 2_15 PM - Productlevel FC.csv"
Available,040604-J500-1,"Whey vegan - Dark Cookie, 2x500g",Vegan Protein Powder,b2b fc nov26,b2b fc,0,2026-11-01,2026-09-01,"Copy of Retail Forecast Model 12mr - 2026 - September 9, 2_15 PM - Productlevel FC.csv"
Available,040604-S,"Whey vegan - Dark Cookie, Sachet",Sachet,b2b fc nov26,b2b fc,0,2026-11-01,2026-09-01,"Copy of Retail Forecast Model 12mr - 2026 - September 9, 2_15 PM - Productlevel FC.csv"
Available,040605-B,"Vegan Protein Powder - ICED COFFEE, Bulk",Bulk,b2b fc nov26,b2b fc,0,2026-11-01,2026-09-01,"Copy of Retail Forecast Model 12mr - 2026 - September 9, 2_15 PM - Productlevel FC.csv"
Available,040605-J500,"Vegan Protein Powder - ICED COFFEE, 500g",Vegan Protein Powder,b2b fc nov26,b2b fc,0,2026-11-01,2026-09-01,"Copy of Retail Forecast Model 12mr - 2026 - September 9, 2_15 PM - Productlevel FC.csv"
Available,040605-S,"Vegan Protein Powder - ICED COFFEE, Sachet",Sachet,b2b fc nov26,b2b fc,0,2026-11-01,2026-09-01,"Copy of Retail Forecast Model 12mr - 2026 - September 9, 2_15 PM - Productlevel FC.csv"
Available,040620,"Vegan Whey - Mix Box, Sachets",MixBox,b2b fc nov26,b2b fc,0,2026-11-01,2026-09-01,"Copy of Retail Forecast Model 12mr - 2026 - September 9, 2_15 PM - Productlevel FC.csv"
Available,040801,"NAS Cacao Powder, 400g",Cacao Powder,b2b fc nov26,b2b fc,0,2026-11-01,2026-09-01,"Copy of Retail Forecast Model 12mr - 2026 - September 9, 2_15 PM - Productlevel FC.csv"
Available,040901,"Sugar Replacer, 1000g",Sugar Replacer,b2b fc nov26,b2b fc,0,2026-11-01,2026-09-01,"Copy of Retail Forecast Model 12mr - 2026 - September 9, 2_15 PM - Productlevel FC.csv"
Available,041001,NAS Götterspeise - Waldmeister,Jelly,b2b fc nov26,b2b fc,0,2026-11-01,2026-09-01,"Copy of Retail Forecast Model 12mr - 2026 - September 9, 2_15 PM - Productlevel FC.csv"
Available,041001-B,"NAS Götterspeise - Waldmeister, Bulk",Bulk,b2b fc nov26,b2b fc,0,2026-11-01,2026-09-01,"Copy of Retail Forecast Model 12mr - 2026 - September 9, 2_15 PM - Productlevel FC.csv"
Available,041001-S,"NAS Götterspeise - Waldmeister, Sachet 15g",Sachet,b2b fc nov26,b2b fc,0,2026-11-01,2026-09-01,"Copy of Retail Forecast Model 12mr - 2026 - September 9, 2_15 PM - Productlevel FC.csv"
Available,041002,NAS Götterspeise - Cherry,Jelly,b2b fc nov26,b2b fc,0,2026-11-01,2026-09-01,"Copy of Retail Forecast Model 12mr - 2026 - September 9, 2_15 PM - Productlevel FC.csv"
Available,041002-B,"NAS Götterspeise - Cherry, Bulk",Bulk,b2b fc nov26,b2b fc,0,2026-11-01,2026-09-01,"Copy of Retail Forecast Model 12mr - 2026 - September 9, 2_15 PM - Productlevel FC.csv"
Available,041002-S,"NAS Götterspeise - Cherry, Sachet 15g",Sachet,b2b fc nov26,b2b fc,0,2026-11-01,2026-09-01,"Copy of Retail Forecast Model 12mr - 2026 - September 9, 2_15 PM - Productlevel FC.csv"
Available,041003,NAS Götterspeise - Lemon,Jelly,b2b fc nov26,b2b fc,0,2026-11-01,2026-09-01,"Copy of Retail Forecast Model 12mr - 2026 - September 9, 2_15 PM - Productlevel FC.csv"
Available,041003-B,"NAS Götterspeise - Lemon, Bulk",Bulk,b2b fc nov26,b2b fc,0,2026-11-01,2026-09-01,"Copy of Retail Forecast Model 12mr - 2026 - September 9, 2_15 PM - Productlevel FC.csv"
Available,041003-S,"NAS Götterspeise - Lemon, Sachet 15g",Sachet,b2b fc nov26,b2b fc,0,2026-11-01,2026-09-01,"Copy of Retail Forecast Model 12mr - 2026 - September 9, 2_15 PM - Productlevel FC.csv"
Available,041020,NAS Götterspeise Mix Box - 6 Sachets + 6 Vanilla Sauce,Jelly,b2b fc nov26,b2b fc,0,2026-11-01,2026-09-01,"Copy of Retail Forecast Model 12mr - 2026 - September 9, 2_15 PM - Productlevel FC.csv"
Available,041101-250,"NAS Sauce - Vanilla,  250g",Vanilla Sauce,b2b fc nov26,b2b fc,0,2026-11-01,2026-09-01,"Copy of Retail Forecast Model 12mr - 2026 - September 9, 2_15 PM - Productlevel FC.csv"
Available,041101-B,"NAS Sauce - Vanilla, Bulk",Bulk,b2b fc nov26,b2b fc,0,2026-11-01,2026-09-01,"Copy of Retail Forecast Model 12mr - 2026 - September 9, 2_15 PM - Productlevel FC.csv"
Available,041101-S,"NAS Sauce - Vanilla, Sachet 25g",Sachet,b2b fc nov26,b2b fc,0,2026-11-01,2026-09-01,"Copy of Retail Forecast Model 12mr - 2026 - September 9, 2_15 PM - Productlevel FC.csv"
Available,041120,"Vanilla Sauce MixBox, 5x25g",Vanilla Sauce,b2b fc nov26,b2b fc,0,2026-11-01,2026-09-01,"Copy of Retail Forecast Model 12mr - 2026 - September 9, 2_15 PM - Productlevel FC.csv"
Available,050101,"Crazy Hazel Nougat Cream Low Sugar, 200g",Spreads,b2b fc nov26,b2b fc,43788,2026-11-01,2026-09-01,"Copy of Retail Forecast Model 12mr - 2026 - September 9, 2_15 PM - Productlevel FC.csv"
Available,050101-B,"Crazy Hazel Nougat Cream Low Sugar, Bucket 20kg",Bulk,b2b fc nov26,b2b fc,0,2026-11-01,2026-09-01,"Copy of Retail Forecast Model 12mr - 2026 - September 9, 2_15 PM - Productlevel FC.csv"
Available,050101-J350,"Crazy Hazel Nougat Cream Low Sugar, 350g",Spreads,b2b fc nov26,b2b fc,0,2026-11-01,2026-09-01,"Copy of Retail Forecast Model 12mr - 2026 - September 9, 2_15 PM - Productlevel FC.csv"
Available,050102,"Crazy Hazel vegan Nougat Cream Low Sugar, 200g",Spreads,b2b fc nov26,b2b fc,9243,2026-11-01,2026-09-01,"Copy of Retail Forecast Model 12mr - 2026 - September 9, 2_15 PM - Productlevel FC.csv"
Available,050102-B,"Crazy Hazel vegan Nougat Cream Low Sugar, Bucket 20kg",Bulk,b2b fc nov26,b2b fc,0,2026-11-01,2026-09-01,"Copy of Retail Forecast Model 12mr - 2026 - September 9, 2_15 PM - Productlevel FC.csv"
Available,050103,"Crazy Hazel White Choco Cream, 200g",Spreads,b2b fc nov26,b2b fc,55054,2026-11-01,2026-09-01,"Copy of Retail Forecast Model 12mr - 2026 - September 9, 2_15 PM - Productlevel FC.csv"
Available,050103-B,"Crazy Hazel White Choco Cream, Bucket 20kg",Bulk,b2b fc nov26,b2b fc,0,2026-11-01,2026-09-01,"Copy of Retail Forecast Model 12mr - 2026 - September 9, 2_15 PM - Productlevel FC.csv"
Available,050103-J350,"Crazy Hazel White Choco Cream, 350g",Spreads,b2b fc nov26,b2b fc,0,2026-11-01,2026-09-01,"Copy of Retail Forecast Model 12mr - 2026 - September 9, 2_15 PM - Productlevel FC.csv"
Available,050104,"Crazy Hazel White Crunchy, 200g",Spreads,b2b fc nov26,b2b fc,197,2026-11-01,2026-09-01,"Copy of Retail Forecast Model 12mr - 2026 - September 9, 2_15 PM - Productlevel FC.csv"
Available,050105,"Crazy Pistacchio, 200g",Spreads,b2b fc nov26,b2b fc,20565,2026-11-01,2026-09-01,"Copy of Retail Forecast Model 12mr - 2026 - September 9, 2_15 PM - Productlevel FC.csv"
Available,050105-B,"Crazy Pistacchio, Bucket 20kg",Bulk,b2b fc nov26,b2b fc,0,2026-11-01,2026-09-01,"Copy of Retail Forecast Model 12mr - 2026 - September 9, 2_15 PM - Productlevel FC.csv"
Available,050105-J350,"Crazy Pistacchio, 350g",Spreads,b2b fc nov26,b2b fc,0,2026-11-01,2026-09-01,"Copy of Retail Forecast Model 12mr - 2026 - September 9, 2_15 PM - Productlevel FC.csv"
Available,050106-1,"Spread Tray Bundle (Normal, White, Pistachio), 6x200g",Spreads,b2b fc nov26,b2b fc,0,2026-11-01,2026-09-01,"Copy of Retail Forecast Model 12mr - 2026 - September 9, 2_15 PM - Productlevel FC.csv"
Available,050107,"Crazy Spekulatius, 200g",Spreads,b2b fc nov26,b2b fc,0,2026-11-01,2026-09-01,"Copy of Retail Forecast Model 12mr - 2026 - September 9, 2_15 PM - Productlevel FC.csv"
Available,050108,"Crunchy Crazy Pistachio, 200g",Spreads,b2b fc nov26,b2b fc,0,2026-11-01,2026-09-01,"Copy of Retail Forecast Model 12mr - 2026 - September 9, 2_15 PM - Productlevel FC.csv"
Available,050109,"Crunchy Crazy Hazel, 200g",Spreads,b2b fc nov26,b2b fc,0,2026-11-01,2026-09-01,"Copy of Retail Forecast Model 12mr - 2026 - September 9, 2_15 PM - Productlevel FC.csv"
Available,050202,ahead Crunchies Crazy Hazel 1x 240g,Cereals,b2b fc nov26,b2b fc,4732,2026-11-01,2026-09-01,"Copy of Retail Forecast Model 12mr - 2026 - September 9, 2_15 PM - Productlevel FC.csv"
Available,050203,ahead Crunchies White Crazy Hazel 1x 240g,Cereals,b2b fc nov26,b2b fc,5143,2026-11-01,2026-09-01,"Copy of Retail Forecast Model 12mr - 2026 - September 9, 2_15 PM - Productlevel FC.csv"
NPD,050204,NAS Cereal - Cinnamon Rings/Hoops ('Cinni Minis'),Cereals,b2b fc nov26,b2b fc,2156,2026-11-01,2026-09-01,"Copy of Retail Forecast Model 12mr - 2026 - September 9, 2_15 PM - Productlevel FC.csv"
NPD,050205,NAS Cereal - Chocolate Rings/Hoops,Cereals,b2b fc nov26,b2b fc,0,2026-11-01,2026-09-01,"Copy of Retail Forecast Model 12mr - 2026 - September 9, 2_15 PM - Productlevel FC.csv"
NPD,050208,NAS/Protein Bites (Cereal) - Tutti Frutti Flavour 210g,Cereals,b2b fc nov26,b2b fc,11532,2026-11-01,2026-09-01,"Copy of Retail Forecast Model 12mr - 2026 - September 9, 2_15 PM - Productlevel FC.csv"
Available,050301,"Jam - Strawberry, 200g",Jams,b2b fc nov26,b2b fc,5860,2026-11-01,2026-09-01,"Copy of Retail Forecast Model 12mr - 2026 - September 9, 2_15 PM - Productlevel FC.csv"
Available,050302,"Jam - Raspberry, 200g",Jams,b2b fc nov26,b2b fc,3870,2026-11-01,2026-09-01,"Copy of Retail Forecast Model 12mr - 2026 - September 9, 2_15 PM - Productlevel FC.csv"
Available,050303,"Jam - Black Currant, 200g",Jams,b2b fc nov26,b2b fc,5667,2026-11-01,2026-09-01,"Copy of Retail Forecast Model 12mr - 2026 - September 9, 2_15 PM - Productlevel FC.csv"
Available,050304,"Jam - Cinnamon Plum, 200g",Jams,b2b fc nov26,b2b fc,0,2026-11-01,2026-09-01,"Copy of Retail Forecast Model 12mr - 2026 - September 9, 2_15 PM - Productlevel FC.csv"
Available,050306,"Winter Jam - Sour Cherry, 200g",Jams,b2b fc nov26,b2b fc,0,2026-11-01,2026-09-01,"Copy of Retail Forecast Model 12mr - 2026 - September 9, 2_15 PM - Productlevel FC.csv"
Available,10503,"Soft Cookies, Lebkuchen Style, 4x40g",,b2b fc nov26,b2b fc,2960,2026-11-01,2026-09-01,"Copy of Retail Forecast Model 12mr - 2026 - September 9, 2_15 PM - Productlevel FC.csv"
Available,304020,"Chocolate Advent Calendar, Filled Pralines, 200g",Kalender,b2b fc nov26,b2b fc,0,2026-11-01,2026-09-01,"Copy of Retail Forecast Model 12mr - 2026 - September 9, 2_15 PM - Productlevel FC.csv"
Available,304080,"ahead - Partnerships, MixBox",MixBox,b2b fc nov26,b2b fc,0,2026-11-01,2026-09-01,"Copy of Retail Forecast Model 12mr - 2026 - September 9, 2_15 PM - Productlevel FC.csv"
Available,305040,"ahead - Partnerships, Gummies MixBox",MixBox,b2b fc nov26,b2b fc,0,2026-11-01,2026-09-01,"Copy of Retail Forecast Model 12mr - 2026 - September 9, 2_15 PM - Productlevel FC.csv"
Available,010102,ahead Low Sugar Chocolate Bar - Coconut Almond 35g,Chocolate Bars,b2b fc dec26,b2b fc,57725,2026-12-01,2026-10-01,"Copy of Retail Forecast Model 12mr - 2026 - October 6, 4_50 PM - Productlevel FC.csv"
Available,010103,ahead Low Sugar Chocolate Bar - Salted Peanut Caramel 35g,Chocolate Bars,b2b fc dec26,b2b fc,187450,2026-12-01,2026-10-01,"Copy of Retail Forecast Model 12mr - 2026 - October 6, 4_50 PM - Productlevel FC.csv"
Available,010104,ahead Low Sugar Chocolate Bar - Hazelnut Cacao 35g,Chocolate Bars,b2b fc dec26,b2b fc,131197,2026-12-01,2026-10-01,"Copy of Retail Forecast Model 12mr - 2026 - October 6, 4_50 PM - Productlevel FC.csv"
Available,010105,ahead Low Sugar Chocolate Bar - Crunchy Nougat 35g,Chocolate Bars,b2b fc dec26,b2b fc,45657,2026-12-01,2026-10-01,"Copy of Retail Forecast Model 12mr - 2026 - October 6, 4_50 PM - Productlevel FC.csv"
Available,010124,ahead Low Sugar Chocolate Bar - Mix Box 2.0  4x3,Chocolate Bars,b2b fc dec26,b2b fc,0,2026-12-01,2026-10-01,"Copy of Retail Forecast Model 12mr - 2026 - October 6, 4_50 PM - Productlevel FC.csv"
Available,010125,ahead Low Sugar Chocolate Bar - Mix Box 3.0 4x3,Chocolate Bars,b2b fc dec26,b2b fc,10,2026-12-01,2026-10-01,"Copy of Retail Forecast Model 12mr - 2026 - October 6, 4_50 PM - Productlevel FC.csv"
Available,010201,"Ahead Low Sugar Nut Bar - Coconut Almond, 35g",Nut Bars,b2b fc dec26,b2b fc,25631,2026-12-01,2026-10-01,"Copy of Retail Forecast Model 12mr - 2026 - October 6, 4_50 PM - Productlevel FC.csv"
Available,010202,"Ahead Low Sugar Nut Bar - Cashew Pretzel, 35g",Nut Bars,b2b fc dec26,b2b fc,87929,2026-12-01,2026-10-01,"Copy of Retail Forecast Model 12mr - 2026 - October 6, 4_50 PM - Productlevel FC.csv"
Available,010203,"Ahead Low Sugar Nut Bar - Dark & Salty, 35g",Nut Bars,b2b fc dec26,b2b fc,32167,2026-12-01,2026-10-01,"Copy of Retail Forecast Model 12mr - 2026 - October 6, 4_50 PM - Productlevel FC.csv"
Available,010220,ahead Low Sugar Nut Bar - Mix Box 3x4,Nut Bars,b2b fc dec26,b2b fc,10,2026-12-01,2026-10-01,"Copy of Retail Forecast Model 12mr - 2026 - October 6, 4_50 PM - Productlevel FC.csv"
Available,010301,"ahead Protein Bar - COOKIES & CREAM, 45g",Protein Bars,b2b fc dec26,b2b fc,67238,2026-12-01,2026-10-01,"Copy of Retail Forecast Model 12mr - 2026 - October 6, 4_50 PM - Productlevel FC.csv"
Available,010302,"ahead Protein Bar - PEANUT CARAMEL, 45g",Protein Bars,b2b fc dec26,b2b fc,57707,2026-12-01,2026-10-01,"Copy of Retail Forecast Model 12mr - 2026 - October 6, 4_50 PM - Productlevel FC.csv"
Available,010303,"ahead Protein Bar - HAZELNUT NOUGAT, 45g",Protein Bars,b2b fc dec26,b2b fc,38042,2026-12-01,2026-10-01,"Copy of Retail Forecast Model 12mr - 2026 - October 6, 4_50 PM - Productlevel FC.csv"
Available,010304,"ahead Protein Bar - COCONUT ALMOND, 45g",Protein Bars,b2b fc dec26,b2b fc,56148,2026-12-01,2026-10-01,"Copy of Retail Forecast Model 12mr - 2026 - October 6, 4_50 PM - Productlevel FC.csv"
Available,010305,"ahead Protein Bar - FUDGE CHOCOLATE BROWNIE, 45g",Protein Bars,b2b fc dec26,b2b fc,78052,2026-12-01,2026-10-01,"Copy of Retail Forecast Model 12mr - 2026 - October 6, 4_50 PM - Productlevel FC.csv"
Ordered,010306,"ahead Protein Bar - DARK CHOCOLATE RASPBERRY, 45g",Protein Bars,b2b fc dec26,b2b fc,45833,2026-12-01,2026-10-01,"Copy of Retail Forecast Model 12mr - 2026 - October 6, 4_50 PM - Productlevel FC.csv"
Available,010307,"ahead Protein Bar - LEMON CHEESECAKE , 45g",Protein Bars,b2b fc dec26,b2b fc,69562,2026-12-01,2026-10-01,"Copy of Retail Forecast Model 12mr - 2026 - October 6, 4_50 PM - Productlevel FC.csv"
Ordered,010308,"ahead Protein Bar - Strawberry Yogurt, 45g",Protein Bars,b2b fc dec26,b2b fc,47999,2026-12-01,2026-10-01,"Copy of Retail Forecast Model 12mr - 2026 - October 6, 4_50 PM - Productlevel FC.csv"
Available,010309,"ahead Protein Bar - Dominostein, 45g",Protein Bars,b2b fc dec26,b2b fc,0,2026-12-01,2026-10-01,"Copy of Retail Forecast Model 12mr - 2026 - October 6, 4_50 PM - Productlevel FC.csv"
Available,010310,"ahead Protein Bar - Linzer Flavour, 45g",Protein Bars,b2b fc dec26,b2b fc,0,2026-12-01,2026-10-01,"Copy of Retail Forecast Model 12mr - 2026 - October 6, 4_50 PM - Productlevel FC.csv"
NPD,010311,"Protein Bar, Zimt Stern, 45g",Protein Bars,b2b fc dec26,b2b fc,0,2026-12-01,2026-10-01,"Copy of Retail Forecast Model 12mr - 2026 - October 6, 4_50 PM - Productlevel FC.csv"
Available,010320,Protein Mix Box - 12 Bars,Protein Bars,b2b fc dec26,b2b fc,10,2026-12-01,2026-10-01,"Copy of Retail Forecast Model 12mr - 2026 - October 6, 4_50 PM - Productlevel FC.csv"
NPD,010321,Protein MixBox - Limited Edition (6x 45g),Protein Bars,b2b fc dec26,b2b fc,0,2026-12-01,2026-10-01,"Copy of Retail Forecast Model 12mr - 2026 - October 6, 4_50 PM - Productlevel FC.csv"
Available,010401,PB Cups - Milk Chocolate 2x17g,NB Cups,b2b fc dec26,b2b fc,871,2026-12-01,2026-10-01,"Copy of Retail Forecast Model 12mr - 2026 - October 6, 4_50 PM - Productlevel FC.csv"
Available,010402,PB Cups - Dark Chocolate 2x17g,NB Cups,b2b fc dec26,b2b fc,0,2026-12-01,2026-10-01,"Copy of Retail Forecast Model 12mr - 2026 - October 6, 4_50 PM - Productlevel FC.csv"
Available,010403,PB Cups - White Chocolate 2x17g,NB Cups,b2b fc dec26,b2b fc,0,2026-12-01,2026-10-01,"Copy of Retail Forecast Model 12mr - 2026 - October 6, 4_50 PM - Productlevel FC.csv"
Available,010405,PisB Cups - White Chocolate 2x17g,NB Cups,b2b fc dec26,b2b fc,1110,2026-12-01,2026-10-01,"Copy of Retail Forecast Model 12mr - 2026 - October 6, 4_50 PM - Productlevel FC.csv"
Available,010406,Butter Cups - Milk Chocolate Lebkuchen (Gingerbread) 2x17g,NB Cups,b2b fc dec26,b2b fc,0,2026-12-01,2026-10-01,"Copy of Retail Forecast Model 12mr - 2026 - October 6, 4_50 PM - Productlevel FC.csv"
Available,010407,Butter Cups - White Chocolate Vanillekipferl 2x17g,NB Cups,b2b fc dec26,b2b fc,0,2026-12-01,2026-10-01,"Copy of Retail Forecast Model 12mr - 2026 - October 6, 4_50 PM - Productlevel FC.csv"
Available,010408,Butter Cups - Dark Chocolate Marzipan 2x17g,NB Cups,b2b fc dec26,b2b fc,0,2026-12-01,2026-10-01,"Copy of Retail Forecast Model 12mr - 2026 - October 6, 4_50 PM - Productlevel FC.csv"
Ordered,010409,Butter Cups - Pumpkin Spice 2x17g,NB Cups,b2b fc dec26,b2b fc,0,2026-12-01,2026-10-01,"Copy of Retail Forecast Model 12mr - 2026 - October 6, 4_50 PM - Productlevel FC.csv"
NPD,010410,High Protein Peanut Butter Cups with Peanut Pieces (2x34g),NB Cups,b2b fc dec26,b2b fc,35353,2026-12-01,2026-10-01,"Copy of Retail Forecast Model 12mr - 2026 - October 6, 4_50 PM - Productlevel FC.csv"
NPD,010411,High Protein Hazelnut Butter Cups with Hazelnut Pieces (2x34g),NB Cups,b2b fc dec26,b2b fc,18110,2026-12-01,2026-10-01,"Copy of Retail Forecast Model 12mr - 2026 - October 6, 4_50 PM - Productlevel FC.csv"
NPD,010412,High Protein Pistachio Butter Cups with Pistachio Pieces (2x34g),NB Cups,b2b fc dec26,b2b fc,34820,2026-12-01,2026-10-01,"Copy of Retail Forecast Model 12mr - 2026 - October 6, 4_50 PM - Productlevel FC.csv"
Available,010420,"NutButter Cups  MixBox, 10 stk",NB Cups,b2b fc dec26,b2b fc,0,2026-12-01,2026-10-01,"Copy of Retail Forecast Model 12mr - 2026 - October 6, 4_50 PM - Productlevel FC.csv"
NPD,010421,NutButter Cups  MixBox - Limited Edition (6x 34g),NB Cups,b2b fc dec26,b2b fc,0,2026-12-01,2026-10-01,"Copy of Retail Forecast Model 12mr - 2026 - October 6, 4_50 PM - Productlevel FC.csv"
Available,010501,ahead Soft Baked Cookies Box 4x40g,Cookies,b2b fc dec26,b2b fc,39500,2026-12-01,2026-10-01,"Copy of Retail Forecast Model 12mr - 2026 - October 6, 4_50 PM - Productlevel FC.csv"
NPD,010502,Soft Cookie - Chocolate Chip & Hazelnut 4x40g,Cookies,b2b fc dec26,b2b fc,0,2026-12-01,2026-10-01,"Copy of Retail Forecast Model 12mr - 2026 - October 6, 4_50 PM - Productlevel FC.csv"
Ordered,010503,"Soft Cookie - Lebkuchen Style, 4x40g",Cookies,b2b fc dec26,b2b fc,0,2026-12-01,2026-10-01,"Copy of Retail Forecast Model 12mr - 2026 - October 6, 4_50 PM - Productlevel FC.csv"
Available,010601,"ahead Gummies - Cola Bottles, 50g",Gummies,b2b fc dec26,b2b fc,264974,2026-12-01,2026-10-01,"Copy of Retail Forecast Model 12mr - 2026 - October 6, 4_50 PM - Productlevel FC.csv"
Available,010602,"ahead Gummies - Fluffy Hearts, 50g",Gummies,b2b fc dec26,b2b fc,259542,2026-12-01,2026-10-01,"Copy of Retail Forecast Model 12mr - 2026 - October 6, 4_50 PM - Productlevel FC.csv"
Available,010603,"ahead Gummies - Sweet Peaches, 50g",Gummies,b2b fc dec26,b2b fc,114491,2026-12-01,2026-10-01,"Copy of Retail Forecast Model 12mr - 2026 - October 6, 4_50 PM - Productlevel FC.csv"
Available,010604,"ahead Gummies - Sour Cherries, 50g",Gummies,b2b fc dec26,b2b fc,260908,2026-12-01,2026-10-01,"Copy of Retail Forecast Model 12mr - 2026 - October 6, 4_50 PM - Productlevel FC.csv"
Ordered,010605,"ahead Gummies - Vampires, 50g",Gummies,b2b fc dec26,b2b fc,92540,2026-12-01,2026-10-01,"Copy of Retail Forecast Model 12mr - 2026 - October 6, 4_50 PM - Productlevel FC.csv"
Available,010606,"ahead Gummies - Green Apples, 50g",Gummies,b2b fc dec26,b2b fc,295882,2026-12-01,2026-10-01,"Copy of Retail Forecast Model 12mr - 2026 - October 6, 4_50 PM - Productlevel FC.csv"
NPD,010607,"Gummies - Sour Worms, 50g",Gummies,b2b fc dec26,b2b fc,89548,2026-12-01,2026-10-01,"Copy of Retail Forecast Model 12mr - 2026 - October 6, 4_50 PM - Productlevel FC.csv"
NPD,010608,"Gummies - Crazy Frogs, 50g",Gummies,b2b fc dec26,b2b fc,114847,2026-12-01,2026-10-01,"Copy of Retail Forecast Model 12mr - 2026 - October 6, 4_50 PM - Productlevel FC.csv"
Ordered,010609,"Gummies - Goldbären, 50g",Gummies,b2b fc dec26,b2b fc,146094,2026-12-01,2026-10-01,"Copy of Retail Forecast Model 12mr - 2026 - October 6, 4_50 PM - Productlevel FC.csv"
Available,010610,"Gummies - Winter Friends, 50g",Gummies,b2b fc dec26,b2b fc,0,2026-12-01,2026-10-01,"Copy of Retail Forecast Model 12mr - 2026 - October 6, 4_50 PM - Productlevel FC.csv"
Available,010611,"Gummies - Winter Magic, 50g",Gummies,b2b fc dec26,b2b fc,0,2026-12-01,2026-10-01,"Copy of Retail Forecast Model 12mr - 2026 - October 6, 4_50 PM - Productlevel FC.csv"
Available,010612,"Gummies - Sweet Hearts, 50g",Gummies,b2b fc dec26,b2b fc,71173,2026-12-01,2026-10-01,"Copy of Retail Forecast Model 12mr - 2026 - October 6, 4_50 PM - Productlevel FC.csv"
NPD,010613,"Gummies - Sweet Champions, 50g",Gummies,b2b fc dec26,b2b fc,0,2026-12-01,2026-10-01,"Copy of Retail Forecast Model 12mr - 2026 - October 6, 4_50 PM - Productlevel FC.csv"
Available,010620,"ahead Gummies - Mix Box, 12x50g",MixBox,b2b fc dec26,b2b fc,10,2026-12-01,2026-10-01,"Copy of Retail Forecast Model 12mr - 2026 - October 6, 4_50 PM - Productlevel FC.csv"
Available,010701,"Hazelnut Crunch Caramel Bar, 38g",Caramel Bars,b2b fc dec26,b2b fc,33954,2026-12-01,2026-10-01,"Copy of Retail Forecast Model 12mr - 2026 - October 6, 4_50 PM - Productlevel FC.csv"
Available,010702,"Popcorn Crunch Caramel Bar, 38g",Caramel Bars,b2b fc dec26,b2b fc,16442,2026-12-01,2026-10-01,"Copy of Retail Forecast Model 12mr - 2026 - October 6, 4_50 PM - Productlevel FC.csv"
Ordered,010703,"Peanut Crunch Caramel Bar, 38g",Caramel Bars,b2b fc dec26,b2b fc,0,2026-12-01,2026-10-01,"Copy of Retail Forecast Model 12mr - 2026 - October 6, 4_50 PM - Productlevel FC.csv"
Available,010801,"Chocolate Chunks - Dark Chocolate, 175g",Chocolate Chunks,b2b fc dec26,b2b fc,0,2026-12-01,2026-10-01,"Copy of Retail Forecast Model 12mr - 2026 - October 6, 4_50 PM - Productlevel FC.csv"
Available,010801-B150,"Chocolate Chunks - Dark Chocolate, 150g",Chocolate Chunks,b2b fc dec26,b2b fc,0,2026-12-01,2026-10-01,"Copy of Retail Forecast Model 12mr - 2026 - October 6, 4_50 PM - Productlevel FC.csv"
Available,010802,"Chocolate Chunks - White Chocolate, 175g",Chocolate Chunks,b2b fc dec26,b2b fc,0,2026-12-01,2026-10-01,"Copy of Retail Forecast Model 12mr - 2026 - October 6, 4_50 PM - Productlevel FC.csv"
Available,010802-B150,"Chocolate Chunks - White Chocolate, 150g",Chocolate Chunks,b2b fc dec26,b2b fc,0,2026-12-01,2026-10-01,"Copy of Retail Forecast Model 12mr - 2026 - October 6, 4_50 PM - Productlevel FC.csv"
Available,010803,"Chocolate Chunks - Marbled Chocolate, 175g",Chocolate Chunks,b2b fc dec26,b2b fc,0,2026-12-01,2026-10-01,"Copy of Retail Forecast Model 12mr - 2026 - October 6, 4_50 PM - Productlevel FC.csv"
Available,010803-B150,"Chocolate Chunks - Marbled Chocolate, 150g",Chocolate Chunks,b2b fc dec26,b2b fc,0,2026-12-01,2026-10-01,"Copy of Retail Forecast Model 12mr - 2026 - October 6, 4_50 PM - Productlevel FC.csv"
Available,010804,"Chocolate Chunks - Strawberry Yoghurt Flavour, 150g",Chocolate Chunks,b2b fc dec26,b2b fc,0,2026-12-01,2026-10-01,"Copy of Retail Forecast Model 12mr - 2026 - October 6, 4_50 PM - Productlevel FC.csv"
Available,010805,"Chocolate Chunks - Milk Chocolate, 150g",Chocolate Chunks,b2b fc dec26,b2b fc,0,2026-12-01,2026-10-01,"Copy of Retail Forecast Model 12mr - 2026 - October 6, 4_50 PM - Productlevel FC.csv"
Available,010806,"Coco Chunks - White Coconut, 150g",Chocolate Chunks,b2b fc dec26,b2b fc,0,2026-12-01,2026-10-01,"Copy of Retail Forecast Model 12mr - 2026 - October 6, 4_50 PM - Productlevel FC.csv"
Available,010901,"Wafer Bar - Crazy Hazel, 30g",Wafer Bars,b2b fc dec26,b2b fc,30516,2026-12-01,2026-10-01,"Copy of Retail Forecast Model 12mr - 2026 - October 6, 4_50 PM - Productlevel FC.csv"
Available,010902,"Wafer Bar - Crazy Hazel White, 30g",Wafer Bars,b2b fc dec26,b2b fc,34618,2026-12-01,2026-10-01,"Copy of Retail Forecast Model 12mr - 2026 - October 6, 4_50 PM - Productlevel FC.csv"
Available,010903,"Wafer Bar - Crazy Pistachio, 30g",Wafer Bars,b2b fc dec26,b2b fc,30533,2026-12-01,2026-10-01,"Copy of Retail Forecast Model 12mr - 2026 - October 6, 4_50 PM - Productlevel FC.csv"
Available,010920,Wafer Bar Mix Box (12x30g),Wafer Bars,b2b fc dec26,b2b fc,0,2026-12-01,2026-10-01,"Copy of Retail Forecast Model 12mr - 2026 - October 6, 4_50 PM - Productlevel FC.csv"
Ordered,011901,"NAS Cookies - Dark Cocoa, 176g",NAS Oreos,b2b fc dec26,b2b fc,0,2026-12-01,2026-10-01,"Copy of Retail Forecast Model 12mr - 2026 - October 6, 4_50 PM - Productlevel FC.csv"
Ordered,011902,"NAS Cookies - Light Vanilla, 176g",NAS Oreos,b2b fc dec26,b2b fc,0,2026-12-01,2026-10-01,"Copy of Retail Forecast Model 12mr - 2026 - October 6, 4_50 PM - Productlevel FC.csv"
Available,020101,"ahead Crispies Paprika, 50g",Crispies,b2b fc dec26,b2b fc,32390,2026-12-01,2026-10-01,"Copy of Retail Forecast Model 12mr - 2026 - October 6, 4_50 PM - Productlevel FC.csv"
Available,020102,"ahead Crispies Cheese, 50g",Crispies,b2b fc dec26,b2b fc,27508,2026-12-01,2026-10-01,"Copy of Retail Forecast Model 12mr - 2026 - October 6, 4_50 PM - Productlevel FC.csv"
Available,020103,"ahead Crispies Sour Cream, 50g",Crispies,b2b fc dec26,b2b fc,32466,2026-12-01,2026-10-01,"Copy of Retail Forecast Model 12mr - 2026 - October 6, 4_50 PM - Productlevel FC.csv"
NPD,020106,"Protein Flips - Truffle, 50g",Crispies,b2b fc dec26,b2b fc,21469,2026-12-01,2026-10-01,"Copy of Retail Forecast Model 12mr - 2026 - October 6, 4_50 PM - Productlevel FC.csv"
NPD,020107,"Protein Flips - (Salt & Vinegar), 50g",Crispies,b2b fc dec26,b2b fc,21469,2026-12-01,2026-10-01,"Copy of Retail Forecast Model 12mr - 2026 - October 6, 4_50 PM - Productlevel FC.csv"
Available,020108,"Sweet Chili Protein Chips, 50 g",Crispies,b2b fc dec26,b2b fc,0,2026-12-01,2026-10-01,"Copy of Retail Forecast Model 12mr - 2026 - October 6, 4_50 PM - Productlevel FC.csv"
Available,020109,"Paprika Protein Chips, 50 g",Crispies,b2b fc dec26,b2b fc,0,2026-12-01,2026-10-01,"Copy of Retail Forecast Model 12mr - 2026 - October 6, 4_50 PM - Productlevel FC.csv"
Available,020120,"Crispies Mix Box, 6x50g",Crispies,b2b fc dec26,b2b fc,0,2026-12-01,2026-10-01,"Copy of Retail Forecast Model 12mr - 2026 - October 6, 4_50 PM - Productlevel FC.csv"
Available,020120-V2,Flips Probieraket 2.0 (6x50g),Crispies,b2b fc dec26,b2b fc,10,2026-12-01,2026-10-01,"Copy of Retail Forecast Model 12mr - 2026 - October 6, 4_50 PM - Productlevel FC.csv"
NPD,020201,"Protein Chips - Sweet Chili, 50g",Crispies,b2b fc dec26,b2b fc,0,2026-12-01,2026-10-01,"Copy of Retail Forecast Model 12mr - 2026 - October 6, 4_50 PM - Productlevel FC.csv"
NPD,020202,"Protein Chips - BBQ, 50g",Crispies,b2b fc dec26,b2b fc,0,2026-12-01,2026-10-01,"Copy of Retail Forecast Model 12mr - 2026 - October 6, 4_50 PM - Productlevel FC.csv"
NPD,020301,"Popped Tortilla Chips - Sour Cream & Green Onion, 60g",Popped Chips,b2b fc dec26,b2b fc,0,2026-12-01,2026-10-01,"Copy of Retail Forecast Model 12mr - 2026 - October 6, 4_50 PM - Productlevel FC.csv"
NPD,020302,"Popped Tortilla Chips - Sundried Tomato & Black Olive Flavour, 60g",Popped Chips,b2b fc dec26,b2b fc,0,2026-12-01,2026-10-01,"Copy of Retail Forecast Model 12mr - 2026 - October 6, 4_50 PM - Productlevel FC.csv"
NPD,020303,"Popped Tortilla Chips - Barbecue Flavour, 60g",Popped Chips,b2b fc dec26,b2b fc,0,2026-12-01,2026-10-01,"Copy of Retail Forecast Model 12mr - 2026 - October 6, 4_50 PM - Productlevel FC.csv"
NPD,020304,"Popped Tortilla Chips - Nacho Cheese & Jalapeno, 60g",Popped Chips,b2b fc dec26,b2b fc,0,2026-12-01,2026-10-01,"Copy of Retail Forecast Model 12mr - 2026 - October 6, 4_50 PM - Productlevel FC.csv"
Available,030201,Peach Ice Tea Zero Sugar Sirup 48ml,ZeroSugar Sirup,b2b fc dec26,b2b fc,40341,2026-12-01,2026-10-01,"Copy of Retail Forecast Model 12mr - 2026 - October 6, 4_50 PM - Productlevel FC.csv"
Available,030202,Lemon Zero Sugar Sirup 48ml,ZeroSugar Sirup,b2b fc dec26,b2b fc,7353,2026-12-01,2026-10-01,"Copy of Retail Forecast Model 12mr - 2026 - October 6, 4_50 PM - Productlevel FC.csv"
Available,030203,Cherry Zero Sugar Sirup  48ml,ZeroSugar Sirup,b2b fc dec26,b2b fc,15789,2026-12-01,2026-10-01,"Copy of Retail Forecast Model 12mr - 2026 - October 6, 4_50 PM - Productlevel FC.csv"
Available,030204,Mango Passionfruit Zero Sugar Sirup 48ml,ZeroSugar Sirup,b2b fc dec26,b2b fc,39376,2026-12-01,2026-10-01,"Copy of Retail Forecast Model 12mr - 2026 - October 6, 4_50 PM - Productlevel FC.csv"
Available,030205,Apple Zero Sugar Sirup 48ml,ZeroSugar Sirup,b2b fc dec26,b2b fc,10745,2026-12-01,2026-10-01,"Copy of Retail Forecast Model 12mr - 2026 - October 6, 4_50 PM - Productlevel FC.csv"
Available,030206,Holunderblüte Zero Sugar Sirup 48ml,ZeroSugar Sirup,b2b fc dec26,b2b fc,6628,2026-12-01,2026-10-01,"Copy of Retail Forecast Model 12mr - 2026 - October 6, 4_50 PM - Productlevel FC.csv"
Available,030207,Orange Zero Sugar Sirup 48ml,ZeroSugar Sirup,b2b fc dec26,b2b fc,7365,2026-12-01,2026-10-01,"Copy of Retail Forecast Model 12mr - 2026 - October 6, 4_50 PM - Productlevel FC.csv"
Available,030208,Bitter Lemon Zero Sugar Sirup 48ml,ZeroSugar Sirup,b2b fc dec26,b2b fc,912,2026-12-01,2026-10-01,"Copy of Retail Forecast Model 12mr - 2026 - October 6, 4_50 PM - Productlevel FC.csv"
Available,030209,Watermelon Zero Sugar Sirup 48ml,ZeroSugar Sirup,b2b fc dec26,b2b fc,12552,2026-12-01,2026-10-01,"Copy of Retail Forecast Model 12mr - 2026 - October 6, 4_50 PM - Productlevel FC.csv"
Available,030210,Lime-Mint Zero Sugar Sirup 48ml,ZeroSugar Sirup,b2b fc dec26,b2b fc,912,2026-12-01,2026-10-01,"Copy of Retail Forecast Model 12mr - 2026 - October 6, 4_50 PM - Productlevel FC.csv"
Available,030211,Strawberry Lemonade Zero Sugar Sirup 48ml,ZeroSugar Sirup,b2b fc dec26,b2b fc,4301,2026-12-01,2026-10-01,"Copy of Retail Forecast Model 12mr - 2026 - October 6, 4_50 PM - Productlevel FC.csv"
Available,030212,Green Apple Zero Sugar Sirup 48ml,ZeroSugar Sirup,b2b fc dec26,b2b fc,3548,2026-12-01,2026-10-01,"Copy of Retail Forecast Model 12mr - 2026 - October 6, 4_50 PM - Productlevel FC.csv"
NPD,030213,Grapfruit Zero sugar Sirup 48ml,ZeroSugar Sirup,b2b fc dec26,b2b fc,27677,2026-12-01,2026-10-01,"Copy of Retail Forecast Model 12mr - 2026 - October 6, 4_50 PM - Productlevel FC.csv"
Available,030214,Waldmeister Zero Sugar 48ml,ZeroSugar Sirup,b2b fc dec26,b2b fc,5253,2026-12-01,2026-10-01,"Copy of Retail Forecast Model 12mr - 2026 - October 6, 4_50 PM - Productlevel FC.csv"
Available,030215,Caramel Zero Sugar 48ml,ZeroSugar Sirup,b2b fc dec26,b2b fc,1538,2026-12-01,2026-10-01,"Copy of Retail Forecast Model 12mr - 2026 - October 6, 4_50 PM - Productlevel FC.csv"
Available,030216,Pumpkin Spice Zero Sugar 48ml,ZeroSugar Sirup,b2b fc dec26,b2b fc,575,2026-12-01,2026-10-01,"Copy of Retail Forecast Model 12mr - 2026 - October 6, 4_50 PM - Productlevel FC.csv"
Available,030217,Hazelnut Zero Sugar 48ml,ZeroSugar Sirup,b2b fc dec26,b2b fc,1510,2026-12-01,2026-10-01,"Copy of Retail Forecast Model 12mr - 2026 - October 6, 4_50 PM - Productlevel FC.csv"
Available,030218,Vanilla Zero Sugar 48ml,ZeroSugar Sirup,b2b fc dec26,b2b fc,1467,2026-12-01,2026-10-01,"Copy of Retail Forecast Model 12mr - 2026 - October 6, 4_50 PM - Productlevel FC.csv"
NPD,030219,Zero sugar syrup - Cassis Flavour 48ml,ZeroSugar Sirup,b2b fc dec26,b2b fc,3879,2026-12-01,2026-10-01,"Copy of Retail Forecast Model 12mr - 2026 - October 6, 4_50 PM - Productlevel FC.csv"
Available,030301,NAS Sirup - Chocolate,ZeroSugar Sirup,b2b fc dec26,b2b fc,0,2026-12-01,2026-10-01,"Copy of Retail Forecast Model 12mr - 2026 - October 6, 4_50 PM - Productlevel FC.csv"
NPD,030302,NAS Sauce - Strawberry,ZeroSugar Sirup,b2b fc dec26,b2b fc,0,2026-12-01,2026-10-01,"Copy of Retail Forecast Model 12mr - 2026 - October 6, 4_50 PM - Productlevel FC.csv"
NPD,030303,NAS Sauce - Caramel,ZeroSugar Sirup,b2b fc dec26,b2b fc,0,2026-12-01,2026-10-01,"Copy of Retail Forecast Model 12mr - 2026 - October 6, 4_50 PM - Productlevel FC.csv"
NPD,030420,"Wassereis - Mixbox 10 x 40 ml (Cherry, Peach, Waldmeister, Cola & Lemon)",Wassereis,b2b fc dec26,b2b fc,0,2026-12-01,2026-10-01,"Copy of Retail Forecast Model 12mr - 2026 - October 6, 4_50 PM - Productlevel FC.csv"
Available,040301,"Flavour Powder - Vanilla, 250g",Flavor Powder,b2b fc dec26,b2b fc,867,2026-12-01,2026-10-01,"Copy of Retail Forecast Model 12mr - 2026 - October 6, 4_50 PM - Productlevel FC.csv"
Available,040301-B,"Flavour Powder - Vanilla, Bulk",Bulk,b2b fc dec26,b2b fc,0,2026-12-01,2026-10-01,"Copy of Retail Forecast Model 12mr - 2026 - October 6, 4_50 PM - Productlevel FC.csv"
Available,040301-S,"Flavour Powder - Vanilla, Sachet",Sachet,b2b fc dec26,b2b fc,0,2026-12-01,2026-10-01,"Copy of Retail Forecast Model 12mr - 2026 - October 6, 4_50 PM - Productlevel FC.csv"
Available,040302,"Flavour Powder - Cherry, 250g",Flavor Powder,b2b fc dec26,b2b fc,241,2026-12-01,2026-10-01,"Copy of Retail Forecast Model 12mr - 2026 - October 6, 4_50 PM - Productlevel FC.csv"
Available,040302-B,"Flavour Powder - Cherry, Bulk",Bulk,b2b fc dec26,b2b fc,0,2026-12-01,2026-10-01,"Copy of Retail Forecast Model 12mr - 2026 - October 6, 4_50 PM - Productlevel FC.csv"
Available,040302-S,"Flavour Powder - Cherry, Sachet",Sachet,b2b fc dec26,b2b fc,0,2026-12-01,2026-10-01,"Copy of Retail Forecast Model 12mr - 2026 - October 6, 4_50 PM - Productlevel FC.csv"
Available,040303,"Flavour Powder - Stracciatella, 250g",Flavor Powder,b2b fc dec26,b2b fc,809,2026-12-01,2026-10-01,"Copy of Retail Forecast Model 12mr - 2026 - October 6, 4_50 PM - Productlevel FC.csv"
Available,040303-B,"Flavour Powder - Stracciatella, Bulk",Bulk,b2b fc dec26,b2b fc,0,2026-12-01,2026-10-01,"Copy of Retail Forecast Model 12mr - 2026 - October 6, 4_50 PM - Productlevel FC.csv"
Available,040303-S,"Flavour Powder - Stracciatella, Sachet",Sachet,b2b fc dec26,b2b fc,0,2026-12-01,2026-10-01,"Copy of Retail Forecast Model 12mr - 2026 - October 6, 4_50 PM - Productlevel FC.csv"
Available,040304,"Flavour Powder - Chocolate Cookie, 250g",Flavor Powder,b2b fc dec26,b2b fc,975,2026-12-01,2026-10-01,"Copy of Retail Forecast Model 12mr - 2026 - October 6, 4_50 PM - Productlevel FC.csv"
Available,040304-B,"Flavor Powder - Chocolate Cookie, Bulk",Bulk,b2b fc dec26,b2b fc,0,2026-12-01,2026-10-01,"Copy of Retail Forecast Model 12mr - 2026 - October 6, 4_50 PM - Productlevel FC.csv"
Available,040304-S,"Flavour Powder - Chocolate Cookie, Sachet",Sachet,b2b fc dec26,b2b fc,0,2026-12-01,2026-10-01,"Copy of Retail Forecast Model 12mr - 2026 - October 6, 4_50 PM - Productlevel FC.csv"
Available,040305,"Flavour Powder - Strawberry Chocolate, 250g",Flavor Powder,b2b fc dec26,b2b fc,902,2026-12-01,2026-10-01,"Copy of Retail Forecast Model 12mr - 2026 - October 6, 4_50 PM - Productlevel FC.csv"
Available,040305-B,"Flavour Powder - Strawberry Chocolate, Bulk",Bulk,b2b fc dec26,b2b fc,0,2026-12-01,2026-10-01,"Copy of Retail Forecast Model 12mr - 2026 - October 6, 4_50 PM - Productlevel FC.csv"
Available,040305-S,"Flavour Powder - Strawberry chocolate, Sachet",Sachet,b2b fc dec26,b2b fc,0,2026-12-01,2026-10-01,"Copy of Retail Forecast Model 12mr - 2026 - October 6, 4_50 PM - Productlevel FC.csv"
Available,040306,"Flavour Powder - Cinnamon Crunch, 250g",Flavor Powder,b2b fc dec26,b2b fc,631,2026-12-01,2026-10-01,"Copy of Retail Forecast Model 12mr - 2026 - October 6, 4_50 PM - Productlevel FC.csv"
Available,040306-B,"Flavour Powder - Cinnamon Crunch, Bulk",Bulk,b2b fc dec26,b2b fc,0,2026-12-01,2026-10-01,"Copy of Retail Forecast Model 12mr - 2026 - October 6, 4_50 PM - Productlevel FC.csv"
Available,040306-S,"Flavour Powder - Cinnamon Crunch, Sachet",Sachet,b2b fc dec26,b2b fc,0,2026-12-01,2026-10-01,"Copy of Retail Forecast Model 12mr - 2026 - October 6, 4_50 PM - Productlevel FC.csv"
Available,040307,Flavour Powder - Apfel Strudel,Flavor Powder,b2b fc dec26,b2b fc,0,2026-12-01,2026-10-01,"Copy of Retail Forecast Model 12mr - 2026 - October 6, 4_50 PM - Productlevel FC.csv"
Available,040307-1,"Flavour Powder - Apfel Strudel, 2x250g",Flavor Powder,b2b fc dec26,b2b fc,0,2026-12-01,2026-10-01,"Copy of Retail Forecast Model 12mr - 2026 - October 6, 4_50 PM - Productlevel FC.csv"
Available,040307-B,"Flavour Powder - Apfel Strudel, Bulk",Bulk,b2b fc dec26,b2b fc,0,2026-12-01,2026-10-01,"Copy of Retail Forecast Model 12mr - 2026 - October 6, 4_50 PM - Productlevel FC.csv"
Available,040307-S,"Flavour Powder - Apfelstrudel, Sachet",Sachet,b2b fc dec26,b2b fc,0,2026-12-01,2026-10-01,"Copy of Retail Forecast Model 12mr - 2026 - October 6, 4_50 PM - Productlevel FC.csv"
Available,040308,Flavour Powder - Spekulatius,Flavor Powder,b2b fc dec26,b2b fc,0,2026-12-01,2026-10-01,"Copy of Retail Forecast Model 12mr - 2026 - October 6, 4_50 PM - Productlevel FC.csv"
Available,040308-1,Flavour Powder - Spekulatius 2x250g,Flavor Powder,b2b fc dec26,b2b fc,0,2026-12-01,2026-10-01,"Copy of Retail Forecast Model 12mr - 2026 - October 6, 4_50 PM - Productlevel FC.csv"
Available,040308-B,"Flavour Powder - Spekulatius, Bulk",Bulk,b2b fc dec26,b2b fc,0,2026-12-01,2026-10-01,"Copy of Retail Forecast Model 12mr - 2026 - October 6, 4_50 PM - Productlevel FC.csv"
Available,040308-S,"Flavour Powder - Spekulatius Crunch, Sachet",Sachet,b2b fc dec26,b2b fc,0,2026-12-01,2026-10-01,"Copy of Retail Forecast Model 12mr - 2026 - October 6, 4_50 PM - Productlevel FC.csv"
Available,040320,"Flavor Powder - Mix Box, Sachets",MixBox,b2b fc dec26,b2b fc,0,2026-12-01,2026-10-01,"Copy of Retail Forecast Model 12mr - 2026 - October 6, 4_50 PM - Productlevel FC.csv"
Available,040321,B2B Sachet Mix Box,MixBox,b2b fc dec26,b2b fc,0,2026-12-01,2026-10-01,"Copy of Retail Forecast Model 12mr - 2026 - October 6, 4_50 PM - Productlevel FC.csv"
Available,040401-B,"Clear Whey - Peach Ice Tea, Bulk",Bulk,b2b fc dec26,b2b fc,0,2026-12-01,2026-10-01,"Copy of Retail Forecast Model 12mr - 2026 - October 6, 4_50 PM - Productlevel FC.csv"
Available,040401-J500,"Clear Whey - Peach Ice Tea, 500g",Clear Whey Protein Powder,b2b fc dec26,b2b fc,1080,2026-12-01,2026-10-01,"Copy of Retail Forecast Model 12mr - 2026 - October 6, 4_50 PM - Productlevel FC.csv"
Available,040401-S,"Clear Whey - Peach Ice Tea, Sachet",Sachet,b2b fc dec26,b2b fc,0,2026-12-01,2026-10-01,"Copy of Retail Forecast Model 12mr - 2026 - October 6, 4_50 PM - Productlevel FC.csv"
Available,040402-B,"Clear Whey - Green Apple, Bulk",Bulk,b2b fc dec26,b2b fc,0,2026-12-01,2026-10-01,"Copy of Retail Forecast Model 12mr - 2026 - October 6, 4_50 PM - Productlevel FC.csv"
Available,040402-J500,"Clear Whey - Green Apple, 500g",Clear Whey Protein Powder,b2b fc dec26,b2b fc,0,2026-12-01,2026-10-01,"Copy of Retail Forecast Model 12mr - 2026 - October 6, 4_50 PM - Productlevel FC.csv"
Available,040402-S,"Clear Whey - Green Apple, Sachet",Sachet,b2b fc dec26,b2b fc,0,2026-12-01,2026-10-01,"Copy of Retail Forecast Model 12mr - 2026 - October 6, 4_50 PM - Productlevel FC.csv"
Available,040403-B,"Clear Whey - Lemon Ice Tea, Bulk",Bulk,b2b fc dec26,b2b fc,0,2026-12-01,2026-10-01,"Copy of Retail Forecast Model 12mr - 2026 - October 6, 4_50 PM - Productlevel FC.csv"
Available,040403-J500,"Clear Whey - Lemon Ice Tea, 500g",Clear Whey Protein Powder,b2b fc dec26,b2b fc,420,2026-12-01,2026-10-01,"Copy of Retail Forecast Model 12mr - 2026 - October 6, 4_50 PM - Productlevel FC.csv"
Available,040403-S,"Clear Whey - Lemon Ice Tea, Sachet",Sachet,b2b fc dec26,b2b fc,0,2026-12-01,2026-10-01,"Copy of Retail Forecast Model 12mr - 2026 - October 6, 4_50 PM - Productlevel FC.csv"
Available,040404-B,"Clear Whey - Orange, Bulk",Bulk,b2b fc dec26,b2b fc,0,2026-12-01,2026-10-01,"Copy of Retail Forecast Model 12mr - 2026 - October 6, 4_50 PM - Productlevel FC.csv"
Available,040404-J500,"Clear Whey - Orange, 500g",Clear Whey Protein Powder,b2b fc dec26,b2b fc,1429,2026-12-01,2026-10-01,"Copy of Retail Forecast Model 12mr - 2026 - October 6, 4_50 PM - Productlevel FC.csv"
Available,040404-S,"Clear Whey - Orange, Sachet",Sachet,b2b fc dec26,b2b fc,0,2026-12-01,2026-10-01,"Copy of Retail Forecast Model 12mr - 2026 - October 6, 4_50 PM - Productlevel FC.csv"
Available,040405-B,"Clear Whey - Cherry, Bulk",Bulk,b2b fc dec26,b2b fc,0,2026-12-01,2026-10-01,"Copy of Retail Forecast Model 12mr - 2026 - October 6, 4_50 PM - Productlevel FC.csv"
Available,040405-J500,"Clear Whey - Cherry, 500g",Clear Whey Protein Powder,b2b fc dec26,b2b fc,1034,2026-12-01,2026-10-01,"Copy of Retail Forecast Model 12mr - 2026 - October 6, 4_50 PM - Productlevel FC.csv"
Available,040405-S,"Clear Whey - Cherry, Sachet",Sachet,b2b fc dec26,b2b fc,0,2026-12-01,2026-10-01,"Copy of Retail Forecast Model 12mr - 2026 - October 6, 4_50 PM - Productlevel FC.csv"
Available,040406-B,"Clear Why - Apfelpunsch, Bulk",Bulk,b2b fc dec26,b2b fc,0,2026-12-01,2026-10-01,"Copy of Retail Forecast Model 12mr - 2026 - October 6, 4_50 PM - Productlevel FC.csv"
Available,040406-J500,"Clear Whey - Apfelpunsch, 500g",Clear Whey Protein Powder,b2b fc dec26,b2b fc,0,2026-12-01,2026-10-01,"Copy of Retail Forecast Model 12mr - 2026 - October 6, 4_50 PM - Productlevel FC.csv"
Available,040406-J500-1,"Clear Whey - Apfelpunsch, 2x500g",Clear Whey Protein Powder,b2b fc dec26,b2b fc,0,2026-12-01,2026-10-01,"Copy of Retail Forecast Model 12mr - 2026 - October 6, 4_50 PM - Productlevel FC.csv"
Available,040406-S,"Clear Whey - Apfelpunsh, Sachet",Sachet,b2b fc dec26,b2b fc,0,2026-12-01,2026-10-01,"Copy of Retail Forecast Model 12mr - 2026 - October 6, 4_50 PM - Productlevel FC.csv"
Available,040407-B,"Clear Whey - Winterpunsch, Bulk",Bulk,b2b fc dec26,b2b fc,0,2026-12-01,2026-10-01,"Copy of Retail Forecast Model 12mr - 2026 - October 6, 4_50 PM - Productlevel FC.csv"
Available,040407-J500,"Clear Whey - Winterpunsch, 500g",Clear Whey Protein Powder,b2b fc dec26,b2b fc,0,2026-12-01,2026-10-01,"Copy of Retail Forecast Model 12mr - 2026 - October 6, 4_50 PM - Productlevel FC.csv"
Available,040407-J500-1,"Clear Whey - Winterpunsch, 2x500g",Clear Whey Protein Powder,b2b fc dec26,b2b fc,0,2026-12-01,2026-10-01,"Copy of Retail Forecast Model 12mr - 2026 - October 6, 4_50 PM - Productlevel FC.csv"
Available,040407-S,"Clear Whey - Winterpunsch, Sachet",Sachet,b2b fc dec26,b2b fc,0,2026-12-01,2026-10-01,"Copy of Retail Forecast Model 12mr - 2026 - October 6, 4_50 PM - Productlevel FC.csv"
Available,040408-B,"Clear Protein - Mixed Berry, Bulk",Bulk,b2b fc dec26,b2b fc,0,2026-12-01,2026-10-01,"Copy of Retail Forecast Model 12mr - 2026 - October 6, 4_50 PM - Productlevel FC.csv"
Available,040408-J500,"Clear Protein - Mixed Berry, 500g",Clear Whey Protein Powder,b2b fc dec26,b2b fc,0,2026-12-01,2026-10-01,"Copy of Retail Forecast Model 12mr - 2026 - October 6, 4_50 PM - Productlevel FC.csv"
Available,040408-S,"Clear Protein - Mixed Berry, Sachet",Sachet,b2b fc dec26,b2b fc,0,2026-12-01,2026-10-01,"Copy of Retail Forecast Model 12mr - 2026 - October 6, 4_50 PM - Productlevel FC.csv"
Available,040409-B,"Clear Protein - Lemon & Lime, Bulk",Bulk,b2b fc dec26,b2b fc,0,2026-12-01,2026-10-01,"Copy of Retail Forecast Model 12mr - 2026 - October 6, 4_50 PM - Productlevel FC.csv"
Available,040409-J500,"Clear Protein - Lemon & Lime, 500g",Clear Whey Protein Powder,b2b fc dec26,b2b fc,0,2026-12-01,2026-10-01,"Copy of Retail Forecast Model 12mr - 2026 - October 6, 4_50 PM - Productlevel FC.csv"
Available,040409-S,"Clear Protein - Lemon & Lime, Sachet",Sachet,b2b fc dec26,b2b fc,0,2026-12-01,2026-10-01,"Copy of Retail Forecast Model 12mr - 2026 - October 6, 4_50 PM - Productlevel FC.csv"
NPD,040410-B,"Clear Protein - Mochito, Bulk",Bulk,b2b fc dec26,b2b fc,0,2026-12-01,2026-10-01,"Copy of Retail Forecast Model 12mr - 2026 - October 6, 4_50 PM - Productlevel FC.csv"
NPD,040410-J500,"Clear Protein - Mojito, 500g",Clear Whey Protein Powder,b2b fc dec26,b2b fc,0,2026-12-01,2026-10-01,"Copy of Retail Forecast Model 12mr - 2026 - October 6, 4_50 PM - Productlevel FC.csv"
NPD,040410-S,"Clear Protein - Mochito, Sachet",Sachet,b2b fc dec26,b2b fc,0,2026-12-01,2026-10-01,"Copy of Retail Forecast Model 12mr - 2026 - October 6, 4_50 PM - Productlevel FC.csv"
Available,040411-B,"Clear Protein - Pornstar Martini, Bulk",Bulk,b2b fc dec26,b2b fc,0,2026-12-01,2026-10-01,"Copy of Retail Forecast Model 12mr - 2026 - October 6, 4_50 PM - Productlevel FC.csv"
Available,040411-J500,"Clear Protein -  Pornstar Martini, 500g",Clear Whey Protein Powder,b2b fc dec26,b2b fc,0,2026-12-01,2026-10-01,"Copy of Retail Forecast Model 12mr - 2026 - October 6, 4_50 PM - Productlevel FC.csv"
Available,040411-S,"Clear Protein -  Pornstar Martinio, Sachet",Sachet,b2b fc dec26,b2b fc,0,2026-12-01,2026-10-01,"Copy of Retail Forecast Model 12mr - 2026 - October 6, 4_50 PM - Productlevel FC.csv"
Available,040420,"Clear Whey - Mix Box, 5x1 Sachets",MixBox,b2b fc dec26,b2b fc,0,2026-12-01,2026-10-01,"Copy of Retail Forecast Model 12mr - 2026 - October 6, 4_50 PM - Productlevel FC.csv"
Available,040501-B,"Whey - Double Chocolate, Bulk",Bulk,b2b fc dec26,b2b fc,0,2026-12-01,2026-10-01,"Copy of Retail Forecast Model 12mr - 2026 - October 6, 4_50 PM - Productlevel FC.csv"
Available,040501-J1000,"Whey - Double Chocolate, 1000g",Whey Protein Powder,b2b fc dec26,b2b fc,0,2026-12-01,2026-10-01,"Copy of Retail Forecast Model 12mr - 2026 - October 6, 4_50 PM - Productlevel FC.csv"
Available,040501-J500,"Whey - Double Chocolate, 500g",Whey Protein Powder,b2b fc dec26,b2b fc,6174,2026-12-01,2026-10-01,"Copy of Retail Forecast Model 12mr - 2026 - October 6, 4_50 PM - Productlevel FC.csv"
Available,040501-S,"Whey - Double Chocolate, Sachet",Sachet,b2b fc dec26,b2b fc,0,2026-12-01,2026-10-01,"Copy of Retail Forecast Model 12mr - 2026 - October 6, 4_50 PM - Productlevel FC.csv"
Available,040502-B,"Whey - Vanilla, Bulk",Bulk,b2b fc dec26,b2b fc,0,2026-12-01,2026-10-01,"Copy of Retail Forecast Model 12mr - 2026 - October 6, 4_50 PM - Productlevel FC.csv"
Available,040502-J1000,"Whey - Vanilla, 1000g",Whey Protein Powder,b2b fc dec26,b2b fc,0,2026-12-01,2026-10-01,"Copy of Retail Forecast Model 12mr - 2026 - October 6, 4_50 PM - Productlevel FC.csv"
Available,040502-J500,"Whey - Vanilla, 500g",Whey Protein Powder,b2b fc dec26,b2b fc,953,2026-12-01,2026-10-01,"Copy of Retail Forecast Model 12mr - 2026 - October 6, 4_50 PM - Productlevel FC.csv"
Available,040502-S,"Whey - Vanilla, Sachet",Sachet,b2b fc dec26,b2b fc,0,2026-12-01,2026-10-01,"Copy of Retail Forecast Model 12mr - 2026 - October 6, 4_50 PM - Productlevel FC.csv"
Available,040503-B,"Whey - Caramel Crunch, Bulk",Bulk,b2b fc dec26,b2b fc,0,2026-12-01,2026-10-01,"Copy of Retail Forecast Model 12mr - 2026 - October 6, 4_50 PM - Productlevel FC.csv"
Available,040503-J1000,"Whey - Caramel Crunch, 1000g",Whey Protein Powder,b2b fc dec26,b2b fc,0,2026-12-01,2026-10-01,"Copy of Retail Forecast Model 12mr - 2026 - October 6, 4_50 PM - Productlevel FC.csv"
Available,040503-J500,"Whey - Caramel Crunch, 500g",Whey Protein Powder,b2b fc dec26,b2b fc,310,2026-12-01,2026-10-01,"Copy of Retail Forecast Model 12mr - 2026 - October 6, 4_50 PM - Productlevel FC.csv"
Available,040503-S,"Whey - Caramel Crunch, Sachet",Sachet,b2b fc dec26,b2b fc,0,2026-12-01,2026-10-01,"Copy of Retail Forecast Model 12mr - 2026 - October 6, 4_50 PM - Productlevel FC.csv"
Available,040504-B,"Whey - Strawberry & Cream, Bulk",Bulk,b2b fc dec26,b2b fc,0,2026-12-01,2026-10-01,"Copy of Retail Forecast Model 12mr - 2026 - October 6, 4_50 PM - Productlevel FC.csv"
Available,040504-J1000,"Whey - Strawberry & Cream, 1000g",Whey Protein Powder,b2b fc dec26,b2b fc,0,2026-12-01,2026-10-01,"Copy of Retail Forecast Model 12mr - 2026 - October 6, 4_50 PM - Productlevel FC.csv"
Available,040504-J500,"Whey - Strawberry & Cream, 500g",Whey Protein Powder,b2b fc dec26,b2b fc,4518,2026-12-01,2026-10-01,"Copy of Retail Forecast Model 12mr - 2026 - October 6, 4_50 PM - Productlevel FC.csv"
Available,040504-S,"Whey - Strawberry & Cream, Sachet",Sachet,b2b fc dec26,b2b fc,0,2026-12-01,2026-10-01,"Copy of Retail Forecast Model 12mr - 2026 - October 6, 4_50 PM - Productlevel FC.csv"
Available,040505-B,"Whey - Coffee, Bulk",Bulk,b2b fc dec26,b2b fc,0,2026-12-01,2026-10-01,"Copy of Retail Forecast Model 12mr - 2026 - October 6, 4_50 PM - Productlevel FC.csv"
Available,040505-J1000,"Whey - Coffee, 1000g",Whey Protein Powder,b2b fc dec26,b2b fc,0,2026-12-01,2026-10-01,"Copy of Retail Forecast Model 12mr - 2026 - October 6, 4_50 PM - Productlevel FC.csv"
Available,040505-J500,"Whey - Coffee, 500g",Whey Protein Powder,b2b fc dec26,b2b fc,1051,2026-12-01,2026-10-01,"Copy of Retail Forecast Model 12mr - 2026 - October 6, 4_50 PM - Productlevel FC.csv"
Available,040505-S,"Whey - Coffee, Sachet",Sachet,b2b fc dec26,b2b fc,0,2026-12-01,2026-10-01,"Copy of Retail Forecast Model 12mr - 2026 - October 6, 4_50 PM - Productlevel FC.csv"
Available,040506-B,"Whey - Unflavoured, Bulk",Bulk,b2b fc dec26,b2b fc,0,2026-12-01,2026-10-01,"Copy of Retail Forecast Model 12mr - 2026 - October 6, 4_50 PM - Productlevel FC.csv"
Available,040506-J1000,"Whey - unflavoured, 1000g",Whey Protein Powder,b2b fc dec26,b2b fc,0,2026-12-01,2026-10-01,"Copy of Retail Forecast Model 12mr - 2026 - October 6, 4_50 PM - Productlevel FC.csv"
Available,040506-J500,"Whey - unflavoured, 500g",Whey Protein Powder,b2b fc dec26,b2b fc,180,2026-12-01,2026-10-01,"Copy of Retail Forecast Model 12mr - 2026 - October 6, 4_50 PM - Productlevel FC.csv"
Available,040506-S,"Whey - unflavoured, Sachet",Sachet,b2b fc dec26,b2b fc,0,2026-12-01,2026-10-01,"Copy of Retail Forecast Model 12mr - 2026 - October 6, 4_50 PM - Productlevel FC.csv"
Available,040507-B,"Whey - Chai Latte, Bulk",Bulk,b2b fc dec26,b2b fc,0,2026-12-01,2026-10-01,"Copy of Retail Forecast Model 12mr - 2026 - October 6, 4_50 PM - Productlevel FC.csv"
Available,040507-J500,"Whey - Chai Latte, 500g",Whey Protein Powder,b2b fc dec26,b2b fc,183,2026-12-01,2026-10-01,"Copy of Retail Forecast Model 12mr - 2026 - October 6, 4_50 PM - Productlevel FC.csv"
Available,040507-S,"Whey - Chai Latte, Sachet",Sachet,b2b fc dec26,b2b fc,0,2026-12-01,2026-10-01,"Copy of Retail Forecast Model 12mr - 2026 - October 6, 4_50 PM - Productlevel FC.csv"
Available,040508-B,"Whey - Spekulatius, Bulk",Bulk,b2b fc dec26,b2b fc,0,2026-12-01,2026-10-01,"Copy of Retail Forecast Model 12mr - 2026 - October 6, 4_50 PM - Productlevel FC.csv"
Available,040508-J500,"Whey - Spekulatius, 500g",Whey Protein Powder,b2b fc dec26,b2b fc,0,2026-12-01,2026-10-01,"Copy of Retail Forecast Model 12mr - 2026 - October 6, 4_50 PM - Productlevel FC.csv"
Available,040508-J500-1,"Whey - Spekulatius, 2x500g",Whey Protein Powder,b2b fc dec26,b2b fc,0,2026-12-01,2026-10-01,"Copy of Retail Forecast Model 12mr - 2026 - October 6, 4_50 PM - Productlevel FC.csv"
Available,040508-S,"Whey - Spekulatius, Sachet",Sachet,b2b fc dec26,b2b fc,0,2026-12-01,2026-10-01,"Copy of Retail Forecast Model 12mr - 2026 - October 6, 4_50 PM - Productlevel FC.csv"
Available,040509-B,"Whey - Hazelnut Nougat, Bulk",Bulk,b2b fc dec26,b2b fc,0,2026-12-01,2026-10-01,"Copy of Retail Forecast Model 12mr - 2026 - October 6, 4_50 PM - Productlevel FC.csv"
Available,040509-J1000,"Whey - Hazelnut Nougat, 1000g",Whey Protein Powder,b2b fc dec26,b2b fc,0,2026-12-01,2026-10-01,"Copy of Retail Forecast Model 12mr - 2026 - October 6, 4_50 PM - Productlevel FC.csv"
Available,040509-J500,"Whey - Hazelnut Nougat, 500g",Whey Protein Powder,b2b fc dec26,b2b fc,0,2026-12-01,2026-10-01,"Copy of Retail Forecast Model 12mr - 2026 - October 6, 4_50 PM - Productlevel FC.csv"
Available,040509-S,"Whey - Hazelnut Nougat, Sachet",Sachet,b2b fc dec26,b2b fc,0,2026-12-01,2026-10-01,"Copy of Retail Forecast Model 12mr - 2026 - October 6, 4_50 PM - Productlevel FC.csv"
Available,040510-B,"Whey - Protein Sahne, Bulk",Bulk,b2b fc dec26,b2b fc,0,2026-12-01,2026-10-01,"Copy of Retail Forecast Model 12mr - 2026 - October 6, 4_50 PM - Productlevel FC.csv"
Available,040510-J1000,"Whey - Protein Sahne, 1000g",Whey Protein Powder,b2b fc dec26,b2b fc,0,2026-12-01,2026-10-01,"Copy of Retail Forecast Model 12mr - 2026 - October 6, 4_50 PM - Productlevel FC.csv"
Available,040510-J500,"Whey - Protein Sahne, 500g",Whey Protein Powder,b2b fc dec26,b2b fc,245,2026-12-01,2026-10-01,"Copy of Retail Forecast Model 12mr - 2026 - October 6, 4_50 PM - Productlevel FC.csv"
Available,040510-J500-1,"Whey - Protein Sahne, 2x500g",Whey Protein Powder,b2b fc dec26,b2b fc,0,2026-12-01,2026-10-01,"Copy of Retail Forecast Model 12mr - 2026 - October 6, 4_50 PM - Productlevel FC.csv"
Available,040510-S,"Whey - Protein Sahne, Sachet",Sachet,b2b fc dec26,b2b fc,0,2026-12-01,2026-10-01,"Copy of Retail Forecast Model 12mr - 2026 - October 6, 4_50 PM - Productlevel FC.csv"
Available,040511-B,"Whey - White Chocolate Pistachio, Bulk",Bulk,b2b fc dec26,b2b fc,0,2026-12-01,2026-10-01,"Copy of Retail Forecast Model 12mr - 2026 - October 6, 4_50 PM - Productlevel FC.csv"
Available,040511-J500,"Whey - White Chocolate Pistachio, 500g",Whey Protein Powder,b2b fc dec26,b2b fc,653,2026-12-01,2026-10-01,"Copy of Retail Forecast Model 12mr - 2026 - October 6, 4_50 PM - Productlevel FC.csv"
Available,040511-J500-1,"Whey - White Chocolate Pistachio, 2x500g",Whey Protein Powder,b2b fc dec26,b2b fc,0,2026-12-01,2026-10-01,"Copy of Retail Forecast Model 12mr - 2026 - October 6, 4_50 PM - Productlevel FC.csv"
Available,040511-S,"Whey - White Chocolate Pistachio, Sachet",Sachet,b2b fc dec26,b2b fc,0,2026-12-01,2026-10-01,"Copy of Retail Forecast Model 12mr - 2026 - October 6, 4_50 PM - Productlevel FC.csv"
Available,040512-B,"Whey Protein - Decaf Iced Coffee, Bulk",Bulk,b2b fc dec26,b2b fc,0,2026-12-01,2026-10-01,"Copy of Retail Forecast Model 12mr - 2026 - October 6, 4_50 PM - Productlevel FC.csv"
Available,040512-J500,"Whey Protein - Decaf Iced Coffee, 500g",Whey Protein Powder,b2b fc dec26,b2b fc,0,2026-12-01,2026-10-01,"Copy of Retail Forecast Model 12mr - 2026 - October 6, 4_50 PM - Productlevel FC.csv"
Available,040512-S,"Whey Protein - Decaf Iced Coffee, Sachet",Sachet,b2b fc dec26,b2b fc,0,2026-12-01,2026-10-01,"Copy of Retail Forecast Model 12mr - 2026 - October 6, 4_50 PM - Productlevel FC.csv"
Available,040513-B,"Whey Protein - Affogato, Bulk",Bulk,b2b fc dec26,b2b fc,0,2026-12-01,2026-10-01,"Copy of Retail Forecast Model 12mr - 2026 - October 6, 4_50 PM - Productlevel FC.csv"
Available,040513-J500,"Whey Protein - Affogato, 500g",Whey Protein Powder,b2b fc dec26,b2b fc,228,2026-12-01,2026-10-01,"Copy of Retail Forecast Model 12mr - 2026 - October 6, 4_50 PM - Productlevel FC.csv"
Available,040513-J500-1,"Whey Protein - Affogato, 2x500g",Whey Protein Powder,b2b fc dec26,b2b fc,0,2026-12-01,2026-10-01,"Copy of Retail Forecast Model 12mr - 2026 - October 6, 4_50 PM - Productlevel FC.csv"
Available,040513-S,"Whey Protein - Affogato, Sachet",Sachet,b2b fc dec26,b2b fc,0,2026-12-01,2026-10-01,"Copy of Retail Forecast Model 12mr - 2026 - October 6, 4_50 PM - Productlevel FC.csv"
Available,040515-B,"Whey Protein Coffee - Mocha, Bulk",Bulk,b2b fc dec26,b2b fc,0,2026-12-01,2026-10-01,"Copy of Retail Forecast Model 12mr - 2026 - October 6, 4_50 PM - Productlevel FC.csv"
Available,040515-J500,"Whey Protein Coffee - Mocha, 500g",Whey Protein Powder,b2b fc dec26,b2b fc,99,2026-12-01,2026-10-01,"Copy of Retail Forecast Model 12mr - 2026 - October 6, 4_50 PM - Productlevel FC.csv"
Available,040515-J500-1,"Whey Protein Coffee - Mocha, 2x500g",Whey Protein Powder,b2b fc dec26,b2b fc,0,2026-12-01,2026-10-01,"Copy of Retail Forecast Model 12mr - 2026 - October 6, 4_50 PM - Productlevel FC.csv"
Available,040515-S,"Whey Protein Coffee - Mocha, Sachet",Sachet,b2b fc dec26,b2b fc,0,2026-12-01,2026-10-01,"Copy of Retail Forecast Model 12mr - 2026 - October 6, 4_50 PM - Productlevel FC.csv"
Available,040517-B,"Whey Protein - Pumpkin Spice, Bulk",Whey Protein Powder,b2b fc dec26,b2b fc,0,2026-12-01,2026-10-01,"Copy of Retail Forecast Model 12mr - 2026 - October 6, 4_50 PM - Productlevel FC.csv"
Available,040517-J500,"Whey Protein - Pumpkin Spice, 500g",Whey Protein Powder,b2b fc dec26,b2b fc,0,2026-12-01,2026-10-01,"Copy of Retail Forecast Model 12mr - 2026 - October 6, 4_50 PM - Productlevel FC.csv"
Available,040517-S,"Whey Protein - Pumpkin Spice, Sachet",Sachet,b2b fc dec26,b2b fc,0,2026-12-01,2026-10-01,"Copy of Retail Forecast Model 12mr - 2026 - October 6, 4_50 PM - Productlevel FC.csv"
Ordered,040518-B,"Whey Protein - Iced Matcha Latte, Bulk",Bulk,b2b fc dec26,b2b fc,0,2026-12-01,2026-10-01,"Copy of Retail Forecast Model 12mr - 2026 - October 6, 4_50 PM - Productlevel FC.csv"
Ordered,040518-J500,"Whey Protein - Iced Matcha Latte, 500g",Whey Protein Powder,b2b fc dec26,b2b fc,4885,2026-12-01,2026-10-01,"Copy of Retail Forecast Model 12mr - 2026 - October 6, 4_50 PM - Productlevel FC.csv"
Ordered,040518-S,"Whey Protein - Iced Matcha Latte, Sachet",Sachet,b2b fc dec26,b2b fc,0,2026-12-01,2026-10-01,"Copy of Retail Forecast Model 12mr - 2026 - October 6, 4_50 PM - Productlevel FC.csv"
Ordered,040519-B,"Whey Protein - Mango Matcha Latte, Bulk",Bulk,b2b fc dec26,b2b fc,0,2026-12-01,2026-10-01,"Copy of Retail Forecast Model 12mr - 2026 - October 6, 4_50 PM - Productlevel FC.csv"
Ordered,040519-J500,"Whey Protein - Mango Matcha Latte, 500g",Whey Protein Powder,b2b fc dec26,b2b fc,152,2026-12-01,2026-10-01,"Copy of Retail Forecast Model 12mr - 2026 - October 6, 4_50 PM - Productlevel FC.csv"
Ordered,040519-S,"Whey Protein - Mango Matcha Latte, Sachet",Sachet,b2b fc dec26,b2b fc,0,2026-12-01,2026-10-01,"Copy of Retail Forecast Model 12mr - 2026 - October 6, 4_50 PM - Productlevel FC.csv"
Available,040520,"Whey - MixBox, 5x1 Sachets",MixBox,b2b fc dec26,b2b fc,0,2026-12-01,2026-10-01,"Copy of Retail Forecast Model 12mr - 2026 - October 6, 4_50 PM - Productlevel FC.csv"
Ordered,040521-B,"Whey Protein - Pure/Natural Matcha Latte, Bulk",Bulk,b2b fc dec26,b2b fc,0,2026-12-01,2026-10-01,"Copy of Retail Forecast Model 12mr - 2026 - October 6, 4_50 PM - Productlevel FC.csv"
Ordered,040521-J500,"Whey Protein - Pure/Natural Matcha Latte, 500g",Whey Protein Powder,b2b fc dec26,b2b fc,0,2026-12-01,2026-10-01,"Copy of Retail Forecast Model 12mr - 2026 - October 6, 4_50 PM - Productlevel FC.csv"
Ordered,040521-S,"Whey Protein - Pure/Natural Matcha Latte, Sachet",Sachet,b2b fc dec26,b2b fc,0,2026-12-01,2026-10-01,"Copy of Retail Forecast Model 12mr - 2026 - October 6, 4_50 PM - Productlevel FC.csv"
Ordered,040522-B,"Whey Protein - Vanillekipferl, Bulk",Bulk,b2b fc dec26,b2b fc,0,2026-12-01,2026-10-01,"Copy of Retail Forecast Model 12mr - 2026 - October 6, 4_50 PM - Productlevel FC.csv"
Ordered,040522-J500,"Whey Protein - Vanillekipferl, 500g",Whey Protein Powder,b2b fc dec26,b2b fc,0,2026-12-01,2026-10-01,"Copy of Retail Forecast Model 12mr - 2026 - October 6, 4_50 PM - Productlevel FC.csv"
Ordered,040522-S,"Whey Protein - Vanillekipferl, Sachet",Sachet,b2b fc dec26,b2b fc,0,2026-12-01,2026-10-01,"Copy of Retail Forecast Model 12mr - 2026 - October 6, 4_50 PM - Productlevel FC.csv"
Available,040601-B,"Whey vegan - Stracciatella, Bulk",Bulk,b2b fc dec26,b2b fc,0,2026-12-01,2026-10-01,"Copy of Retail Forecast Model 12mr - 2026 - October 6, 4_50 PM - Productlevel FC.csv"
Available,040601-J500,"Whey vegan - Stracciatella, 500g",Vegan Protein Powder,b2b fc dec26,b2b fc,388,2026-12-01,2026-10-01,"Copy of Retail Forecast Model 12mr - 2026 - October 6, 4_50 PM - Productlevel FC.csv"
Available,040601-S,"Whey vegan - Stracciatella, Sachet",Sachet,b2b fc dec26,b2b fc,0,2026-12-01,2026-10-01,"Copy of Retail Forecast Model 12mr - 2026 - October 6, 4_50 PM - Productlevel FC.csv"
Available,040602-B,"Whey vegan - Chocolate Hazelnut, Bulk",Bulk,b2b fc dec26,b2b fc,0,2026-12-01,2026-10-01,"Copy of Retail Forecast Model 12mr - 2026 - October 6, 4_50 PM - Productlevel FC.csv"
Available,040602-J500,"Whey vegan - Chocolate Hazelnut, 500g",Vegan Protein Powder,b2b fc dec26,b2b fc,294,2026-12-01,2026-10-01,"Copy of Retail Forecast Model 12mr - 2026 - October 6, 4_50 PM - Productlevel FC.csv"
Available,040602-S,"Whey vegan - Chocolate Hazelnut, Sachet",Sachet,b2b fc dec26,b2b fc,0,2026-12-01,2026-10-01,"Copy of Retail Forecast Model 12mr - 2026 - October 6, 4_50 PM - Productlevel FC.csv"
Available,040603-B,"Whey vegan - Cinnamon Roll, Bulk",Bulk,b2b fc dec26,b2b fc,0,2026-12-01,2026-10-01,"Copy of Retail Forecast Model 12mr - 2026 - October 6, 4_50 PM - Productlevel FC.csv"
Available,040603-J500,"Whey vegan - Cinnamon Roll, 500g",Vegan Protein Powder,b2b fc dec26,b2b fc,165,2026-12-01,2026-10-01,"Copy of Retail Forecast Model 12mr - 2026 - October 6, 4_50 PM - Productlevel FC.csv"
Available,040603-J500-1,"Whey vegan - Cinnamon Roll, 2x500g",Vegan Protein Powder,b2b fc dec26,b2b fc,0,2026-12-01,2026-10-01,"Copy of Retail Forecast Model 12mr - 2026 - October 6, 4_50 PM - Productlevel FC.csv"
Available,040603-S,"Whey vegan - Cinnamon Roll, Sachet",Sachet,b2b fc dec26,b2b fc,0,2026-12-01,2026-10-01,"Copy of Retail Forecast Model 12mr - 2026 - October 6, 4_50 PM - Productlevel FC.csv"
Available,040604-B,"Whey vegan - Dark Cookie, Bulk",Bulk,b2b fc dec26,b2b fc,0,2026-12-01,2026-10-01,"Copy of Retail Forecast Model 12mr - 2026 - October 6, 4_50 PM - Productlevel FC.csv"
Available,040604-J500,"Whey vegan - Dark Cookie, 500g",Vegan Protein Powder,b2b fc dec26,b2b fc,208,2026-12-01,2026-10-01,"Copy of Retail Forecast Model 12mr - 2026 - October 6, 4_50 PM - Productlevel FC.csv"
Available,040604-J500-1,"Whey vegan - Dark Cookie, 2x500g",Vegan Protein Powder,b2b fc dec26,b2b fc,0,2026-12-01,2026-10-01,"Copy of Retail Forecast Model 12mr - 2026 - October 6, 4_50 PM - Productlevel FC.csv"
Available,040604-S,"Whey vegan - Dark Cookie, Sachet",Sachet,b2b fc dec26,b2b fc,0,2026-12-01,2026-10-01,"Copy of Retail Forecast Model 12mr - 2026 - October 6, 4_50 PM - Productlevel FC.csv"
Available,040605-B,"Vegan Protein Powder - ICED COFFEE, Bulk",Bulk,b2b fc dec26,b2b fc,0,2026-12-01,2026-10-01,"Copy of Retail Forecast Model 12mr - 2026 - October 6, 4_50 PM - Productlevel FC.csv"
Available,040605-J500,"Vegan Protein Powder - ICED COFFEE, 500g",Vegan Protein Powder,b2b fc dec26,b2b fc,0,2026-12-01,2026-10-01,"Copy of Retail Forecast Model 12mr - 2026 - October 6, 4_50 PM - Productlevel FC.csv"
Available,040605-S,"Vegan Protein Powder - ICED COFFEE, Sachet",Sachet,b2b fc dec26,b2b fc,0,2026-12-01,2026-10-01,"Copy of Retail Forecast Model 12mr - 2026 - October 6, 4_50 PM - Productlevel FC.csv"
Available,040620,"Vegan Whey - Mix Box, Sachets",MixBox,b2b fc dec26,b2b fc,0,2026-12-01,2026-10-01,"Copy of Retail Forecast Model 12mr - 2026 - October 6, 4_50 PM - Productlevel FC.csv"
Available,040801,"NAS Cacao Powder, 400g",Cacao Powder,b2b fc dec26,b2b fc,0,2026-12-01,2026-10-01,"Copy of Retail Forecast Model 12mr - 2026 - October 6, 4_50 PM - Productlevel FC.csv"
Available,040901,"Sugar Replacer, 1000g",Sugar Replacer,b2b fc dec26,b2b fc,0,2026-12-01,2026-10-01,"Copy of Retail Forecast Model 12mr - 2026 - October 6, 4_50 PM - Productlevel FC.csv"
Available,041001,NAS Götterspeise - Waldmeister,Jelly,b2b fc dec26,b2b fc,0,2026-12-01,2026-10-01,"Copy of Retail Forecast Model 12mr - 2026 - October 6, 4_50 PM - Productlevel FC.csv"
Available,041001-B,"NAS Götterspeise - Waldmeister, Bulk",Bulk,b2b fc dec26,b2b fc,0,2026-12-01,2026-10-01,"Copy of Retail Forecast Model 12mr - 2026 - October 6, 4_50 PM - Productlevel FC.csv"
Available,041001-S,"NAS Götterspeise - Waldmeister, Sachet 15g",Sachet,b2b fc dec26,b2b fc,0,2026-12-01,2026-10-01,"Copy of Retail Forecast Model 12mr - 2026 - October 6, 4_50 PM - Productlevel FC.csv"
Available,041002,NAS Götterspeise - Cherry,Jelly,b2b fc dec26,b2b fc,0,2026-12-01,2026-10-01,"Copy of Retail Forecast Model 12mr - 2026 - October 6, 4_50 PM - Productlevel FC.csv"
Available,041002-B,"NAS Götterspeise - Cherry, Bulk",Bulk,b2b fc dec26,b2b fc,0,2026-12-01,2026-10-01,"Copy of Retail Forecast Model 12mr - 2026 - October 6, 4_50 PM - Productlevel FC.csv"
Available,041002-S,"NAS Götterspeise - Cherry, Sachet 15g",Sachet,b2b fc dec26,b2b fc,0,2026-12-01,2026-10-01,"Copy of Retail Forecast Model 12mr - 2026 - October 6, 4_50 PM - Productlevel FC.csv"
Available,041003,NAS Götterspeise - Lemon,Jelly,b2b fc dec26,b2b fc,0,2026-12-01,2026-10-01,"Copy of Retail Forecast Model 12mr - 2026 - October 6, 4_50 PM - Productlevel FC.csv"
Available,041003-B,"NAS Götterspeise - Lemon, Bulk",Bulk,b2b fc dec26,b2b fc,0,2026-12-01,2026-10-01,"Copy of Retail Forecast Model 12mr - 2026 - October 6, 4_50 PM - Productlevel FC.csv"
Available,041003-S,"NAS Götterspeise - Lemon, Sachet 15g",Sachet,b2b fc dec26,b2b fc,0,2026-12-01,2026-10-01,"Copy of Retail Forecast Model 12mr - 2026 - October 6, 4_50 PM - Productlevel FC.csv"
Available,041020,NAS Götterspeise Mix Box - 6 Sachets + 6 Vanilla Sauce,Jelly,b2b fc dec26,b2b fc,0,2026-12-01,2026-10-01,"Copy of Retail Forecast Model 12mr - 2026 - October 6, 4_50 PM - Productlevel FC.csv"
Available,041101-250,"NAS Sauce - Vanilla,  250g",Vanilla Sauce,b2b fc dec26,b2b fc,0,2026-12-01,2026-10-01,"Copy of Retail Forecast Model 12mr - 2026 - October 6, 4_50 PM - Productlevel FC.csv"
Available,041101-B,"NAS Sauce - Vanilla, Bulk",Bulk,b2b fc dec26,b2b fc,0,2026-12-01,2026-10-01,"Copy of Retail Forecast Model 12mr - 2026 - October 6, 4_50 PM - Productlevel FC.csv"
Available,041101-S,"NAS Sauce - Vanilla, Sachet 25g",Sachet,b2b fc dec26,b2b fc,0,2026-12-01,2026-10-01,"Copy of Retail Forecast Model 12mr - 2026 - October 6, 4_50 PM - Productlevel FC.csv"
Available,041120,"Vanilla Sauce MixBox, 5x25g",Vanilla Sauce,b2b fc dec26,b2b fc,0,2026-12-01,2026-10-01,"Copy of Retail Forecast Model 12mr - 2026 - October 6, 4_50 PM - Productlevel FC.csv"
Available,050101,"Crazy Hazel Nougat Cream Low Sugar, 200g",Spreads,b2b fc dec26,b2b fc,42825,2026-12-01,2026-10-01,"Copy of Retail Forecast Model 12mr - 2026 - October 6, 4_50 PM - Productlevel FC.csv"
Available,050101-B,"Crazy Hazel Nougat Cream Low Sugar, Bucket 20kg",Bulk,b2b fc dec26,b2b fc,0,2026-12-01,2026-10-01,"Copy of Retail Forecast Model 12mr - 2026 - October 6, 4_50 PM - Productlevel FC.csv"
Available,050101-J350,"Crazy Hazel Nougat Cream Low Sugar, 350g",Spreads,b2b fc dec26,b2b fc,0,2026-12-01,2026-10-01,"Copy of Retail Forecast Model 12mr - 2026 - October 6, 4_50 PM - Productlevel FC.csv"
Available,050102,"Crazy Hazel vegan Nougat Cream Low Sugar, 200g",Spreads,b2b fc dec26,b2b fc,9624,2026-12-01,2026-10-01,"Copy of Retail Forecast Model 12mr - 2026 - October 6, 4_50 PM - Productlevel FC.csv"
Available,050102-B,"Crazy Hazel vegan Nougat Cream Low Sugar, Bucket 20kg",Bulk,b2b fc dec26,b2b fc,0,2026-12-01,2026-10-01,"Copy of Retail Forecast Model 12mr - 2026 - October 6, 4_50 PM - Productlevel FC.csv"
Available,050103,"Crazy Hazel White Choco Cream, 200g",Spreads,b2b fc dec26,b2b fc,54131,2026-12-01,2026-10-01,"Copy of Retail Forecast Model 12mr - 2026 - October 6, 4_50 PM - Productlevel FC.csv"
Available,050103-B,"Crazy Hazel White Choco Cream, Bucket 20kg",Bulk,b2b fc dec26,b2b fc,0,2026-12-01,2026-10-01,"Copy of Retail Forecast Model 12mr - 2026 - October 6, 4_50 PM - Productlevel FC.csv"
Available,050103-J350,"Crazy Hazel White Choco Cream, 350g",Spreads,b2b fc dec26,b2b fc,0,2026-12-01,2026-10-01,"Copy of Retail Forecast Model 12mr - 2026 - October 6, 4_50 PM - Productlevel FC.csv"
Available,050104,"Crazy Hazel White Crunchy, 200g",Spreads,b2b fc dec26,b2b fc,328,2026-12-01,2026-10-01,"Copy of Retail Forecast Model 12mr - 2026 - October 6, 4_50 PM - Productlevel FC.csv"
Available,050105,"Crazy Pistacchio, 200g",Spreads,b2b fc dec26,b2b fc,11184,2026-12-01,2026-10-01,"Copy of Retail Forecast Model 12mr - 2026 - October 6, 4_50 PM - Productlevel FC.csv"
Available,050105-B,"Crazy Pistacchio, Bucket 20kg",Bulk,b2b fc dec26,b2b fc,0,2026-12-01,2026-10-01,"Copy of Retail Forecast Model 12mr - 2026 - October 6, 4_50 PM - Productlevel FC.csv"
Available,050105-J350,"Crazy Pistacchio, 350g",Spreads,b2b fc dec26,b2b fc,0,2026-12-01,2026-10-01,"Copy of Retail Forecast Model 12mr - 2026 - October 6, 4_50 PM - Productlevel FC.csv"
Available,050106-1,"Spread Tray Bundle (Normal, White, Pistachio), 6x200g",Spreads,b2b fc dec26,b2b fc,0,2026-12-01,2026-10-01,"Copy of Retail Forecast Model 12mr - 2026 - October 6, 4_50 PM - Productlevel FC.csv"
Available,050107,"Crazy Spekulatius, 200g",Spreads,b2b fc dec26,b2b fc,0,2026-12-01,2026-10-01,"Copy of Retail Forecast Model 12mr - 2026 - October 6, 4_50 PM - Productlevel FC.csv"
Available,050108,"Crunchy Crazy Pistachio, 200g",Spreads,b2b fc dec26,b2b fc,0,2026-12-01,2026-10-01,"Copy of Retail Forecast Model 12mr - 2026 - October 6, 4_50 PM - Productlevel FC.csv"
Available,050109,"Crunchy Crazy Hazel, 200g",Spreads,b2b fc dec26,b2b fc,0,2026-12-01,2026-10-01,"Copy of Retail Forecast Model 12mr - 2026 - October 6, 4_50 PM - Productlevel FC.csv"
Available,050111,"Nut Spread, Crazy Coconut, 200g",Spreads,b2b fc dec26,b2b fc,0,2026-12-01,2026-10-01,"Copy of Retail Forecast Model 12mr - 2026 - October 6, 4_50 PM - Productlevel FC.csv"
Available,050202,ahead Crunchies Crazy Hazel 1x 240g,Cereals,b2b fc dec26,b2b fc,3910,2026-12-01,2026-10-01,"Copy of Retail Forecast Model 12mr - 2026 - October 6, 4_50 PM - Productlevel FC.csv"
Available,050203,ahead Crunchies White Crazy Hazel 1x 240g,Cereals,b2b fc dec26,b2b fc,4329,2026-12-01,2026-10-01,"Copy of Retail Forecast Model 12mr - 2026 - October 6, 4_50 PM - Productlevel FC.csv"
NPD,050204,NAS Cereal - Cinnamon Rings/Hoops ('Cinni Minis'),Cereals,b2b fc dec26,b2b fc,2293,2026-12-01,2026-10-01,"Copy of Retail Forecast Model 12mr - 2026 - October 6, 4_50 PM - Productlevel FC.csv"
NPD,050205,NAS Cereal - Chocolate Rings/Hoops,Cereals,b2b fc dec26,b2b fc,0,2026-12-01,2026-10-01,"Copy of Retail Forecast Model 12mr - 2026 - October 6, 4_50 PM - Productlevel FC.csv"
Available,050207,"Protein Bites, Cocoa Balls, 210g",Cereals,b2b fc dec26,b2b fc,0,2026-12-01,2026-10-01,"Copy of Retail Forecast Model 12mr - 2026 - October 6, 4_50 PM - Productlevel FC.csv"
NPD,050208,NAS/Protein Bites (Cereal) - Tutti Frutti Flavour 210g,Cereals,b2b fc dec26,b2b fc,0,2026-12-01,2026-10-01,"Copy of Retail Forecast Model 12mr - 2026 - October 6, 4_50 PM - Productlevel FC.csv"
Available,050301,"Jam - Strawberry, 200g",Jams,b2b fc dec26,b2b fc,4084,2026-12-01,2026-10-01,"Copy of Retail Forecast Model 12mr - 2026 - October 6, 4_50 PM - Productlevel FC.csv"
Available,050302,"Jam - Raspberry, 200g",Jams,b2b fc dec26,b2b fc,2144,2026-12-01,2026-10-01,"Copy of Retail Forecast Model 12mr - 2026 - October 6, 4_50 PM - Productlevel FC.csv"
Available,050303,"Jam - Black Currant, 200g",Jams,b2b fc dec26,b2b fc,3863,2026-12-01,2026-10-01,"Copy of Retail Forecast Model 12mr - 2026 - October 6, 4_50 PM - Productlevel FC.csv"
Available,050304,"Jam - Cinnamon Plum, 200g",Jams,b2b fc dec26,b2b fc,0,2026-12-01,2026-10-01,"Copy of Retail Forecast Model 12mr - 2026 - October 6, 4_50 PM - Productlevel FC.csv"
Available,050306,"Winter Jam - Sour Cherry, 200g",Jams,b2b fc dec26,b2b fc,0,2026-12-01,2026-10-01,"Copy of Retail Forecast Model 12mr - 2026 - October 6, 4_50 PM - Productlevel FC.csv"
Available,060101,"Marshmallows, Rainbow Swirls, 75g",Candy,b2b fc dec26,b2b fc,21600,2026-12-01,2026-10-01,"Copy of Retail Forecast Model 12mr - 2026 - October 6, 4_50 PM - Productlevel FC.csv"
Available,10503,"Soft Cookies, Lebkuchen Style, 4x40g",,b2b fc dec26,b2b fc,0,2026-12-01,2026-10-01,"Copy of Retail Forecast Model 12mr - 2026 - October 6, 4_50 PM - Productlevel FC.csv"
Available,304020,"Chocolate Advent Calendar, Filled Pralines, 200g",Kalender,b2b fc dec26,b2b fc,0,2026-12-01,2026-10-01,"Copy of Retail Forecast Model 12mr - 2026 - October 6, 4_50 PM - Productlevel FC.csv"
Available,304080,"ahead - Partnerships, MixBox",MixBox,b2b fc dec26,b2b fc,0,2026-12-01,2026-10-01,"Copy of Retail Forecast Model 12mr - 2026 - October 6, 4_50 PM - Productlevel FC.csv"
Available,305040,"ahead - Partnerships, Gummies MixBox",MixBox,b2b fc dec26,b2b fc,0,2026-12-01,2026-10-01,"Copy of Retail Forecast Model 12mr - 2026 - October 6, 4_50 PM - Productlevel FC.csv"
